line_id,posting_date,cost_center,account_name,amount_vnd,memo,document_no
100001,30/04/2025,ST-06,COGS - Food,42047075.0,Weekly COGS Food,INV-06250428
100002,2026-04-26,ST-01,COGS - Beverage,28873128.0,Weekly COGS Beverage,INV-01260420
100003,"Aug 09, 2026",ST-11,Revenue - Food,-66765600.0,Weekly POS sales Food,POS-11260803
100004,2025-01-31,ST-07,Delivery Platform Commission,17932105.0,Delivery aggregator fees,DLV-202501
100005,26/01/2025,ST-02,COGS - Food,58824678.0,Weekly COGS Food,INV-02250120
100006,"Feb 22, 2026",ST-11,Revenue - Merchandise,-33186600.0,Weekly POS sales Merchandise,POS-11260216
100007,2025-08-17,ST-04,Revenue - Merchandise,-50665600.0,Weekly POS sales Merchandise,POS-04250811
100008,"Apr 12, 2026",ST-05,Revenue - Food,-81760000.0,Weekly POS sales Food,POS-05260406
100009,31/05/2026,ST-06,Marketing - Local,12631464.0,Local store marketing,MKT-202605
100010,"Feb 09, 2025",ST-08,Revenue - Beverage,-26644800.0,Weekly POS sales Beverage,POS-08250203
100011,2026-06-30,ST-12,Repairs & Maintenance,16010000.0,R&M,RPM-202606
100012,30/04/2026,ST-04,Rent Expense,68755000.0,Store rent,RNT-202604
100013,2025-06-22,ST-08,COGS - Food,19333043.0,Weekly COGS Food,INV-08250616
100014,"Apr 30, 2026",ST-01,COGS - Food,78034425.0,Weekly COGS Food,INV-01260427
100015,2026-07-31,ST-06,COGS - Food,54170470.0,Weekly COGS Food,INV-06260727
100016,31/07/2026,ST-09,COGS - Beverage,19935000.0,Weekly COGS Beverage,INV-09260727
100017,"Dec 21, 2025",ST-04,COGS - Beverage,28201378.0,Weekly COGS Beverage,INV-04251215
100018,"Apr 30, 2026",ST-09,Payroll - Store Staff,109763259.0,Monthly store payroll,PR-202604
100019,30/04/2025,HQ,Bank Charges,15526000.0,Bank fees,BNK-202504
100020,2026-02-22,ST-11,COGS - Merchandise,24359005.0,Weekly COGS Merchandise,INV-11260216
100021,2025-06-30,ST-07,Depreciation - Store Assets,17360000.0,Monthly depreciation,DEP-202506
100022,"Aug 09, 2026",ST-01,COGS - Food,72220101.0,Weekly COGS Food,INV-01260803
100023,2026-08-31,ST-01,Payroll - Store Staff,224120072.0,Monthly store payroll,PR-202608
100024,2025-09-30,ST-09,Revenue - Beverage,-36149400.0,Weekly POS sales Beverage,POS-09250929
100025,"Feb 08, 2026",ST-07,Revenue - Merchandise,-36142500.0,Weekly POS sales Merchandise,POS-07260202
100026,"Jan 26, 2025",ST-05,COGS - Food,54198665.0,Weekly COGS Food,INV-05250120
100027,"Jun 08, 2025",ST-06,COGS - Food,45855012.0,Weekly COGS Food,INV-06250602
100028,"Mar 07, 2026",ST-03,Revenue - Beverage,-84108000.0,Weekly POS sales Beverage,POS-03260301
100029,2025-06-29,ST-03,COGS - Food,72551907.0,Weekly COGS Food,INV-03250623
100030,26/01/2025,ST-01,Revenue - Food,-114093200.0,Weekly POS sales Food,POS-01250120
100031,2026-03-15,ST-03,COGS - Beverage,27615235.0,Weekly COGS Beverage,INV-03260309
100032,2025-09-21,ST-09,COGS - Merchandise,23719099.0,Weekly COGS Merchandise,INV-09250915
100033,"Jul 12, 2026",ST-10,Revenue - Merchandise,-35245000.0,Weekly POS sales Merchandise,POS-10260706
100034,"Aug 09, 2026",ST-01,COGS - Merchandise,60151684.0,Weekly COGS Merchandise,INV-01260803
100035,2026-06-30,ST-07,Payroll - Store Staff,74054840.0,Monthly store payroll,PR-202606
100036,2025-05-31,ST-04,Delivery Platform Commission,33340802.0,Delivery aggregator fees,DLV-202505
100037,"Jul 12, 2026",ST-08,COGS - Food,26203698.0,Weekly COGS Food,INV-08260706
100038,"Oct 07, 2025",ST-05,Revenue - Food,-77641500.0,Weekly POS sales Food,POS-05251001
100039,"Jul 12, 2026",ST-03,COGS - Food,81254102.0,Weekly COGS Food,INV-03260706
100040,24/08/2025,ST-07,COGS - Beverage,12487491.0,Weekly COGS Beverage,INV-07250818
100041,2026-07-19,ST-09,  COGS - Beverage ,19733472.0,Weekly COGS Beverage,INV-09260713
100042,2025-11-30,ST-06,Marketing - Local,9818034.0,Local store marketing,MKT-202511
100043,30/06/2026,ST-03,Utilities,28127330.0,Electricity & water,UTL-202606
100044,23/08/2026,ST-10,Revenue - Beverage,-36468800.0,Weekly POS sales Beverage,POS-10260817
100045,2026-09-13,ST-11,Revenue - Beverage,-49420800.0,Weekly POS sales Beverage,POS-11260907
100046,"Feb 08, 2026",ST-04,Revenue - Merchandise,-53461100.0,Weekly POS sales Merchandise,POS-04260202
100047,2026-01-25,ST-07,COGS - Food,"37,592,025",Weekly COGS Food,INV-07260119
100048,"Jan 31, 2026",ST-02,Revenue - Food,-99766000.0,Weekly POS sales Food,POS-02260126
100049,15/02/2026,ST-08,COGS - Merchandise,32059180.0,Weekly COGS Merchandise,INV-08260209
100050,"Jan 11, 2026",ST-04,COGS - Food,50588686.0,Weekly COGS Food,INV-04260105
100051,30/08/2026,ST-03,COGS - Merchandise,45448503.0,Weekly COGS Merchandise,INV-03260824
100052,"Jul 12, 2026",ST-02,Revenue - Beverage,"-48,786,000",Weekly POS sales Beverage,POS-02260706
100053,2025-12-14,ST-05,COGS - Beverage,23234011.0,Weekly COGS Beverage,INV-05251208
100054,31/12/2025,ST-06,Revenue - Food,-104335800.0,Weekly POS sales Food,POS-06251229
100055,2026-01-31,ST-05,Revenue - Beverage,-66088100.0,Weekly POS sales Beverage,POS-05260126
100056,2026-09-30,ST-11,Rent Expense,70081000.0,Store rent,RNT-202609
100057,28/12/2025,ST-02,COGS - Beverage,23172495.0,Weekly COGS Beverage,INV-02251222
100058,2025-04-27,ST-04,COGS - Beverage,19259237.0,Weekly COGS Beverage,INV-04250421
100059,"Jan 07, 2026",ST-10,Revenue - Food,-47478000.0,Weekly POS sales Food,POS-10260101
100060,"May 07, 2025",ST-02,Revenue - Beverage,-57547700.0,Weekly POS sales Beverage,POS-02250501
100061,2026-09-27,ST-03,Revenue - Merchandise,-65023100.0,Weekly POS sales Merchandise,POS-03260921
100062,2025-03-16,ST-02,Revenue - Food,-70047800.0,Weekly POS sales Food,POS-02250310
100063,"May 07, 2026",ST-05,COGS - Merchandise,36949634.0,Weekly COGS Merchandise,INV-05260501
100064,24/05/2026,ST-09,COGS - Merchandise,34181089.0,Weekly COGS Merchandise,INV-09260518
100065,31/01/2026,ST-02,COGS - Merchandise,39708650.0,Weekly COGS Merchandise,INV-02260126
100066,30/03/2025,ST-05,Revenue - Food,-74685200.0,Weekly POS sales Food,POS-05250324
100067,30/11/2025,ST-07,Utilities,10280255.0,Electricity & water,UTL-202511
100068,2026-08-30,ST-08,COGS - Merchandise,23578033.0,Weekly COGS Merchandise,INV-08260824
100069,"Oct 31, 2025",ST-10,Store Supplies,1910889.0,Packaging & supplies,SUP-202510
100070,30/11/2025,ST-09,Depreciation - Store Assets,28000000.0,Monthly depreciation,DEP-202511
100071,"May 10, 2026",ST-10,Revenue - Beverage,-37587300.0,Weekly POS sales Beverage,POS-10260504
100072,"Mar 07, 2026",ST-03,Revenue - Food,-125266700.0,Weekly POS sales Food,POS-03260301
100073,"Jul 07, 2025",ST-01,COGS - Food,71275209.0,Weekly COGS Food,INV-01250701
100074,23/02/2025,ST-07,Revenue - Food,-57072500.0,Weekly POS sales Food,POS-07250217
100075,"Mar 09, 2025",ST-05,Revenue - Merchandise,"-36,310,300",Weekly POS sales Merchandise,POS-05250303
100076,"Apr 07, 2026",ST-01,Revenue - Food,-121842500.0,Weekly POS sales Food,POS-01260401
100077,23/08/2026,ST-11,COGS - Beverage,"17,144,470",Weekly COGS Beverage,INV-11260817
100078,"May 31, 2026",ST-11,Rent Expense,68275000.0,Store rent,RNT-202605
100079,2026-06-30,ST-09,Store Supplies,8117071.0,Packaging & supplies,SUP-202606
100080,2025-03-31,ST-06,COGS - Beverage,16038244.0,Weekly COGS Beverage,INV-06250331
100081,"Nov 09, 2025",ST-01,COGS - Food,81092509.0,Weekly COGS Food,INV-01251103
100082,2025-06-15,ST-04,Revenue - Beverage,-49483800.0,Weekly POS sales Beverage,POS-04250609
100083,2026-07-19,ST-07,COGS - Beverage,12689445.0,Weekly COGS Beverage,INV-07260713
100084,"Nov 09, 2025",ST-07,Revenue - Merchandise,-28643100.0,Weekly POS sales Merchandise,POS-07251103
100085,19/10/2025,ST-07,Revenue - Food,-49880600.0,Weekly POS sales Food,POS-07251013
100086,30/06/2025,ST-07,Rent Expense,42414000.0,Store rent,RNT-202506
100087,"May 10, 2026",ST-03,COGS - Food,75625342.0,Weekly COGS Food,INV-03260504
100088,"Oct 07, 2025",ST-10,COGS - Food,15745201.0,Weekly COGS Food,INV-10251001
100089,2025-12-31,ST-10,Revenue - Beverage,-27791500.0,Weekly POS sales Beverage,POS-10251229
100090,"Jul 31, 2026",ST-07,Utilities,9676735.0,Electricity & water,UTL-202607
100091,"Jan 12, 2025",ST-04,Revenue - Food,-91227700.0,Weekly POS sales Food,POS-04250106
100092,2026-04-30,ST-08,Revenue - Beverage,-29971900.0,Weekly POS sales Beverage,POS-08260427
100093,2025-03-30,ST-07,COGS - Beverage,8953189.0,Weekly COGS Beverage,INV-07250324
100094,"Jun 28, 2026",ST-08,COGS - Merchandise,27298699.0,Weekly COGS Merchandise,INV-08260622
100095,"Dec 14, 2025",ST-06,Revenue - Beverage,-68476000.0,Weekly POS sales Beverage,POS-06251208
100096,2026-09-30,ST-06,Delivery Platform Commission,45374996.0,Delivery aggregator fees,DLV-202609
100097,"Mar 08, 2026",ST-06,COGS - Beverage,17018987.0,Weekly COGS Beverage,INV-06260302
100098,"Aug 31, 2026",ST-08,Revenue - Food,-56584500.0,Weekly POS sales Food,POS-08260831
100099,"Sep 07, 2026",ST-05,REVENUE - FOOD,-81958100.0,Weekly POS sales Food,POS-05260901
100100,2025-12-28,ST-05,COGS - Beverage,26185016.0,Weekly COGS Beverage,INV-05251222
100101,"Nov 16, 2025",ST-01,Revenue - Beverage,-81046400.0,Weekly POS sales Beverage,POS-01251110
100102,21/06/2026,ST-02,Revenue - Merchandise,-60828400.0,Weekly POS sales Merchandise,POS-02260615
100103,2026-05-31,ST-10,  COGS - Beverage ,12222724.0,Weekly COGS Beverage,INV-10260525
100104,2025-10-19,ST-08,COGS - Merchandise,18372350.0,Weekly COGS Merchandise,INV-08251013
100105,2025-11-23,ST-06,COGS - Merchandise,33588759.0,Weekly COGS Merchandise,INV-06251117
100106,2025-05-18,ST-04,Revenue - Beverage,-40917000.0,Weekly POS sales Beverage,POS-04250512
100107,2026-06-14,ST-07,Revenue - Food,-54081600.0,Weekly POS sales Food,POS-07260608
100108,2026-05-31,ST-03,Rent Expense,111365000.0,Store rent,RNT-202605
100109,2025-09-14,ST-08,COGS - Beverage,11760928.0,Weekly COGS Beverage,INV-08250908
100110,2025-09-28,ST-07,Revenue - Beverage,-34810500.0,Weekly POS sales Beverage,POS-07250922
100111,2025-01-26,ST-3,COGS - Merchandise,51085073.0,Weekly COGS Merchandise,INV-03250120
100112,"Sep 20, 2026",ST-04,Revenue - Beverage,-49845600.0,Weekly POS sales Beverage,POS-04260914
100113,2025-08-31,ST-04,Store Supplies,9462542.0,Packaging & supplies,SUP-202508
100114,2026-04-30,ST-01,Depreciation - Store Assets,43400000.0,Monthly depreciation,DEP-202604
100115,"Aug 10, 2025",ST-06,Revenue - Merchandise,-42036000.0,Weekly POS sales Merchandise,POS-06250804
100116,"Jun 15, 2025",ST-05,Revenue - Food,-82738800.0,Weekly POS sales Food,POS-05250609
100117,2025-12-31,HQ,Marketing - Brand,95870065.0,Brand campaigns,MKT-HO-202512
100118,2025-03-16,ST-04,Revenue - Merchandise,-38704500.0,Weekly POS sales Merchandise,POS-04250310
100119,2025-11-30,ST-05,Marketing - Local,12401373.0,Local store marketing,MKT-202511
100120,"Oct 12, 2025",ST-08,Revenue - Beverage,-30492000.0,Weekly POS sales Beverage,POS-08251006
100121,2026-03-31,ST-08,COGS - Beverage,11957176.0,Weekly COGS Beverage,INV-08260330
100122,"Nov 16, 2025",ST-03,COGS - Beverage,33115921.0,Weekly COGS Beverage,INV-03251110
100123,2026-02-28,ST-08,Marketing - Local,13442146.0,Local store marketing,MKT-202602
100124,"May 07, 2026",ST-04,Revenue - Food,-79344000.0,Weekly POS sales Food,POS-04260501
100125,30/09/2026,ST-05 ,Depreciation - Store Assets,28000000.0,Monthly depreciation,DEP-202609
100126,23/11/2025,ST-08,Revenue - Beverage,-28991200.0,Weekly POS sales Beverage,POS-08251117
100127,26/01/2025,ST-08,Revenue - Merchandise,-21552500.0,Weekly POS sales Merchandise,POS-08250120
100128,"Jul 07, 2026",ST-11,COGS - Merchandise,27687757.0,Weekly COGS Merchandise,INV-11260701
100129,"Oct 31, 2025",ST-06,Revenue - Beverage,-49662700.0,Weekly POS sales Beverage,POS-06251027
100130,2025-12-28,ST-03,Revenue - Merchandise,-92836800.0,Weekly POS sales Merchandise,POS-03251222
100131,2026-08-23,ST-04 ,Revenue - Beverage,-61267600.0,Weekly POS sales Beverage,POS-04260817
100132,2025-04-13,ST-04,COGS - Beverage,18053022.0,Weekly COGS Beverage,INV-04250407
100133,"Jul 27, 2025",ST-06,COGS - Beverage,21285232.0,Weekly COGS Beverage,INV-06250721
100134,28/02/2026,ST-01,COGS - Food,91735460.0,Weekly COGS Food,INV-01260223
100135,"Jun 07, 2025",ST-09,COGS - Merchandise,24531754.0,Weekly COGS Merchandise,INV-09250601
100136,2025-11-30,HQ,Office Rent & Admin,102983000.0,HO rent & admin,ADM-202511
100137,2026-07-31,ST-07,Marketing - Local,7192571.0,Local store marketing,MKT-202607
100138,"Mar 22, 2026",ST-06,COGS - Merchandise,39446820.0,Weekly COGS Merchandise,INV-06260316
100139,"Nov 09, 2025",ST-06,COGS - Food,47180395.0,Weekly COGS Food,INV-06251103
100140,"Apr 19, 2026",ST-05,Revenue - Beverage,-42462000.0,Weekly POS sales Beverage,POS-05260413
100141,2026-07-26,ST-09,COGS - Merchandise,43809687.0,Weekly COGS Merchandise,INV-09260720
100142,"Jan 19, 2025",ST-07,COGS - Beverage,12850328.0,Weekly COGS Beverage,INV-07250113
100143,2026-06-21,ST-07,COGS - Beverage,13126758.0,Weekly COGS Beverage,INV-07260615
100144,23/08/2026,ST-10,Revenue - Merchandise,-31296000.0,Weekly POS sales Merchandise,POS-10260817
100145,"Feb 08, 2026",ST-03,Revenue - Beverage,-112221200.0,Weekly POS sales Beverage,POS-03260202
100146,2026-06-30,ST-07,COGS - Beverage,13248482.0,Weekly COGS Beverage,INV-07260629
100147,2026-09-13,ST-11,Revenue - Food,-74728800.0,Weekly POS sales Food,POS-11260907
100148,"Oct 12, 2025",ST-06,Revenue - Food,-85786000.0,Weekly POS sales Food,POS-06251006
100149,"Feb 23, 2025",ST-06,Revenue - Beverage,-69467800.0,Weekly POS sales Beverage,POS-06250217
100150,2025-06-30,ST-03,Repairs & Maintenance,8555000.0,R&M,RPM-202506
100151,"Aug 07, 2026",ST-12,COGS - Beverage,8976824.0,Weekly COGS Beverage,INV-12260801
100152,"May 07, 2025",ST-01,COGS - Beverage,25798604.0,Weekly COGS Beverage,INV-01250501
100153,"Jun 07, 2025",ST-08,Revenue - Merchandise,-24801800.0,Weekly POS sales Merchandise,POS-08250601
100154,"Oct 12, 2025",ST-09,COGS - Food,39356239.0,Weekly COGS Food,INV-09251006
100155,"Sep 07, 2026",ST-07,COGS - Food,22226953.0,Weekly COGS Food,INV-07260901
100156,31/12/2025,ST-03,COGS - Merchandise,60139179.0,Weekly COGS Merchandise,INV-03251229
100157,28/02/2025,ST-04,Delivery Platform Commission,33176238.0,Delivery aggregator fees,DLV-202502
100158,30/09/2025,ST-05,Revenue - Food,-89213500.0,Weekly POS sales Food,POS-05250929
100159,2025-01-31,ST-05,Revenue - Beverage,-65193200.0,Weekly POS sales Beverage,POS-05250127
100160,16/03/2025,ST-04,COGS - Beverage,18284258.0,Weekly COGS Beverage,INV-04250310
100161,2026-03-29,ST-01,Revenue - Merchandise,-70946400.0,Weekly POS sales Merchandise,POS-01260323
100162,2025-07-27,ST-05,COGS - Food,50584803.0,Weekly COGS Food,INV-05250721
100163,2025-11-30,ST-01,Delivery Platform Commission,66531748.0,Delivery aggregator fees,DLV-202511
100164,2026-05-24,ST-08,Revenue - Merchandise,"-32,264,200",Weekly POS sales Merchandise,POS-08260518
100165,2025-07-20,ST-07,COGS - Food,27146752.0,Weekly COGS Food,INV-07250714
100166,"Jul 07, 2026",ST-11,Revenue - Food,-67419000.0,Weekly POS sales Food,POS-11260701
100167,19/07/2026,ST-10,Revenue - Merchandise,-33303600.0,Weekly POS sales Merchandise,POS-10260713
100168,"Mar 08, 2026",ST-01,Revenue - Merchandise,-78009600.0,Weekly POS sales Merchandise,POS-01260302
100169,"Feb 07, 2026",ST-04,COGS - Merchandise,42708364.0,Weekly COGS Merchandise,INV-04260201
100170,"Apr 30, 2026",,Revenue - Beverage,-53472700.0,Weekly POS sales Beverage,POS-05260427
100171,2025-02-16,ST-01,Revenue - Merchandise,-72804200.0,Weekly POS sales Merchandise,POS-01250210
100172,"Oct 31, 2025",ST-04,COGS - Food,42483163.0,Weekly COGS Food,INV-04251027
100173,"May 07, 2025",ST-06,COGS - Merchandise,35844257.0,Weekly COGS Merchandise,INV-06250501
100174,2025-11-30,ST-04,Utilities,16318066.0,Electricity & water,UTL-202511
100175,2025-04-27,ST-09,COGS - Beverage,10089464.0,Weekly COGS Beverage,INV-09250421
100176,2025-04-13,ST-05,COGS - Beverage,16629779.0,Weekly COGS Beverage,INV-05250407
100177,21/12/2025,ST-02,COGS - Merchandise,39425323.0,Weekly COGS Merchandise,INV-02251215
100178,31/03/2026,ST-05,Marketing - Local,12885442.0,Local store marketing,MKT-202603
100179,"Apr 12, 2026",ST-11,Revenue - Beverage,-32939200.0,Weekly POS sales Beverage,POS-11260406
100180,"Sep 07, 2026",ST-01,Revenue - Merchandise,-69820400.0,Weekly POS sales Merchandise,POS-01260901
100181,2025-07-27,ST-02,Revenue - Food,-75735000.0,Weekly POS sales Food,POS-02250721
100182,2026-07-31,ST-04,Utilities,20408027.0,Electricity & water,UTL-202607
100183,2025-03-30,ST-06,Revenue - Food,-76012800.0,Weekly POS sales Food,POS-06250324
100184,"Jul 07, 2026",ST-12,Revenue - Merchandise,-22740800.0,Weekly POS sales Merchandise,POS-12260701
100185,"Aug 30, 2026",ST-06,Revenue - Merchandise,-44377500.0,Weekly POS sales Merchandise,POS-06260824
100186,"Nov 07, 2025",ST-10,Revenue - Beverage,-23324000.0,Weekly POS sales Beverage,POS-10251101
100187,"Feb 08, 2026",ST-08,Revenue - Merchandise,-36633800.0,Weekly POS sales Merchandise,POS-08260202
100188,"Feb 15, 2026",ST-06,Revenue - Merchandise,-58372500.0,Weekly POS sales Merchandise,POS-06260209
100189,2026-08-31,ST-05,Payroll - Store Staff,148014773.0,Monthly store payroll,PR-202608
100190,2026-04-26,ST-07,COGS - Beverage,12092835.0,Weekly COGS Beverage,INV-07260420
100191,"Feb 08, 2026",ST-09,Revenue - Beverage,-70324800.0,Weekly POS sales Beverage,POS-09260202
100192,2025-09-28,ST-04,COGS - Merchandise,29097793.0,Weekly COGS Merchandise,INV-04250922
100193,"Sep 07, 2026",ST-07,Revenue - Beverage,-30377600.0,Weekly POS sales Beverage,POS-07260901
100194,2025-11-23,ST-10,Revenue - Food,-32933200.0,Weekly POS sales Food,POS-10251117
100195,20/09/2026,ST-08,Revenue - Merchandise,-35211000.0,Weekly POS sales Merchandise,POS-08260914
100196,2025-04-20,ST-08,Revenue - Merchandise,-22083600.0,Weekly POS sales Merchandise,POS-08250414
100197,2025-02-28,ST-03,Revenue - Merchandise,-84723000.0,Weekly POS sales Merchandise,POS-03250224
100198,2025-08-31,ST-04,Utilities,17464354.0,Electricity & water,UTL-202508
100199,"Apr 07, 2026",ST-04,COGS - Beverage,20144531.0,Weekly COGS Beverage,INV-04260401
100200,2026-07-26,ST-08,COGS - Merchandise,21066711.0,Weekly COGS Merchandise,INV-08260720
100201,2026-06-30,ST-04,Revenue - Beverage,-66996000.0,Weekly POS sales Beverage,POS-04260629
100202,"Jul 26, 2026",ST-04,Revenue - Food,-83051400.0,Weekly POS sales Food,POS-04260720
100203,"Jan 12, 2025",ST-03,Revenue - Merchandise,-83067600.0,Weekly POS sales Merchandise,POS-03250106
100204,"Sep 07, 2026",ST-07,COGS - Merchandise,23087812.0,Weekly COGS Merchandise,INV-07260901
100205,19/04/2026,ST-02,COGS - Food,45807029.0,Weekly COGS Food,INV-02260413
100206,"Jun 30, 2025",ST-05,Depreciation - Store Assets,28000000.0,Monthly depreciation,DEP-202506
100207,2026-01-31,ST-02,Utilities,18686641.0,Electricity & water,UTL-202601
100208,"Oct 07, 2025",ST-03,COGS - Merchandise,51326715.0,Weekly COGS Merchandise,INV-03251001
100209,"Aug 31, 2026",ST-09,Store Supplies,9588783.0,Packaging & supplies,SUP-202608
100210,30/08/2026,ST-05,Revenue - Beverage,-54398400.0,Weekly POS sales Beverage,POS-05260824
100211,"Mar 09, 2025",ST-05,COGS - Beverage,17511087.0,Weekly COGS Beverage,INV-05250303
100212,2025-07-13,ST-8,Revenue - Beverage,-29406000.0,Weekly POS sales Beverage,POS-08250707
100213,30/04/2026,ST-11,Depreciation - Store Assets,28000000.0,Monthly depreciation,DEP-202604
100214,2026-08-31,ST-12,COGS - Merchandise,15311727.0,Weekly COGS Merchandise,INV-12260831
100215,16/08/2026,ST-11,Revenue - Merchandise,-44508100.0,Weekly POS sales Merchandise,POS-11260810
100216,2025-07-31,ST-08,Rent Expense,42820000.0,Store rent,RNT-202507
100217,"Dec 07, 2025",ST-01,Revenue - Food,-165214500.0,Weekly POS sales Food,POS-01251201
100218,"Feb 28, 2025",ST-07,  Revenue - Food ,-56452500.0,Weekly POS sales Food,POS-07250224
100219,20/04/2025,ST-05,Revenue - Beverage,-45485700.0,Weekly POS sales Beverage,POS-05250414
100220,2025-10-31,ST-04,Rent Expense,"68,155,000",Store rent,RNT-202510
100221,2026-05-24,ST-11,COGS - Beverage,13314317.0,Weekly COGS Beverage,INV-11260518
100222,17/08/2025,ST-01,Revenue - Beverage,-71930400.0,Weekly POS sales Beverage,POS-01250811
100223,16/03/2025,ST-07,COGS - Merchandise,13507759.0,Weekly COGS Merchandise,INV-07250310
100224,2026-03-22,ST-08,Revenue - Beverage,-28153200.0,Weekly POS sales Beverage,POS-08260316
100225,"Jan 07, 2026",ST-09,Revenue - Merchandise,-59994900.0,Weekly POS sales Merchandise,POS-09260101
100226,"Sep 07, 2026",ST-06,Revenue - Beverage,-53095000.0,Weekly POS sales Beverage,POS-06260901
100227,2026-08-31,ST-06,Store Supplies,13927814.0,Packaging & supplies,SUP-202608
100228,2025-12-31,ST-02,Repairs & Maintenance,6444000.0,R&M,RPM-202512
100229,"Mar 31, 2026",ST-10,Payroll - Store Staff,62286065.0,Monthly store payroll,PR-202603
100230,31/01/2026,ST-07,Repairs & Maintenance,8932000.0,R&M,RPM-202601
100231,2025-07-20,ST-05,COGS - Beverage,19931924.0,Weekly COGS Beverage,INV-05250714
100232,30/06/2026,ST-05,Marketing - Local,13097758.0,Local store marketing,MKT-202606
100233,"Mar 31, 2025",ST-08,Revenue - Food,-37843200.0,Weekly POS sales Food,POS-08250331
100234,"Jul 07, 2025",ST-09,Revenue - Beverage,"-38,512,500",Weekly POS sales Beverage,POS-09250701
100235,"Apr 07, 2025",ST-06,Revenue - Food,"-76,342,800",Weekly POS sales Food,POS-06250401
100236,2025-06-30,ST-01,COGS - Merchandise,57205264.0,Weekly COGS Merchandise,INV-01250630
100237,"Aug 07, 2025",ST-10,COGS - Food,16105673.0,Weekly COGS Food,INV-10250801
100238,2025-11-23,ST-01,Revenue - Food,-122590000.0,Weekly POS sales Food,POS-01251117
100239,2026-01-31,ST-02,Repairs & Maintenance,13561000.0,R&M,RPM-202601
100240,2026-01-25,ST-07,Revenue - Merchandise,-36320000.0,Weekly POS sales Merchandise,POS-07260119
100241,19/04/2026,ST-10,Revenue - Beverage,-28782000.0,Weekly POS sales Beverage,POS-10260413
100242,2025-11-23,ST-06,COGS - Food,56188554.0,Weekly COGS Food,INV-06251117
100243,"Sep 07, 2025",ST-01,Revenue - Food,-116049900.0,Weekly POS sales Food,POS-01250901
100244,"Nov 30, 2025",ST-05,Revenue - Beverage,-50433600.0,Weekly POS sales Beverage,POS-05251124
100245,2025-07-20,ST-07,COGS - Beverage,10942518.0,Weekly COGS Beverage,INV-07250714
100246,"Jun 08, 2025",ST-01,COGS - Beverage,27812552.0,Weekly COGS Beverage,INV-01250602
100247,"Apr 07, 2025",ST-05,Revenue - Merchandise,-44721600.0,Weekly POS sales Merchandise,POS-05250401
100248,31/08/2026,ST-01,Revenue - Beverage,-82871100.0,Weekly POS sales Beverage,POS-01260831
100249,"Aug 31, 2025",ST-02,Repairs & Maintenance,8975000.0,R&M,RPM-202508
100250,"Jun 22, 2025",ST-05,Revenue - Beverage,-48084800.0,Weekly POS sales Beverage,POS-05250616
100251,29/03/2026,ST-07,Revenue - Food,-45555800.0,Weekly POS sales Food,POS-07260323
100252,2026-09-30,ST-03,COGS - Merchandise,57010423.0,Weekly COGS Merchandise,INV-03260928
100253,2026-08-16,ST-08,COGS - Merchandise,26106233.0,Weekly COGS Merchandise,INV-08260810
100254,2025-10-26,ST-10,Revenue - Food,-33176700.0,Weekly POS sales Food,POS-10251020
100255,22/03/2026,ST-11,COGS - Food,22616226.0,Weekly COGS Food,INV-11260316
100256,30/09/2026,ST-12,Depreciation - Store Assets,17360000.0,Monthly depreciation,DEP-202609
100257,"Jul 31, 2026",ST-08,Marketing - Local,7475562.0,Local store marketing,MKT-202607
100258,2025-08-17,ST-04,Revenue - Food,-76396000.0,Weekly POS sales Food,POS-04250811
100259,2025-04-30,ST-03,Rent Expense,102719000.0,Store rent,RNT-202504
100260,24/05/2026,ST-06,Revenue - Merchandise,-48609500.0,Weekly POS sales Merchandise,POS-06260518
100261,2026-06-14,ST-02,COGS - Food,48836448.0,Weekly COGS Food,INV-02260608
100262,2026-09-30,ST-07,Revenue - Merchandise,-32012500.0,Weekly POS sales Merchandise,POS-07260928
100263,"Aug 23, 2026",ST-08,COGS - Beverage,10484309.0,Weekly COGS Beverage,INV-08260817
100264,"Aug 07, 2025",ST-05,Revenue - Beverage,-53629600.0,Weekly POS sales Beverage,POS-05250801
100265,31/08/2026,ST-06,Rent Expense,68231000.0,Store rent,RNT-202608
100266,2026-06-28,ST-11,Revenue - Merchandise,-35998800.0,Weekly POS sales Merchandise,POS-11260622
100267,2026-06-30,ST-03,Delivery Platform Commission,43828874.0,Delivery aggregator fees,DLV-202606
100268,"Jan 12, 2025",ST-08,COGS - Food,22795703.0,Weekly COGS Food,INV-08250106
100269,2025-03-31,ST-01,Payroll - Store Staff,166214137.0,Monthly store payroll,PR-202503
100270,"Feb 07, 2026",ST-06,Revenue - Merchandise,-57417500.0,Weekly POS sales Merchandise,POS-06260201
100271,20/09/2026,ST-05,COGS - Beverage,19507012.0,Weekly COGS Beverage,INV-05260914
100272,2025-09-21,ST-06,Revenue - Merchandise,-40439700.0,Weekly POS sales Merchandise,POS-06250915
100273,"Sep 20, 2026",ST-07,Revenue - Beverage,-34640800.0,Weekly POS sales Beverage,POS-07260914
100274,30/09/2026,ST-11,Delivery Platform Commission,34562588.0,Delivery aggregator fees,DLV-202609
100275,"Mar 22, 2026",ST-02,Revenue - Food,-90875000.0,Weekly POS sales Food,POS-02260316
100276,2025-09-30,ST-02,COGS - Merchandise,33749774.0,Weekly COGS Merchandise,INV-02250929
100277,"Jun 07, 2026",ST-07,Revenue - Merchandise,-31639600.0,Weekly POS sales Merchandise,POS-07260601
100278,"Jul 07, 2025",ST-05,Revenue - Merchandise,-43104600.0,Weekly POS sales Merchandise,POS-05250701
100279,"May 10, 2026",ST-10,REVENUE - MERCHANDISE,-34550400.0,Weekly POS sales Merchandise,POS-10260504
100280,2025-09-30,ST-02,Revenue - Merchandise,"-47,339,400",Weekly POS sales Merchandise,POS-02250929
100281,2026-09-20,ST-01,COGS - Food,66223002.0,Weekly COGS Food,INV-01260914
100282,"Sep 07, 2026",ST-04,COGS - Food,47229272.0,Weekly COGS Food,INV-04260901
100283,2026-02-22,ST-09,Revenue - Beverage,-66019200.0,Weekly POS sales Beverage,POS-09260216
100284,13/04/2025,ST-07,COGS - Food,26148454.0,Weekly COGS Food,INV-07250407
100285,2026-05-24,ST-10,COGS - Food,24363410.0,Weekly COGS Food,INV-10260518
100286,2025-10-19,ST-09,Revenue - Beverage,-38739000.0,Weekly POS sales Beverage,POS-09251013
100287,"May 31, 2026",ST-08,Store Supplies,"4,364,107",Packaging & supplies,SUP-202605
100288,29/06/2025,ST-03,Revenue - Food,-127391200.0,Weekly POS sales Food,POS-03250623
100289,"Aug 09, 2026",ST-10,COGS - Beverage,10951491.0,Weekly COGS Beverage,INV-10260803
100290,"Jun 07, 2026",ST-11,COGS - Beverage,15388268.0,Weekly COGS Beverage,INV-11260601
100291,28/02/2026,ST-11,Delivery Platform Commission,21037697.0,Delivery aggregator fees,DLV-202602
100292,2025-01-31,ST-08,Revenue - Beverage,-23874000.0,Weekly POS sales Beverage,POS-08250127
100293,"Sep 30, 2025",ST-03,Store Supplies,10704629.0,Packaging & supplies,SUP-202509
100294,17/05/2026,ST-11,Revenue - Merchandise,-31287900.0,Weekly POS sales Merchandise,POS-11260511
100295,2025-05-31,ST-03,Delivery Platform Commission,62836346.0,Delivery aggregator fees,DLV-202505
100296,30/06/2025,ST-02,Delivery Platform Commission,44157641.0,Delivery aggregator fees,DLV-202506
100297,2026-06-21,ST-12,COGS - Merchandise,13797993.0,Weekly COGS Merchandise,INV-12260615
100298,"Feb 07, 2025",ST-08,Revenue - Beverage,-23906500.0,Weekly POS sales Beverage,POS-08250201
100299,"May 10, 2026",ST-06,Revenue - Food,-69500800.0,Weekly POS sales Food,POS-06260504
100300,"Jul 19, 2026",ST-11,COGS - Merchandise,29482667.0,Weekly COGS Merchandise,INV-11260713
100301,"Jan 11, 2026",ST-05,COGS - Merchandise,40061818.0,Weekly COGS Merchandise,INV-05260105
100302,2026-06-14,ST-02,Revenue - Beverage,-57351600.0,Weekly POS sales Beverage,POS-02260608
100303,"May 07, 2025",ST-02,COGS - Food,49226287.0,Weekly COGS Food,INV-02250501
100304,"Apr 07, 2026",ST-11,COGS - Beverage,12794962.0,Weekly COGS Beverage,INV-11260401
100305,"Jul 07, 2026",ST-07,COGS - Merchandise,24576660.0,Weekly COGS Merchandise,INV-07260701
100306,27/04/2025,ST-08,Revenue - Food,-30411000.0,Weekly POS sales Food,POS-08250421
100307,"Jun 07, 2026",ST-05,COGS - Merchandise,"31,313,680",Weekly COGS Merchandise,INV-05260601
100308,2026-03-15,ST-06,COGS - Merchandise,37211068.0,Weekly COGS Merchandise,INV-06260309
100309,30/06/2025,ST-04,Marketing - Local,"17,807,441",Local store marketing,MKT-202506
100310,"Aug 07, 2026",ST-07,COGS - Food,30315667.0,Weekly COGS Food,INV-07260801
100311,2026-04-19,ST-08,COGS - Food,28022251.0,Weekly COGS Food,INV-08260413
100312,28/02/2025,ST-04,COGS - Beverage,22426205.0,Weekly COGS Beverage,INV-04250224
100313,"May 11, 2025",ST-05,Revenue - Beverage,-44889600.0,Weekly POS sales Beverage,POS-05250505
100314,2025-02-28,ST-07,Revenue - Beverage,-35914500.0,Weekly POS sales Beverage,POS-07250224
100315,30/06/2026,ST-08,COGS - Merchandise,23793769.0,Weekly COGS Merchandise,INV-08260629
100316,"Jan 11, 2026",ST-04,COGS - Beverage,21893555.0,Weekly COGS Beverage,INV-04260105
100317,31/07/2025,ST-09,COGS - Merchandise,24593611.0,Weekly COGS Merchandise,INV-09250728
100318,31/05/2026,ST-10,Payroll - Store Staff,66553345.0,Monthly store payroll,PR-202605
100319,2025-03-31,ST-07,Marketing - Local,3837677.0,Local store marketing,MKT-202503
100320,"Jun 30, 2026",ST-01,  Utilities ,31899195.0,Electricity & water,UTL-202606
100321,2025-08-31,ST-06,Repairs & Maintenance,9172000.0,R&M,RPM-202508
100322,"Nov 07, 2025",ST-08,COGS - Food,28094958.0,Weekly COGS Food,INV-08251101
100323,"Mar 07, 2025",ST-01,Revenue - Beverage,-72598900.0,Weekly POS sales Beverage,POS-01250301
100324,"Aug 17, 2025",ST-08,COGS - Beverage,10059078.0,Weekly COGS Beverage,INV-08250811
100325,"Sep 07, 2026",ST-09,Revenue - Merchandise,-50782500.0,Weekly POS sales Merchandise,POS-09260901
100326,31/07/2025,ST-02,Store Supplies,7043028.0,Packaging & supplies,SUP-202507
100327,27/04/2025,ST-09,Revenue - Food,-39550500.0,Weekly POS sales Food,POS-09250421
100328,"Jul 07, 2026",ST-11,Revenue - Merchandise,-39250200.0,Weekly POS sales Merchandise,POS-11260701
100329,2026-07-26,ST-12,Revenue - Merchandise,-20296000.0,Weekly POS sales Merchandise,POS-12260720
100330,25/05/2025,ST-02,COGS - Merchandise,36770586.0,Weekly COGS Merchandise,INV-02250519
100331,31/07/2026,ST-11,STORE SUPPLIES,7728519.0,Packaging & supplies,SUP-202607
100332,2026-01-31,ST-09,Depreciation - Store Assets,28000000.0,Monthly depreciation,DEP-202601
100333,27/07/2025,ST-04,COGS - Beverage,16474829.0,Weekly COGS Beverage,INV-04250721
100334,29/03/2026,ST-10,COGS - Beverage,11179746.0,Weekly COGS Beverage,INV-10260323
100335,2025-10-31,ST-05,Payroll - Store Staff,104599084.0,Monthly store payroll,PR-202510
100336,"Jan 12, 2025",ST-04,COGS - Food,"52,227,076",Weekly COGS Food,INV-04250106
100337,"Jun 08, 2025",ST-09,Revenue - Food,-49041300.0,Weekly POS sales Food,POS-09250602
100338,15/06/2025,ST-06,COGS - Beverage,21427853.0,Weekly COGS Beverage,INV-06250609
100339,26/01/2025,ST-08,COGS - Beverage,8938715.0,Weekly COGS Beverage,INV-08250120
100340,"Mar 07, 2026",ST-11,Revenue - Merchandise,-26769600.0,Weekly POS sales Merchandise,POS-11260301
100341,31/05/2025,ST-08,COGS - Merchandise,16253554.0,Weekly COGS Merchandise,INV-08250526
100342,2025-01-31,ST-06,COGS - Beverage,20787899.0,Weekly COGS Beverage,INV-06250127
100343,30/09/2026,ST-09,COGS - Food,50960604.0,Weekly COGS Food,INV-09260928
100344,30/06/2026,ST-10,Revenue - Beverage,-40484000.0,Weekly POS sales Beverage,POS-10260629
100345,2026-07-31,ST-06,Payroll - Store Staff,118492289.0,Monthly store payroll,PR-202607
100346,"Nov 09, 2025",ST-06,COGS - Merchandise,36111142.0,Weekly COGS Merchandise,INV-06251103
100347,2025-06-30,ST-08,Delivery Platform Commission,27255559.0,Delivery aggregator fees,DLV-202506
100348,31/08/2026,ST-05,Delivery Platform Commission,52586849.0,Delivery aggregator fees,DLV-202608
100349,2026-09-27,ST-01,Revenue - Merchandise,-80823000.0,Weekly POS sales Merchandise,POS-01260921
100350,2025-11-23,ST-03,COGS - Beverage,36617530.0,Weekly COGS Beverage,INV-03251117
100351,"Feb 08, 2026",ST-11,Revenue - Beverage,-42333200.0,Weekly POS sales Beverage,POS-11260202
100352,"Sep 07, 2026",ST-11,COGS - Food,53579538.0,Weekly COGS Food,INV-11260901
100353,"Aug 10, 2025",ST-06,Revenue - Beverage,-47334000.0,Weekly POS sales Beverage,POS-06250804
100354,"Dec 07, 2025",ST-06,COGS - Beverage,23533186.0,Weekly COGS Beverage,INV-06251201
100355,2026-08-30,ST-10,COGS - Food,33766239.0,Weekly COGS Food,INV-10260824
100356,"Jan 11, 2026",ST-05,Revenue - Beverage,-60114600.0,Weekly POS sales Beverage,POS-05260105
100357,2025-04-30,ST-05,COGS - Merchandise,31239220.0,Weekly COGS Merchandise,INV-05250428
100358,31/10/2025,ST-04,Revenue - Merchandise,-56510400.0,Weekly POS sales Merchandise,POS-04251027
100359,2026-06-30,ST-03,Depreciation - Store Assets,"43,400,000",Monthly depreciation,DEP-202606
100360,"Sep 07, 2025",ST-09,Revenue - Food,-63218400.0,Weekly POS sales Food,POS-09250901
100361,30/09/2025,ST-09,Utilities,14940719.0,Electricity & water,UTL-202509
100362,2026-03-15,ST-09,COGS - Merchandise,31945947.0,Weekly COGS Merchandise,INV-09260309
100363,"May 25, 2025",ST-04 ,COGS - Food,49108637.0,Weekly COGS Food,INV-04250519
100364,2026-09-20,ST-05,Revenue - Beverage,-51737700.0,Weekly POS sales Beverage,POS-05260914
100365,2025-05-31,ST-08,Payroll - Store Staff,48929621.0,Monthly store payroll,PR-202505
100366,"Nov 09, 2025",ST-03,Revenue - Beverage,-79632000.0,Weekly POS sales Beverage,POS-03251103
100367,2025-06-30,ST-04,Utilities,17312710.0,Electricity & water,UTL-202506
100368,31/10/2025,ST-03,COGS - Food,76396574.0,Weekly COGS Food,INV-03251027
100369,2025-09-21,ST-09,Revenue - Beverage,-38740800.0,Weekly POS sales Beverage,POS-09250915
100370,2025-05-18,ST-07,COGS - Food,25636953.0,Weekly COGS Food,INV-07250512
100371,"Mar 07, 2025",ST-02,Revenue - Food,-82702200.0,Weekly POS sales Food,POS-02250301
100372,29/06/2025,ST-08,Revenue - Beverage,-35088900.0,Weekly POS sales Beverage,POS-08250623
100373,2025-09-28,ST-05,COGS - Beverage,21513550.0,Weekly COGS Beverage,INV-05250922
100374,2026-09-30,ST-10,  Revenue - Beverage ,"-32,851,200",Weekly POS sales Beverage,POS-10260928
100375,"Jun 21, 2026",ST-01,COGS - Merchandise,56966661.0,Weekly COGS Merchandise,INV-01260615
100376,2025-10-26,ST-05,Revenue - Merchandise,-52777000.0,Weekly POS sales Merchandise,POS-05251020
100377,30/06/2025,ST-01,Revenue - Merchandise,-76422900.0,Weekly POS sales Merchandise,POS-01250630
100378,2025-01-31,ST-04,Revenue - Food,-93635800.0,Weekly POS sales Food,POS-04250127
100379,"Jun 08, 2025",ST-03,Revenue - Beverage,-75122300.0,Weekly POS sales Beverage,POS-03250602
100380,"Aug 10, 2025",ST-09,COGS - Beverage,13758059.0,Weekly COGS Beverage,INV-09250804
100381,2026-08-30,ST-06,Revenue - Food,-83895000.0,Weekly POS sales Food,POS-06260824
100382,30/09/2026,ST-05,Store Supplies,9015388.0,Packaging & supplies,SUP-202609
100383,"Jun 07, 2026",ST-12,COGS - Beverage,7322784.0,Weekly COGS Beverage,INV-12260601
100384,2026-06-30,ST-11,Revenue - Merchandise,-36377200.0,Weekly POS sales Merchandise,POS-11260629
100385,2025-07-31,ST-04,Depreciation - Store Assets,28000000.0,Monthly depreciation,DEP-202507
100386,2025-09-21,ST-10,Revenue - Food,-27694500.0,Weekly POS sales Food,POS-10250915
100387,"Jul 12, 2026",ST-11,Revenue - Merchandise,-38854200.0,Weekly POS sales Merchandise,POS-11260706
100388,30/11/2025,HQ,Marketing - Brand,109219713.0,Brand campaigns,MKT-HO-202511
100389,30/06/2026,ST-08,  Revenue - Merchandise ,-32034600.0,Weekly POS sales Merchandise,POS-08260629
100390,"Jun 21, 2026",ST-03,Revenue - Beverage,-104447000.0,Weekly POS sales Beverage,POS-03260615
100391,"Nov 30, 2025",ST-06,Revenue - Beverage,-56686300.0,Weekly POS sales Beverage,POS-06251124
100392,"Jan 07, 2026",ST-07,Revenue - Merchandise,-32344900.0,Weekly POS sales Merchandise,POS-07260101
100393,2025-03-31,ST-03,Marketing - Local,24202757.0,Local store marketing,MKT-202503
100394,2026-04-19,ST-10,COGS - Merchandise,16765945.0,Weekly COGS Merchandise,INV-10260413
100395,30/04/2026,ST-10,Rent Expense,"42,145,000",Store rent,RNT-202604
100396,28/02/2026,ST-10,Store Supplies,4108619.0,Packaging & supplies,SUP-202602
100397,17/05/2026,ST-08,COGS - Beverage,11731291.0,Weekly COGS Beverage,INV-08260511
100398,"Feb 07, 2025",ST-03,Revenue - Food,-135372600.0,Weekly POS sales Food,POS-03250201
100399,2025-10-31,ST-05,Store Supplies,7075057.0,Packaging & supplies,SUP-202510
100400,"Apr 12, 2026",ST-07,Revenue - Merchandise,-23128000.0,Weekly POS sales Merchandise,POS-07260406
100401,2025-07-31,ST-09,Rent Expense,67985000.0,Store rent,RNT-202507
100402,"Jul 12, 2026",ST-05,Revenue - Merchandise,-45623700.0,Weekly POS sales Merchandise,POS-05260706
100403,31/08/2025,ST-03,COGS - Merchandise,47909960.0,Weekly COGS Merchandise,INV-03250825
100404,2026-01-31,ST-07,Delivery Platform Commission,37687378.0,Delivery aggregator fees,DLV-202601
100405,"Jul 26, 2026",ST-09,Revenue - Beverage,-60750400.0,Weekly POS sales Beverage,POS-09260720
100406,2025-10-31,ST-05,COGS - Merchandise,36971303.0,Weekly COGS Merchandise,INV-05251027
100407,2025-01-31,ST-05,Payroll - Store Staff,123783530.0,Monthly store payroll,PR-202501
100408,"Dec 14, 2025",ST-02,Revenue - Beverage,-66938300.0,Weekly POS sales Beverage,POS-02251208
100409,24/05/2026,ST-07,  COGS - Beverage ,13870141.0,Weekly COGS Beverage,INV-07260518
100410,"Aug 09, 2026",ST-01,COGS - Beverage,32365243.0,Weekly COGS Beverage,INV-01260803
100411,"Mar 07, 2026",ST-11,COGS - Beverage,10342635.0,Weekly COGS Beverage,INV-11260301
100412,28/02/2026,ST-02,Depreciation - Store Assets,28000000.0,Monthly depreciation,DEP-202602
100413,2025-10-31,ST-07,Revenue - Merchandise,-28892000.0,Weekly POS sales Merchandise,POS-07251027
100414,"Feb 16, 2025",ST-01,COGS - Food,82656218.0,Weekly COGS Food,INV-01250210
100415,31/08/2025,ST-08,Store Supplies,6824210.0,Packaging & supplies,SUP-202508
100416,2026-01-31,ST-05,Store Supplies,9342626.0,Packaging & supplies,SUP-202601
100417,"Feb 07, 2025",ST-07,Revenue - Food,-55641600.0,Weekly POS sales Food,POS-07250201
100418,2026-01-31,ST-06,Store Supplies,11754582.0,Packaging & supplies,SUP-202601
100419,"Mar 31, 2026",ST-01,COGS - Food,63382972.0,Weekly COGS Food,INV-01260330
100420,2026-01-25,ST-08,COGS - Beverage,14156478.0,Weekly COGS Beverage,INV-08260119
100421,"Apr 07, 2025",ST-09,COGS - Beverage,9338435.0,Weekly COGS Beverage,INV-09250401
100422,"Nov 09, 2025",ST-09,Revenue - Food,-81115600.0,Weekly POS sales Food,POS-09251103
100423,"Jun 22, 2025",ST-03,COGS - Merchandise,55503154.0,Weekly COGS Merchandise,INV-03250616
100424,2025-01-31,ST-08,Delivery Platform Commission,17873932.0,Delivery aggregator fees,DLV-202501
100425,"Oct 07, 2025",ST-09,Revenue - Merchandise,-42955200.0,Weekly POS sales Merchandise,POS-09251001
100426,"Mar 07, 2026",ST-04,Revenue - Merchandise,-44068000.0,Weekly POS sales Merchandise,POS-04260301
100427,2025-07-20,ST-02,COGS - Merchandise,38194779.0,Weekly COGS Merchandise,INV-02250714
100428,2025-03-30,ST-03,Revenue - Food,-109658500.0,Weekly POS sales Food,POS-03250324
100429,2025-12-31,HQ,Interest Expense,171524000.0,Loan interest,INT-202512
100430,2026-08-31,ST-09,COGS - Merchandise,40097228.0,Weekly COGS Merchandise,INV-09260831
100431,"Aug 31, 2026",ST-04,Store Supplies,10243315.0,Packaging & supplies,SUP-202608
100432,28/02/2025,ST-08,Revenue - Food,-44012800.0,Weekly POS sales Food,POS-08250224
100433,"Apr 12, 2026",ST-02,COGS - Food,47599020.0,Weekly COGS Food,INV-02260406
100434,25/05/2025,ST-09,Revenue - Merchandise,-31372000.0,Weekly POS sales Merchandise,POS-09250519
100435,"Oct 31, 2025",ST-02,Revenue - Beverage,-52769600.0,Weekly POS sales Beverage,POS-02251027
100436,2025-07-31,HQ,Marketing - Brand,128940022.0,Brand campaigns,MKT-HO-202507
100437,2026-06-30,ST-06,Payroll - Store Staff,130362561.0,Monthly store payroll,PR-202606
100438,2025-03-30,ST-03,COGS - Beverage,19308446.0,Weekly COGS Beverage,INV-03250324
100439,"Feb 07, 2025",ST-05,Revenue - Beverage,-60628400.0,Weekly POS sales Beverage,POS-05250201
100440,2026-08-31,ST-10,Rent Expense,42974000.0,Store rent,RNT-202608
100441,2026-05-31,ST-06,Revenue - Food,-86076300.0,Weekly POS sales Food,POS-06260525
100442,28/02/2026,ST-02,Delivery Platform Commission,61238401.0,Delivery aggregator fees,DLV-202602
100443,"Jul 13, 2025",ST-06,Revenue - Beverage,-56649700.0,Weekly POS sales Beverage,POS-06250707
100444,31/07/2025,HQ,Interest Expense,193930000.0,Loan interest,INT-202507
100445,"Dec 31, 2025",ST-09,Utilities,18676383.0,Electricity & water,UTL-202512
100446,30/09/2026,ST-10,COGS - Food,31271483.0,Weekly COGS Food,INV-10260928
100447,"Sep 30, 2025",HQ,Office Rent & Admin,110379000.0,HO rent & admin,ADM-202509
100448,2026-03-29,ST-03,Revenue - Beverage,-81515000.0,Weekly POS sales Beverage,POS-03260323
100449,30/04/2025,ST-01,COGS - Merchandise,52670435.0,Weekly COGS Merchandise,INV-01250428
100450,31/03/2026,ST-08,Utilities,"14,180,753",Electricity & water,UTL-202603
100451,"Jan 11, 2026",ST-01,Revenue - Beverage,-104876300.0,Weekly POS sales Beverage,POS-01260105
100452,"Jan 12, 2025",ST-07,COGS - Beverage,10525255.0,Weekly COGS Beverage,INV-07250106
100453,2026-08-23,ST-04,COGS - Merchandise,36444058.0,Weekly COGS Merchandise,INV-04260817
100454,2025-12-21,ST-05,COGS - Food,56221495.0,Weekly COGS Food,INV-05251215
100455,24/08/2025,ST-10,Revenue - Merchandise,-16013200.0,Weekly POS sales Merchandise,POS-10250818
100456,30/04/2026,ST-08,Depreciation - Store Assets,17360000.0,Monthly depreciation,DEP-202604
100457,31/03/2025,ST-09,Payroll - Store Staff,63516266.0,Monthly store payroll,PR-202503
100458,2025-08-31,ST-01,Marketing - Local,12816295.0,Local store marketing,MKT-202508
100459,"Jan 11, 2026",ST-03,Revenue - Beverage,-100500400.0,Weekly POS sales Beverage,POS-03260105
100460,20/04/2025,ST-04,Revenue - Beverage,"-45,424,000",Weekly POS sales Beverage,POS-04250414
100461,"May 07, 2026",ST-05,Revenue - Food,-90036000.0,Weekly POS sales Food,POS-05260501
100462,17/08/2025,ST-09,COGS - Merchandise,25097846.0,Weekly COGS Merchandise,INV-09250811
100463,"Jan 31, 2025",ST-05,Depreciation - Store Assets,28000000.0,Monthly depreciation,DEP-202501
100464,"May 10, 2026",ST-10,Revenue - Food,-57784200.0,Weekly POS sales Food,POS-10260504
100465,"Aug 10, 2025",ST-07,Revenue - Merchandise,-28484800.0,Weekly POS sales Merchandise,POS-07250804
100466,"Sep 20, 2026",ST-06,COGS - Beverage,18813277.0,Weekly COGS Beverage,INV-06260914
100467,2025-05-18,ST-04,COGS - Beverage,14524378.0,Weekly COGS Beverage,INV-04250512
100468,"Jul 31, 2025",ST-07,Revenue - Food,-47864300.0,Weekly POS sales Food,POS-07250728
100469,"Jun 07, 2026",ST-02,Revenue - Merchandise,-58621000.0,Weekly POS sales Merchandise,POS-02260601
100470,"Dec 07, 2025",ST-03,COGS - Merchandise,62324235.0,Weekly COGS Merchandise,INV-03251201
100471,"Oct 07, 2025",ST-09,COGS - Beverage,18542548.0,Weekly COGS Beverage,INV-09251001
100472,"Aug 09, 2026",ST-02,Revenue - Beverage,-48854400.0,Weekly POS sales Beverage,POS-02260803
100473,22/06/2025,ST-01,COGS - Beverage,30393650.0,Weekly COGS Beverage,INV-01250616
100474,2025-04-30,ST-04,COGS - Food,42294074.0,Weekly COGS Food,INV-04250428
100475,2026-06-28,ST-09,Revenue - Merchandise,"-52,734,000",Weekly POS sales Merchandise,POS-09260622
100476,31/08/2025,ST-09,Rent Expense,69237000.0,Store rent,RNT-202508
100477,31/08/2025,ST-04,Delivery Platform Commission,42902259.0,Delivery aggregator fees,DLV-202508
100478,28/02/2026,ST-04,COGS - Beverage,29140081.0,Weekly COGS Beverage,INV-04260223
100479,"Mar 07, 2026",ST-08,COGS - Merchandise,22759783.0,Weekly COGS Merchandise,INV-08260301
100480,20/09/2026,ST-04,Revenue - Merchandise,-52498600.0,Weekly POS sales Merchandise,POS-04260914
100481,"Feb 08, 2026",ST-07,Revenue - Food,-70482700.0,Weekly POS sales Food,POS-07260202
100482,16/11/2025,ST-9,Revenue - Beverage,-46998900.0,Weekly POS sales Beverage,POS-09251110
100483,"Aug 07, 2025",ST-06,COGS - Food,49855469.0,Weekly COGS Food,INV-06250801
100484,"Jul 12, 2026",ST-10,Revenue - Food,-65231100.0,Weekly POS sales Food,POS-10260706
100485,2026-03-22,ST-07,COGS - Food,27936066.0,Weekly COGS Food,INV-07260316
100486,2025-02-28,ST-02,Revenue - Beverage,-48852000.0,Weekly POS sales Beverage,POS-02250224
100487,2025-03-31,ST-07,Payroll - Store Staff,72254435.0,Monthly store payroll,PR-202503
100488,"Sep 07, 2025",ST-06,Revenue - Beverage,-49034500.0,Weekly POS sales Beverage,POS-06250901
100489,19/10/2025,ST-02,Revenue - Merchandise,-41580000.0,Weekly POS sales Merchandise,POS-02251013
100490,30/04/2025,ST-04,Revenue - Food,-70308000.0,Weekly POS sales Food,POS-04250428
100491,2025-08-17,ST-04,COGS - Merchandise,36739199.0,Weekly COGS Merchandise,INV-04250811
100492,"Sep 27, 2026",ST-10,Revenue - Beverage,-30189000.0,Weekly POS sales Beverage,POS-10260921
100493,2025-10-31,ST-07,Revenue - Food,-44772000.0,Weekly POS sales Food,POS-07251027
100494,2025-04-30,ST-08,COGS - Beverage,"9,777,763",Weekly COGS Beverage,INV-08250428
100495,2026-08-16,ST-03,Revenue - Food,-125765200.0,Weekly POS sales Food,POS-03260810
100496,31/10/2025,ST-05,Utilities,12067820.0,Electricity & water,UTL-202510
100497,"Jun 28, 2026",ST-03,COGS - Merchandise,53099757.0,Weekly COGS Merchandise,INV-03260622
100498,31/05/2025,HQ,Depreciation - HO Assets,44609000.0,HO depreciation,DEP-HO-202505
100499,2025-10-31,ST-01,COGS - Merchandise,49446397.0,Weekly COGS Merchandise,INV-01251027
100500,"Jan 11, 2026",ST-08,COGS - Food,35923728.0,Weekly COGS Food,INV-08260105
100501,"Oct 07, 2025",ST-01,COGS - Food,66446329.0,Weekly COGS Food,INV-01251001
100502,2025-06-30,ST-03,DEPRECIATION - STORE ASSETS,43400000.0,Monthly depreciation,DEP-202506
100503,22/02/2026,ST-04,COGS - Food,68141567.0,Weekly COGS Food,INV-04260216
100504,2026-01-31,ST-01,Store Supplies,16428287.0,Packaging & supplies,SUP-202601
100505,2025-06-29,ST-01,Revenue - Beverage,-80723700.0,Weekly POS sales Beverage,POS-01250623
100506,2025-08-31,ST-03,COGS - Food,79645788.0,Weekly COGS Food,INV-03250825
100507,2025-07-31,ST-03,Revenue - Food,-109336500.0,Weekly POS sales Food,POS-03250728
100508,2025-08-24,ST-06,Revenue - Beverage,-40723200.0,Weekly POS sales Beverage,POS-06250818
100509,2025-06-15,ST-02,Revenue - Beverage,-54420800.0,Weekly POS sales Beverage,POS-02250609
100510,2025-07-13,ST-03,COGS - Food,78597244.0,Weekly COGS Food,INV-03250707
100511,30/03/2025,ST-08,Revenue - Merchandise,-19562400.0,Weekly POS sales Merchandise,POS-08250324
100512,2026-04-19,ST-01,COGS - Food,67624834.0,Weekly COGS Food,INV-01260413
100513,"Jun 07, 2025",ST-05,COGS - Food,49455262.0,Weekly COGS Food,INV-05250601
100514,2025-05-18,ST-07,Revenue - Merchandise,-32171100.0,Weekly POS sales Merchandise,POS-07250512
100515,2026-04-30,ST-06,Repairs & Maintenance,11821000.0,R&M,RPM-202604
100516,17/08/2025,ST-06,COGS - Food,51979054.0,Weekly COGS Food,INV-06250811
100517,2026-08-16,ST-01,COGS - Food,82761846.0,Weekly COGS Food,INV-01260810
100518,"Mar 08, 2026",ST-09,COGS - Food,50864023.0,Weekly COGS Food,INV-09260302
100519,"Dec 31, 2025",ST-07,Revenue - Merchandise,-35758800.0,Weekly POS sales Merchandise,POS-07251229
100520,2025-03-31,ST-09,COGS - Merchandise,18112703.0,Weekly COGS Merchandise,INV-09250331
100521,2025-10-31,ST-07,Repairs & Maintenance,1611000.0,R&M,RPM-202510
100522,2025-07-27,ST-08,Revenue - Beverage,-27872100.0,Weekly POS sales Beverage,POS-08250721
100523,20/04/2025,ST-02,COGS - Beverage,16615989.0,Weekly COGS Beverage,INV-02250414
100524,"Dec 07, 2025",ST-01,COGS - Food,97443559.0,Weekly COGS Food,INV-01251201
100525,"Apr 12, 2026",ST-07,COGS - Food,30444493.0,Weekly COGS Food,INV-07260406
100526,2026-02-22,ST-03,Revenue - Merchandise,-100742400.0,Weekly POS sales Merchandise,POS-03260216
100527,2025-01-31,HQ,IT & Software,78830000.0,SaaS & IT,ITS-202501
100528,"Feb 28, 2026",ST-05,Store Supplies,10852942.0,Packaging & supplies,SUP-202602
100529,2025-04-30,ST-06,COGS - Merchandise,28450033.0,Weekly COGS Merchandise,INV-06250428
100530,"Apr 07, 2026",ST-02,COGS - Beverage,18478807.0,Weekly COGS Beverage,INV-02260401
100531,23/08/2026,ST-01,COGS - Food,66865308.0,Weekly COGS Food,INV-01260817
100532,"Oct 12, 2025",,Revenue - Merchandise,-17374500.0,Weekly POS sales Merchandise,POS-10251006
100533,2025-11-30,ST-10,Rent Expense,43213000.0,Store rent,RNT-202511
100534,"May 10, 2026",ST-08,Revenue - Food,-54246900.0,Weekly POS sales Food,POS-08260504
100535,"Jun 08, 2025",ST-04,COGS - Merchandise,34736966.0,Weekly COGS Merchandise,INV-04250602
100536,28/02/2026,ST-03,Revenue - Beverage,-101304000.0,Weekly POS sales Beverage,POS-03260223
100537,2026-02-28,ST-03,Depreciation - Store Assets,43400000.0,Monthly depreciation,DEP-202602
100538,"Apr 13, 2025",ST-01,Revenue - Food,-98587200.0,Weekly POS sales Food,POS-01250407
100539,2025-05-18,ST-09,COGS - Food,29228334.0,Weekly COGS Food,INV-09250512
100540,19/04/2026,ST-10,COGS - Beverage,10409789.0,Weekly COGS Beverage,INV-10260413
100541,2026-05-31,ST-10,MARKETING - LOCAL,7307354.0,Local store marketing,MKT-202605
100542,"Sep 07, 2026",ST-03,Revenue - Beverage,-91646400.0,Weekly POS sales Beverage,POS-03260901
100543,2025-09-30,ST-08,Store Supplies,4556484.0,Packaging & supplies,SUP-202509
100544,"Apr 07, 2026",ST-09,Revenue - Food,-81075000.0,Weekly POS sales Food,POS-09260401
100545,2026-07-31,ST-09,Revenue - Food,-98550400.0,Weekly POS sales Food,POS-09260727
100546,2025-08-31,HQ,DEPRECIATION - HO ASSETS,48805000.0,HO depreciation,DEP-HO-202508
100547,31/01/2025,ST-04,Revenue - Beverage,-60368000.0,Weekly POS sales Beverage,POS-04250127
100548,"Jun 07, 2025",ST-07,COGS - Merchandise,22624907.0,Weekly COGS Merchandise,INV-07250601
100549,31/03/2025,ST-02,Rent Expense,69131000.0,Store rent,RNT-202503
100550,"Feb 07, 2025",ST-06,COGS - Merchandise,46965721.0,Weekly COGS Merchandise,INV-06250201
100551,"Oct 31, 2025",ST-02,Utilities,19895939.0,Electricity & water,UTL-202510
100552,"May 31, 2026",ST-01,Delivery Platform Commission,63389855.0,Delivery aggregator fees,DLV-202605
100553,2025-12-31,ST-06,Revenue - Merchandise,-64170000.0,Weekly POS sales Merchandise,POS-06251229
100554,"Apr 07, 2025",ST-07,COGS - Food,23255653.0,Weekly COGS Food,INV-07250401
100555,23/03/2025,ST-04,COGS - Beverage,17202979.0,Weekly COGS Beverage,INV-04250317
100556,2025-08-31,ST-02,Delivery Platform Commission,40671382.0,Delivery aggregator fees,DLV-202508
100557,2025-01-19,ST-03,Revenue - Beverage,-90500000.0,Weekly POS sales Beverage,POS-03250113
100558,2026-04-30,ST-06,Store Supplies,7485575.0,Packaging & supplies,SUP-202604
100559,"Jul 07, 2025",ST-01 ,Revenue - Merchandise,-78277800.0,Weekly POS sales Merchandise,POS-01250701
100560,2025-11-16,ST-04,COGS - Food,51749989.0,Weekly COGS Food,INV-04251110
100561,2025-08-17,ST-04,Revenue - Beverage,-55702400.0,Weekly POS sales Beverage,POS-04250811
100562,"Feb 28, 2025",ST-06,Revenue - Food,-98944300.0,Weekly POS sales Food,POS-06250224
100563,"Jan 11, 2026",ST-07,Revenue - Beverage,-40399200.0,Weekly POS sales Beverage,POS-07260105
100564,"Apr 30, 2026",ST-04,Delivery Platform Commission,27734549.0,Delivery aggregator fees,DLV-202604
100565,"Feb 07, 2026",ST-09,Revenue - Beverage,-50680000.0,Weekly POS sales Beverage,POS-09260201
100566,14/06/2026,ST-06,COGS - Beverage,21789283.0,Weekly COGS Beverage,INV-06260608
100567,23/02/2025,ST-05,Revenue - Merchandise,-47401200.0,Weekly POS sales Merchandise,POS-05250217
100568,"Aug 09, 2026",ST-01,Revenue - Food,-126077000.0,Weekly POS sales Food,POS-01260803
100569,"Jul 27, 2025",ST-09,Revenue - Merchandise,-38014800.0,Weekly POS sales Merchandise,POS-09250721
100570,"Feb 09, 2025",ST-01,COGS - Beverage,38360727.0,Weekly COGS Beverage,INV-01250203
100571,20/07/2025,ST-02,COGS - Food,47305607.0,Weekly COGS Food,INV-02250714
100572,2026-06-21,ST-02,Revenue - Food,-88129500.0,Weekly POS sales Food,POS-02260615
100573,2026-06-30,ST-07,COGS - Merchandise,22107182.0,Weekly COGS Merchandise,INV-07260629
100574,31/12/2025,ST-09,Store Supplies,11825796.0,Packaging & supplies,SUP-202512
100575,"May 31, 2026",ST-03,Utilities,27181230.0,Electricity & water,UTL-202605
100576,2026-01-31,ST-05,COGS - Beverage,23165357.0,Weekly COGS Beverage,INV-05260126
100577,2025-09-28,ST-04,Revenue - Beverage,-47210400.0,Weekly POS sales Beverage,POS-04250922
100578,2026-01-31,ST-07,Store Supplies,7260440.0,Packaging & supplies,SUP-202601
100579,"Mar 31, 2026",ST-09,Payroll - Store Staff,133657151.0,Monthly store payroll,PR-202603
100580,2026-08-16,ST-06,Revenue - Beverage,-59925600.0,Weekly POS sales Beverage,POS-06260810
100581,2026-06-30,ST-03,COGS - Beverage,28069858.0,Weekly COGS Beverage,INV-03260629
100582,31/12/2025,ST-01,Delivery Platform Commission,66758044.0,Delivery aggregator fees,DLV-202512
100583,"Jan 12, 2025",ST-07,Revenue - Beverage,-30150900.0,Weekly POS sales Beverage,POS-07250106
100584,"Mar 07, 2026",ST-01,  Revenue - Merchandise ,-73515000.0,Weekly POS sales Merchandise,POS-01260301
100585,"Jun 07, 2025",ST-02,COGS - Beverage,16247483.0,Weekly COGS Beverage,INV-02250601
100586,24/08/2025,ST-07,COGS - Food,29246878.0,Weekly COGS Food,INV-07250818
100587,15/02/2026,ST-11,COGS - Beverage,13128532.0,Weekly COGS Beverage,INV-11260209
100588,"Oct 31, 2025",ST-02,Store Supplies,7813268.0,Packaging & supplies,SUP-202510
100589,2025-09-30,ST-03,COGS - Food,65557107.0,Weekly COGS Food,INV-03250929
100590,2026-03-15,ST-07,Revenue - Beverage,-33154200.0,Weekly POS sales Beverage,POS-07260309
100591,"Oct 07, 2025",ST-03,COGS - Beverage,31445764.0,Weekly COGS Beverage,INV-03251001
100592,"Sep 30, 2026",ST-03,Revenue - Merchandise,-76486000.0,Weekly POS sales Merchandise,POS-03260928
100593,2026-08-31,ST-05,Rent Expense,67061000.0,Store rent,RNT-202608
100594,"May 11, 2025",ST-04,Revenue - Merchandise,-45390600.0,Weekly POS sales Merchandise,POS-04250505
100595,22/03/2026,ST-02,COGS - Food,52589948.0,Weekly COGS Food,INV-02260316
100596,2025-08-31,ST-07,Rent Expense,41710000.0,Store rent,RNT-202508
100597,2025-09-14,ST-07,Revenue - Beverage,-32542200.0,Weekly POS sales Beverage,POS-07250908
100598,22/03/2026,ST-10,Revenue - Merchandise,-22207200.0,Weekly POS sales Merchandise,POS-10260316
100599,31/07/2026,ST-07,COGS - Beverage,11594682.0,Weekly COGS Beverage,INV-07260727
100600,2025-08-31,ST-04,COGS - Food,41315709.0,Weekly COGS Food,INV-04250825
100601,23/08/2026,ST-09,COGS - Food,49482800.0,Weekly COGS Food,INV-09260817
100602,"Sep 28, 2025",ST-09,COGS - Beverage,15968507.0,Weekly COGS Beverage,INV-09250922
100603,"Apr 30, 2026",HQ,Bank Charges,17525000.0,Bank fees,BNK-202604
100604,2026-02-28,ST-01,Store Supplies,13100480.0,Packaging & supplies,SUP-202602
100605,25/01/2026,ST-01,COGS - Beverage,38764625.0,Weekly COGS Beverage,INV-01260119
100606,2025-04-27,ST-06,COGS - Merchandise,34085834.0,Weekly COGS Merchandise,INV-06250421
100607,"Aug 07, 2026",ST-01,COGS - Beverage,36724838.0,Weekly COGS Beverage,INV-01260801
100608,2025-06-30,ST-02,Store Supplies,9872092.0,Packaging & supplies,SUP-202506
100609,"Jul 19, 2026",ST-06,Revenue - Merchandise,-58687200.0,Weekly POS sales Merchandise,POS-06260713
100610,2026-06-30,ST-04,Utilities,15814465.0,Electricity & water,UTL-202606
100611,"Aug 07, 2026",ST-02,COGS - Food,47572899.0,Weekly COGS Food,INV-02260801
100612,"Jun 30, 2026",ST-02,Depreciation - Store Assets,28000000.0,Monthly depreciation,DEP-202606
100613,"Apr 26, 2026",ST-03,COGS - Merchandise,55101447.0,Weekly COGS Merchandise,INV-03260420
100614,"May 07, 2026",ST-02,COGS - Beverage,21162612.0,Weekly COGS Beverage,INV-02260501
100615,"May 07, 2025",ST-07,Revenue - Merchandise,-28212800.0,Weekly POS sales Merchandise,POS-07250501
100616,2026-04-30,ST-04,COGS - Merchandise,38981224.0,Weekly COGS Merchandise,INV-04260427
100617,"Feb 07, 2026",ST-03,COGS - Food,81762412.0,Weekly COGS Food,INV-03260201
100618,30/04/2026,ST-04 ,Store Supplies,8034585.0,Packaging & supplies,SUP-202604
100619,2025-04-27,ST-08,COGS - Merchandise,15950929.0,Weekly COGS Merchandise,INV-08250421
100620,"Feb 28, 2025",ST-01,Depreciation - Store Assets,43400000.0,Monthly depreciation,DEP-202502
100621,30/09/2026,ST-06,Revenue - Merchandise,-40896800.0,Weekly POS sales Merchandise,POS-06260928
100622,2025-12-28,ST-08,Revenue - Merchandise,-37037000.0,Weekly POS sales Merchandise,POS-08251222
100623,"May 31, 2025",ST-09,COGS - Beverage,12626057.0,Weekly COGS Beverage,INV-09250526
100624,2026-02-22,ST-03,Revenue - Beverage,-110255200.0,Weekly POS sales Beverage,POS-03260216
100625,30/09/2026,ST-08,Marketing - Local,5457382.0,Local store marketing,MKT-202609
100626,22/02/2026,ST-10,COGS - Beverage,13329932.0,Weekly COGS Beverage,INV-10260216
100627,"Sep 07, 2025",ST-08,COGS - Beverage,11722152.0,Weekly COGS Beverage,INV-08250901
100628,2026-05-31,ST-05,Store Supplies,7665300.0,Packaging & supplies,SUP-202605
100629,"Jul 07, 2026",ST-12,COGS - Merchandise,16118886.0,Weekly COGS Merchandise,INV-12260701
100630,2026-04-30,ST-02,Rent Expense,72902000.0,Store rent,RNT-202604
100631,"Sep 30, 2026",ST-08,  Delivery Platform Commission ,21170339.0,Delivery aggregator fees,DLV-202609
100632,2026-03-31,ST-08,Marketing - Local,8747469.0,Local store marketing,MKT-202603
100633,2026-06-30,ST-02,Utilities,16564642.0,Electricity & water,UTL-202606
100634,"Aug 07, 2026",ST-08,COGS - Merchandise,23725957.0,Weekly COGS Merchandise,INV-08260801
100635,2025-06-30,ST-08,Depreciation - Store Assets,17360000.0,Monthly depreciation,DEP-202506
100636,31/08/2025,ST-07,Payroll - Store Staff,60980203.0,Monthly store payroll,PR-202508
100637,"Sep 07, 2025",ST-05,Revenue - Merchandise,-46861800.0,Weekly POS sales Merchandise,POS-05250901
100638,"Aug 31, 2025",ST-10,Delivery Platform Commission,13470797.0,Delivery aggregator fees,DLV-202508
100639,30/04/2026,ST-07,Depreciation - Store Assets,17360000.0,Monthly depreciation,DEP-202604
100640,13/04/2025,ST-06,COGS - Merchandise,28201366.0,Weekly COGS Merchandise,INV-06250407
100641,21/06/2026,ST-03,Revenue - Food,-137698500.0,Weekly POS sales Food,POS-03260615
100642,2025-07-13,ST-04,COGS - Food,47390717.0,Weekly COGS Food,INV-04250707
100643,2025-06-30,ST-06,Repairs & Maintenance,14916000.0,R&M,RPM-202506
100644,"Nov 30, 2025",ST-02,Rent Expense,69782000.0,Store rent,RNT-202511
100645,"Nov 07, 2025",ST-01,Revenue - Merchandise,-74760800.0,Weekly POS sales Merchandise,POS-01251101
100646,28/12/2025,ST-08,COGS - Food,38162112.0,Weekly COGS Food,INV-08251222
100647,28/02/2026,ST-10,Revenue - Food,-56259000.0,Weekly POS sales Food,POS-10260223
100648,"Mar 31, 2025",ST-01,Rent Expense,103376000.0,Store rent,RNT-202503
100649,31/01/2025,ST-04,Depreciation - Store Assets,28000000.0,Monthly depreciation,DEP-202501
100650,"Nov 09, 2025",ST-2,Revenue - Merchandise,-43973400.0,Weekly POS sales Merchandise,POS-02251103
100651,17/05/2026,ST-09,COGS - Food,46288639.0,Weekly COGS Food,INV-09260511
100652,"Feb 28, 2025",ST-08,Repairs & Maintenance,7874000.0,R&M,RPM-202502
100653,2025-04-30,ST-01,Repairs & Maintenance,7711000.0,R&M,RPM-202504
100654,30/04/2025,ST-08,Payroll - Store Staff,48122506.0,Monthly store payroll,PR-202504
100655,2025-01-19,ST-07,Revenue - Beverage,-33725000.0,Weekly POS sales Beverage,POS-07250113
100656,2026-03-29,ST-05,Revenue - Food,-77001600.0,Weekly POS sales Food,POS-05260323
100657,19/07/2026,ST-02,COGS - Merchandise,39602120.0,Weekly COGS Merchandise,INV-02260713
100658,31/10/2025,ST-10,Utilities,6781678.0,Electricity & water,UTL-202510
100659,"Apr 30, 2025",ST-09,COGS - Merchandise,16937463.0,Weekly COGS Merchandise,INV-09250428
100660,2025-04-20,ST-03,COGS - Beverage,27208627.0,Weekly COGS Beverage,INV-03250414
100661,"Apr 07, 2025",ST-05,COGS - Food,46860699.0,Weekly COGS Food,INV-05250401
100662,31/01/2025,ST-03,Store Supplies,11008553.0,Packaging & supplies,SUP-202501
100663,2026-02-22,ST-06,Revenue - Beverage,-59762900.0,Weekly POS sales Beverage,POS-06260216
100664,26/10/2025,ST-10,COGS - Beverage,7117427.0,Weekly COGS Beverage,INV-10251020
100665,2026-06-30,ST-08,Repairs & Maintenance,5275000.0,R&M,RPM-202606
100666,"Feb 09, 2025",ST-07,COGS - Beverage,14750561.0,Weekly COGS Beverage,INV-07250203
100667,28/06/2026,ST-11,Revenue - Food,-63056800.0,Weekly POS sales Food,POS-11260622
100668,"Jan 07, 2025",ST-08,Revenue - Food,-39574400.0,Weekly POS sales Food,POS-08250101
100669,"May 07, 2025",ST-01,Revenue - Food,-132364400.0,Weekly POS sales Food,POS-01250501
100670,2025-04-13,ST-01,Revenue - Beverage,-75966100.0,Weekly POS sales Beverage,POS-01250407
100671,14/09/2025,ST-06,COGS - Food,46674218.0,Weekly COGS Food,INV-06250908
100672,2026-02-28,ST-06,Depreciation - Store Assets,28000000.0,Monthly depreciation,DEP-202602
100673,"Nov 16, 2025",ST-01,COGS - Food,75095498.0,Weekly COGS Food,INV-01251110
100674,"Aug 07, 2026",ST-06,COGS - Food,53852533.0,Weekly COGS Food,INV-06260801
100675,"Jul 07, 2026",ST-08,COGS - Beverage,15542353.0,Weekly COGS Beverage,INV-08260701
100676,"Jan 11, 2026",ST-05,COGS - Beverage,22749334.0,Weekly COGS Beverage,INV-05260105
100677,2026-06-30,ST-07,Marketing - Local,6390683.0,Local store marketing,MKT-202606
100678,"Jan 07, 2026",ST-07,REVENUE - BEVERAGE,-41032600.0,Weekly POS sales Beverage,POS-07260101
100679,2026-09-20,ST-01,COGS - Beverage,32495139.0,Weekly COGS Beverage,INV-01260914
100680,2026-03-31,ST-10,Rent Expense,41613000.0,Store rent,RNT-202603
100681,"Aug 07, 2026",ST-05,COGS - Food,45771000.0,Weekly COGS Food,INV-05260801
100682,"Feb 08, 2026",ST-04,COGS - Food,67855294.0,Weekly COGS Food,INV-04260202
100683,"Aug 07, 2026",ST-01,COGS - Merchandise,56794219.0,Weekly COGS Merchandise,INV-01260801
100684,19/07/2026,ST-01,Revenue - Merchandise,-80344000.0,Weekly POS sales Merchandise,POS-01260713
100685,"Jun 07, 2025",ST-02,COGS - Food,39211257.0,Weekly COGS Food,INV-02250601
100686,30/06/2026,ST-09,COGS - Food,45591794.0,Weekly COGS Food,INV-09260629
100687,31/07/2025,ST-04,Revenue - Merchandise,"-50,802,200",Weekly POS sales Merchandise,POS-04250728
100688,"Apr 12, 2026",ST-01,Revenue - Beverage,-72384500.0,Weekly POS sales Beverage,POS-01260406
100689,2025-09-28,ST-06,Revenue - Beverage,-55325900.0,Weekly POS sales Beverage,POS-06250922
100690,"May 10, 2026",ST-10,COGS - Merchandise,24053297.0,Weekly COGS Merchandise,INV-10260504
100691,"Dec 31, 2025",ST-06,Marketing - Local,18589133.0,Local store marketing,MKT-202512
100692,2025-12-28,ST-09,COGS - Beverage,21130208.0,Weekly COGS Beverage,INV-09251222
100693,28/06/2026,ST-09,Revenue - Beverage,-64582900.0,Weekly POS sales Beverage,POS-09260622
100694,27/07/2025,ST-03,  COGS - Beverage ,33827329.0,Weekly COGS Beverage,INV-03250721
100695,2025-12-31,,Store Supplies,5437782.0,Packaging & supplies,SUP-202512
100696,2026-02-28,ST-09,Revenue - Beverage,-71007300.0,Weekly POS sales Beverage,POS-09260223
100697,15/02/2026,ST-01,COGS - Merchandise,59724782.0,Weekly COGS Merchandise,INV-01260209
100698,"Apr 07, 2026",ST-06,COGS - Beverage,21065719.0,Weekly COGS Beverage,INV-06260401
100699,2025-05-31,ST-02,Repairs & Maintenance,1146000.0,R&M,RPM-202505
100700,2025-05-31,ST-08,Marketing - Local,3370440.0,Local store marketing,MKT-202505
100701,"May 31, 2025",ST-08,Revenue - Food,"-41,438,400",Weekly POS sales Food,POS-08250526
100702,"Sep 27, 2026",ST-02,Revenue - Food,-78517400.0,Weekly POS sales Food,POS-02260921
100703,"Aug 10, 2025",ST-03,COGS - Food,77497632.0,Weekly COGS Food,INV-03250804
100704,"May 10, 2026",ST-09,Revenue - Merchandise,-57689500.0,Weekly POS sales Merchandise,POS-09260504
100705,"Dec 31, 2025",ST-01,Rent Expense,104129000.0,Store rent,RNT-202512
100706,30/04/2025,ST-06,Payroll - Store Staff,104842575.0,Monthly store payroll,PR-202504
100707,2025-06-30,ST-08,Marketing - Local,11427655.0,Local store marketing,MKT-202506
100708,2026-04-30,HQ,IT & Software,72676000.0,SaaS & IT,ITS-202604
100709,"Dec 07, 2025",ST-10,COGS - Merchandise,18382149.0,Weekly COGS Merchandise,INV-10251201
100710,2026-01-18,ST-02,Revenue - Beverage,-65225500.0,Weekly POS sales Beverage,POS-02260112
100711,"Jan 12, 2025",ST-01,COGS - Merchandise,51081391.0,Weekly COGS Merchandise,INV-01250106
100712,"May 11, 2025",ST-04,COGS - Merchandise,33522550.0,Weekly COGS Merchandise,INV-04250505
100713,2025-05-31,ST-02,Rent Expense,70590000.0,Store rent,RNT-202505
100714,"Jan 18, 2026",,COGS - Food,59183171.0,Weekly COGS Food,INV-04260112
100715,2026-01-25,ST-04,COGS - Food,58472182.0,Weekly COGS Food,INV-04260119
100716,2025-02-23,ST-04,COGS - Beverage,24302513.0,Weekly COGS Beverage,INV-04250217
100717,2025-02-16,ST-06,COGS - Beverage,21496843.0,Weekly COGS Beverage,INV-06250210
100718,31/05/2025,ST-06,Rent Expense,70821000.0,Store rent,RNT-202505
100719,2025-08-31,ST-03,Revenue - Food,-137836800.0,Weekly POS sales Food,POS-03250825
100720,"Jan 31, 2026",ST-08,Depreciation - Store Assets,17360000.0,Monthly depreciation,DEP-202601
100721,2025-11-30,ST-05,Delivery Platform Commission,38572334.0,Delivery aggregator fees,DLV-202511
100722,"Apr 07, 2026",ST-07,COGS - Merchandise,21483127.0,Weekly COGS Merchandise,INV-07260401
100723,"Aug 07, 2025",ST-03 ,Revenue - Food,-121601200.0,Weekly POS sales Food,POS-03250801
100724,2026-04-19,ST-06,Revenue - Merchandise,-50879100.0,Weekly POS sales Merchandise,POS-06260413
100725,31/07/2026,ST-08,Utilities,12922846.0,Electricity & water,UTL-202607
100726,2026-02-28,ST-11,COGS - BEVERAGE,13194800.0,Weekly COGS Beverage,INV-11260223
100727,2026-04-26,ST-09,Revenue - Food,-66326700.0,Weekly POS sales Food,POS-09260420
100728,2025-04-20,ST-06,Revenue - Merchandise,-48707600.0,Weekly POS sales Merchandise,POS-06250414
100729,20/09/2026,ST-03,Revenue - Beverage,-76693500.0,Weekly POS sales Beverage,POS-03260914
100730,2025-07-20,ST-07,COGS - Merchandise,22291286.0,Weekly COGS Merchandise,INV-07250714
100731,2025-12-31,ST-06,Rent Expense,66595000.0,Store rent,RNT-202512
100732,19/07/2026,ST-04,COGS - Merchandise,36707915.0,Weekly COGS Merchandise,INV-04260713
100733,31/08/2026,ST-04,Utilities,22771600.0,Electricity & water,UTL-202608
100734,"Sep 14, 2025",ST-03,Revenue - Beverage,-82422000.0,Weekly POS sales Beverage,POS-03250908
100735,2025-05-31,ST-05,Revenue - Beverage,-52036600.0,Weekly POS sales Beverage,POS-05250526
100736,22/06/2025,ST-05,Revenue - Food,-78699800.0,Weekly POS sales Food,POS-05250616
100737,"Jan 31, 2025",ST-03,Repairs & Maintenance,7743000.0,R&M,RPM-202501
100738,"Jul 12, 2026",ST-06,COGS - Food,43301176.0,Weekly COGS Food,INV-06260706
100739,2026-01-31,ST-08,Repairs & Maintenance,7459000.0,R&M,RPM-202601
100740,"Jul 07, 2026",ST-10,COGS - Beverage,11955566.0,Weekly COGS Beverage,INV-10260701
100741,30/04/2026,ST-01,Payroll - Store Staff,179062674.0,Monthly store payroll,PR-202604
100742,2026-06-28,ST-02,Revenue - Merchandise,-43523200.0,Weekly POS sales Merchandise,POS-02260622
100743,28/02/2026,ST-02,COGS - Merchandise,43271412.0,Weekly COGS Merchandise,INV-02260223
100744,"Jun 07, 2025",ST-04,COGS - Merchandise,31934965.0,Weekly COGS Merchandise,INV-04250601
100745,2025-06-15,ST-03,Revenue - Merchandise,-71467800.0,Weekly POS sales Merchandise,POS-03250609
100746,2026-01-18,ST-05,Revenue - Food,-105377000.0,Weekly POS sales Food,POS-05260112
100747,2026-01-31,ST-09,Delivery Platform Commission,51327405.0,Delivery aggregator fees,DLV-202601
100748,"Aug 23, 2026",ST-02,COGS - FOOD,47357274.0,Weekly COGS Food,INV-02260817
100749,31/12/2025,ST-10,Depreciation - Store Assets,17360000.0,Monthly depreciation,DEP-202512
100750,"Apr 26, 2026",ST-08,COGS - Beverage,13591687.0,Weekly COGS Beverage,INV-08260420
100751,"Sep 07, 2025",ST-10,Revenue - Food,"-29,057,000",Weekly POS sales Food,POS-10250901
100752,"Aug 23, 2026",ST-06,COGS - Food,58852499.0,Weekly COGS Food,INV-06260817
100753,"Apr 07, 2026",ST-11,COGS - Merchandise,24984550.0,Weekly COGS Merchandise,INV-11260401
100754,"Jul 07, 2025",ST-02,Revenue - Food,-83866200.0,Weekly POS sales Food,POS-02250701
100755,2026-03-15,ST-08,COGS - Food,28652448.0,Weekly COGS Food,INV-08260309
100756,2026-07-31,ST-04,Payroll - Store Staff,109706877.0,Monthly store payroll,PR-202607
100757,2026-04-26,ST-03,COGS - BEVERAGE,34459830.0,Weekly COGS Beverage,INV-03260420
100758,2026-08-31,ST-10,Marketing - Local,10529983.0,Local store marketing,MKT-202608
100759,"Jan 18, 2026",ST-10,Revenue - Merchandise,-25418400.0,Weekly POS sales Merchandise,POS-10260112
100760,"Nov 07, 2025",ST-07 ,COGS - Food,33088083.0,Weekly COGS Food,INV-07251101
100761,"Jan 12, 2025",ST-02,COGS - FOOD,55109145.0,Weekly COGS Food,INV-02250106
100762,"Jan 31, 2026",HQ,Marketing - Brand,89595873.0,Brand campaigns,MKT-HO-202601
100763,"Jul 12, 2026",ST-11,COGS - Food,43727819.0,Weekly COGS Food,INV-11260706
100764,2025-01-31,ST-04,COGS - Merchandise,34698535.0,Weekly COGS Merchandise,INV-04250127
100765,"Apr 07, 2026",ST-09,Revenue - Merchandise,-45735500.0,Weekly POS sales Merchandise,POS-09260401
100766,"Feb 07, 2026",ST-02,COGS - Beverage,28208156.0,Weekly COGS Beverage,INV-02260201
100767,2025-04-27,ST-08,COGS - Food,17427596.0,Weekly COGS Food,INV-08250421
100768,2025-04-30,ST-01,Revenue - Beverage,-71825000.0,Weekly POS sales Beverage,POS-01250428
100769,2025-10-26,ST-05,COGS - Beverage,18704923.0,Weekly COGS Beverage,INV-05251020
100770,2026-04-26,ST-10,Revenue - Beverage,-31689200.0,Weekly POS sales Beverage,POS-10260420
100771,30/04/2026,ST-05,COGS - Merchandise,35686327.0,Weekly COGS Merchandise,INV-05260427
100772,27/04/2025,ST-08,COGS - Beverage,8467991.0,Weekly COGS Beverage,INV-08250421
100773,2025-01-31,ST-02,Rent Expense,64626000.0,Store rent,RNT-202501
100774,2026-07-31,ST-07,Payroll - Store Staff,75309807.0,Monthly store payroll,PR-202607
100775,"Dec 07, 2025",ST-06,Revenue - Beverage,-59731800.0,Weekly POS sales Beverage,POS-06251201
100776,2025-02-28,ST-03,Revenue - Beverage,-91665600.0,Weekly POS sales Beverage,POS-03250224
100777,2026-06-14,ST-10,Revenue - Beverage,-37714000.0,Weekly POS sales Beverage,POS-10260608
100778,17/05/2026,ST-10,COGS - Beverage,10734400.0,Weekly COGS Beverage,INV-10260511
100779,2025-10-31,ST-07,Delivery Platform Commission,19141713.0,Delivery aggregator fees,DLV-202510
100780,"Oct 12, 2025",ST-04,COGS - Food,45463077.0,Weekly COGS Food,INV-04251006
100781,2026-06-14,ST-12,COGS - Food,15776316.0,Weekly COGS Food,INV-12260608
100782,"Jan 31, 2025",ST-05,Repairs & Maintenance,13066000.0,R&M,RPM-202501
100783,"Aug 31, 2025",ST-04,COGS - Merchandise,36635381.0,Weekly COGS Merchandise,INV-04250825
100784,22/02/2026,ST-01,COGS - Merchandise,73419655.0,Weekly COGS Merchandise,INV-01260216
100785,2025-02-23,ST-04,Revenue - Beverage,-65148000.0,Weekly POS sales Beverage,POS-04250217
100786,2026-07-31,ST-02,Revenue - Food,-81180000.0,Weekly POS sales Food,POS-02260727
100787,"Sep 21, 2025",ST-05,COGS - Food,39709279.0,Weekly COGS Food,INV-05250915
100788,2025-10-26,ST-08,Revenue - Food,-48729600.0,Weekly POS sales Food,POS-08251020
100789,"Jun 30, 2026",ST-06,COGS - Beverage,22942918.0,Weekly COGS Beverage,INV-06260629
100790,2026-06-30,ST-07,Store Supplies,5191015.0,Packaging & supplies,SUP-202606
100791,"Mar 15, 2026",ST-07,COGS - Merchandise,22617814.0,Weekly COGS Merchandise,INV-07260309
100792,23/03/2025,ST-02,COGS - Food,41841964.0,Weekly COGS Food,INV-02250317
100793,2026-08-16,ST-08,COGS - Beverage,11261576.0,Weekly COGS Beverage,INV-08260810
100794,"Feb 07, 2026",ST-11,COGS - Merchandise,26060044.0,Weekly COGS Merchandise,INV-11260201
100795,2026-05-17,ST-03,Revenue - Merchandise,-82655700.0,Weekly POS sales Merchandise,POS-03260511
100796,17/05/2026,ST-08,COGS - Food,30081587.0,Weekly COGS Food,INV-08260511
100797,2025-09-30,ST-03,Repairs & Maintenance,9155000.0,R&M,RPM-202509
100798,"Jan 11, 2026",ST-06,Revenue - Beverage,-71766800.0,Weekly POS sales Beverage,POS-06260105
100799,"Jul 13, 2025",ST-8,COGS - Food,29529773.0,Weekly COGS Food,INV-08250707
100800,"Nov 30, 2025",ST-08,Marketing - Local,3661266.0,Local store marketing,MKT-202511
100801,2026-09-27,ST-05,Revenue - Food,-84606000.0,Weekly POS sales Food,POS-05260921
100802,2025-05-31,ST-02,COGS - Merchandise,33916929.0,Weekly COGS Merchandise,INV-02250526
100803,2025-10-19,ST-02,COGS - Merchandise,28134976.0,Weekly COGS Merchandise,INV-02251013
100804,"May 07, 2026",ST-08,Revenue - Beverage,-31460800.0,Weekly POS sales Beverage,POS-08260501
100805,31/01/2025,ST-06,Repairs & Maintenance,9972000.0,R&M,RPM-202501
100806,"Feb 07, 2025",ST-07,Revenue - Merchandise,-28639500.0,Weekly POS sales Merchandise,POS-07250201
100807,"Jul 07, 2025",ST-08,Revenue - Food,-40313700.0,Weekly POS sales Food,POS-08250701
100808,"Sep 07, 2025",ST-01,COGS - Merchandise,46049542.0,Weekly COGS Merchandise,INV-01250901
100809,31/05/2025,ST-07,Revenue - Merchandise,-28850800.0,Weekly POS sales Merchandise,POS-07250526
100810,2025-01-19,ST-02,COGS - Beverage,21078093.0,Weekly COGS Beverage,INV-02250113
100811,"May 11, 2025",ST-07,COGS - Beverage,11692391.0,Weekly COGS Beverage,INV-07250505
100812,"Jul 19, 2026",ST-05,COGS - Merchandise,39500568.0,Weekly COGS Merchandise,INV-05260713
100813,"Jan 07, 2026",ST-08,Revenue - Merchandise,-28985000.0,Weekly POS sales Merchandise,POS-08260101
100814,27/07/2025,ST-08,Revenue - Food,-44797800.0,Weekly POS sales Food,POS-08250721
100815,"Apr 07, 2025",ST-04,Revenue - Merchandise,-45050000.0,Weekly POS sales Merchandise,POS-04250401
100816,2026-09-20,ST-11,COGS - Beverage,13778672.0,Weekly COGS Beverage,INV-11260914
100817,"Oct 07, 2025",ST-01,Revenue - Merchandise,-74152000.0,Weekly POS sales Merchandise,POS-01251001
100818,30/06/2025,ST-03,Store Supplies,11063577.0,Packaging & supplies,SUP-202506
100819,"Feb 09, 2025",ST-08,Revenue - Food,-42944400.0,Weekly POS sales Food,POS-08250203
100820,2025-03-30,ST-07,COGS - Food,22318744.0,Weekly COGS Food,INV-07250324
100821,2025-12-28,ST-02,COGS - Food,53535960.0,Weekly COGS Food,INV-02251222
100822,2025-10-26,ST-02,COGS - Food,46037563.0,Weekly COGS Food,INV-02251020
100823,31/07/2026,ST-04,Delivery Platform Commission,33836860.0,Delivery aggregator fees,DLV-202607
100824,2026-08-23,ST-10,COGS - Food,28979027.0,Weekly COGS Food,INV-10260817
100825,2025-05-31,ST-01,Repairs & Maintenance,4019000.0,R&M,RPM-202505
100826,"May 07, 2025",ST-04,Revenue - Food,-80259300.0,Weekly POS sales Food,POS-04250501
100827,2025-12-28,ST-04,COGS - Food,64088623.0,Weekly COGS Food,INV-04251222
100828,31/03/2025,ST-08,COGS - Food,21708286.0,Weekly COGS Food,INV-08250331
100829,2025-12-31,ST-02,COGS - Merchandise,47569623.0,Weekly COGS Merchandise,INV-02251229
100830,21/09/2025,ST-01,COGS - Food,55764364.0,Weekly COGS Food,INV-01250915
100831,"Oct 07, 2025",ST-04,Revenue - Beverage,-53854400.0,Weekly POS sales Beverage,POS-04251001
100832,"Jul 07, 2026",ST-11,COGS - Beverage,12373162.0,Weekly COGS Beverage,INV-11260701
100833,"Mar 08, 2026",ST-06,  Revenue - Beverage ,-44050500.0,Weekly POS sales Beverage,POS-06260302
100834,"Aug 07, 2026",ST-12,COGS - Food,23788392.0,Weekly COGS Food,INV-12260801
100835,"Oct 07, 2025",ST-06,Revenue - Food,-88012800.0,Weekly POS sales Food,POS-06251001
100836,2026-01-25,ST-09,Revenue - Beverage,-75521200.0,Weekly POS sales Beverage,POS-09260119
100837,2025-09-14,ST-04,COGS - Food,47361936.0,Weekly COGS Food,INV-04250908
100838,2025-05-31,HQ,Office Rent & Admin,113067000.0,HO rent & admin,ADM-202505
100839,"Jan 18, 2026",ST-06,  COGS - Merchandise ,41921072.0,Weekly COGS Merchandise,INV-06260112
100840,24/08/2025,ST-08,Revenue - Beverage,-30453800.0,Weekly POS sales Beverage,POS-08250818
100841,2025-10-19,ST-04,Revenue - Merchandise,-41493600.0,Weekly POS sales Merchandise,POS-04251013
100842,"Feb 07, 2026",ST-10,COGS - Beverage,14823344.0,Weekly COGS Beverage,INV-10260201
100843,2026-07-19,ST-12,Revenue - Food,-34986600.0,Weekly POS sales Food,POS-12260713
100844,2026-08-16,ST-10,COGS - Food,31596591.0,Weekly COGS Food,INV-10260810
100845,"Feb 07, 2025",ST-02,Revenue - Merchandise,-59040000.0,Weekly POS sales Merchandise,POS-02250201
100846,2025-09-30,ST-01,Delivery Platform Commission,47396045.0,Delivery aggregator fees,DLV-202509
100847,"Apr 30, 2026",ST-07,Repairs & Maintenance,16703000.0,R&M,RPM-202604
100848,2025-01-19,ST-05,Revenue - Beverage,-59186400.0,Weekly POS sales Beverage,POS-05250113
100849,"Feb 16, 2025",ST-02,Revenue - Food,-103032000.0,Weekly POS sales Food,POS-02250210
100850,"Oct 19, 2025",ST-06,COGS - Merchandise,32274578.0,Weekly COGS Merchandise,INV-06251013
100851,2026-06-30,ST-01,  Depreciation - Store Assets ,43400000.0,Monthly depreciation,DEP-202606
100852,15/02/2026,ST-03,COGS - Beverage,36947782.0,Weekly COGS Beverage,INV-03260209
100853,2026-02-28,ST-05,Rent Expense,62254000.0,Store rent,RNT-202602
100854,30/09/2026,ST-12,Revenue - Beverage,-25484800.0,Weekly POS sales Beverage,POS-12260928
100855,"Apr 12, 2026",ST-03,COGS - Beverage,27107997.0,Weekly COGS Beverage,INV-03260406
100856,"Nov 09, 2025",,COGS - Food,79224661.0,Weekly COGS Food,INV-03251103
100857,"Sep 21, 2025",ST-07,Revenue - Food,-50175900.0,Weekly POS sales Food,POS-07250915
100858,"Jun 07, 2026",ST-02,COGS - Merchandise,41959213.0,Weekly COGS Merchandise,INV-02260601
100859,22/06/2025,ST-02,Revenue - Beverage,-53165000.0,Weekly POS sales Beverage,POS-02250616
100860,2026-07-31,ST-01,COGS - Beverage,38409975.0,Weekly COGS Beverage,INV-01260727
100861,2026-03-29,ST-04,Revenue - Food,-72688000.0,Weekly POS sales Food,POS-04260323
100862,"Feb 22, 2026",ST-01,COGS - Food,"87,669,336",Weekly COGS Food,INV-01260216
100863,2026-04-26,ST-02,COGS - Merchandise,37754560.0,Weekly COGS Merchandise,INV-02260420
100864,"Aug 17, 2025",ST-05,COGS - Beverage,19759897.0,Weekly COGS Beverage,INV-05250811
100865,"Apr 20, 2025",ST-08,Revenue - Beverage,-26289000.0,Weekly POS sales Beverage,POS-08250414
100866,2026-06-30,ST-05,Payroll - Store Staff,119849807.0,Monthly store payroll,PR-202606
100867,2026-02-22,ST-01,Revenue - Merchandise,-99619000.0,Weekly POS sales Merchandise,POS-01260216
100868,31/05/2026,ST-06,COGS - Food,50373008.0,Weekly COGS Food,INV-06260525
100869,2026-03-31,ST-10,Revenue - Beverage,-30110900.0,Weekly POS sales Beverage,POS-10260330
100870,"Feb 07, 2025",ST-05,COGS - Beverage,23803955.0,Weekly COGS Beverage,INV-05250201
100871,"May 07, 2026",ST-08,COGS - Merchandise,25613322.0,Weekly COGS Merchandise,INV-08260501
100872,31/12/2025,ST-06,Store Supplies,7728813.0,Packaging & supplies,SUP-202512
100873,"Mar 09, 2025",ST-05,COGS - Merchandise,25343332.0,Weekly COGS Merchandise,INV-05250303
100874,31/07/2026,ST-03,Delivery Platform Commission,65934890.0,Delivery aggregator fees,DLV-202607
100875,2026-08-31,ST-12,Utilities,8738068.0,Electricity & water,UTL-202608
100876,"May 07, 2026",ST-03,Revenue - Food,-133069200.0,Weekly POS sales Food,POS-03260501
100877,"Jul 07, 2026",ST-10,Revenue - Food,-57224700.0,Weekly POS sales Food,POS-10260701
100878,13/09/2026,ST-05,Revenue - Beverage,-48600000.0,Weekly POS sales Beverage,POS-05260907
100879,"Sep 14, 2025",ST-03,Revenue - Merchandise,-72820800.0,Weekly POS sales Merchandise,POS-03250908
100880,"Oct 07, 2025",ST-02,Revenue - Beverage,-45954000.0,Weekly POS sales Beverage,POS-02251001
100881,2026-01-31,ST-06,Depreciation - Store Assets,28000000.0,Monthly depreciation,DEP-202601
100882,2026-08-31,ST-10,Revenue - Beverage,-37969800.0,Weekly POS sales Beverage,POS-10260831
100883,23/08/2026,ST-02,Revenue - Beverage,"-55,087,500",Weekly POS sales Beverage,POS-02260817
100884,31/08/2025,ST-10,Payroll - Store Staff,36373025.0,Monthly store payroll,PR-202508
100885,2026-04-30,ST-06,COGS - Food,42241121.0,Weekly COGS Food,INV-06260427
100886,2025-02-28,ST-03,  Delivery Platform Commission ,65581827.0,Delivery aggregator fees,DLV-202502
100887,30/09/2026,ST-06,Rent Expense,67733000.0,Store rent,RNT-202609
100888,2025-08-17,ST-03,Revenue - Merchandise,-76507200.0,Weekly POS sales Merchandise,POS-03250811
100889,"May 07, 2026",ST-12,Revenue - Food,-30451500.0,Weekly POS sales Food,POS-12260501
100890,2026-06-21,ST-07,Revenue - Food,-55308800.0,Weekly POS sales Food,POS-07260615
100891,2026-07-19,ST-02,COGS - Food,46372539.0,Weekly COGS Food,INV-02260713
100892,27/09/2026,ST-11,COGS - Merchandise,32772294.0,Weekly COGS Merchandise,INV-11260921
100893,"Apr 07, 2025",ST-01,Revenue - Merchandise,-69042000.0,Weekly POS sales Merchandise,POS-01250401
100894,2025-08-17,ST-06,COGS - MERCHANDISE,42109919.0,Weekly COGS Merchandise,INV-06250811
100895,2026-08-23,ST-09,Revenue - Merchandise,-48743800.0,Weekly POS sales Merchandise,POS-09260817
100896,2025-01-31,ST-02,COGS - Merchandise,34627692.0,Weekly COGS Merchandise,INV-02250127
100897,31/10/2025,ST-04,COGS - Merchandise,38010101.0,Weekly COGS Merchandise,INV-04251027
100898,2025-11-23,ST-08,COGS - FOOD,26662094.0,Weekly COGS Food,INV-08251117
100899,31/10/2025,ST-01,Payroll - Store Staff,157063277.0,Monthly store payroll,PR-202510
100900,2026-09-13,ST-07,COGS - Merchandise,19239062.0,Weekly COGS Merchandise,INV-07260907
100901,2025-03-31,ST-04,Utilities,16031784.0,Electricity & water,UTL-202503
100902,"Apr 07, 2025",ST-06,COGS - Merchandise,26187106.0,Weekly COGS Merchandise,INV-06250401
100903,16/03/2025,ST-06,Revenue - Food,-72758400.0,Weekly POS sales Food,POS-06250310
100904,20/09/2026,ST-07,COGS - Merchandise,21739247.0,Weekly COGS Merchandise,INV-07260914
100905,2025-09-28,ST-10,Revenue - Merchandise,-15142700.0,Weekly POS sales Merchandise,POS-10250922
100906,2025-06-22,ST-03,Revenue - Merchandise,-74946200.0,Weekly POS sales Merchandise,POS-03250616
100907,2025-12-31,ST-05,Rent Expense,67429000.0,Store rent,RNT-202512
100908,2026-08-23,ST-03,COGS - Merchandise,64328452.0,Weekly COGS Merchandise,INV-03260817
100909,2026-06-14,ST-02,Revenue - Food,-84000000.0,Weekly POS sales Food,POS-02260608
100910,2025-09-30,ST-01,COGS - Beverage,25864596.0,Weekly COGS Beverage,INV-01250929
100911,2025-04-13,ST-09,COGS - Food,23647127.0,Weekly COGS Food,INV-09250407
100912,2026-06-30,HQ,Marketing - Brand,175391048.0,Brand campaigns,MKT-HO-202606
100913,"Jun 07, 2026",ST-08,Revenue - Food,-57477000.0,Weekly POS sales Food,POS-08260601
100914,2025-07-31,ST-06,Revenue - Beverage,-54082600.0,Weekly POS sales Beverage,POS-06250728
100915,"Feb 07, 2026",ST-09,Revenue - Food,-104709000.0,Weekly POS sales Food,POS-09260201
100916,2025-06-30,ST-05,Rent Expense,64635000.0,Store rent,RNT-202506
100917,2026-09-13,ST-04,Revenue - Food,-73871900.0,Weekly POS sales Food,POS-04260907
100918,2026-06-30,ST-11,COGS - Food,34532223.0,Weekly COGS Food,INV-11260629
100919,2026-02-28,ST-01,Repairs & Maintenance,3551000.0,R&M,RPM-202602
100920,26/07/2026,ST-10,Revenue - Beverage,-39928400.0,Weekly POS sales Beverage,POS-10260720
100921,31/05/2026,ST-04,Depreciation - Store Assets,28000000.0,Monthly depreciation,DEP-202605
100922,16/03/2025,ST-06,COGS - Beverage,19065479.0,Weekly COGS Beverage,INV-06250310
100923,2026-09-13,ST-06,COGS - Merchandise,36527734.0,Weekly COGS Merchandise,INV-06260907
100924,"Jul 26, 2026",ST-08,COGS - Beverage,"14,163,109",Weekly COGS Beverage,INV-08260720
100925,2025-10-31,ST-06,COGS - Beverage,17773259.0,Weekly COGS Beverage,INV-06251027
100926,"Apr 30, 2025",ST-06,Store Supplies,5639921.0,Packaging & supplies,SUP-202504
100927,30/06/2026,ST-06,Marketing - Local,15724457.0,Local store marketing,MKT-202606
100928,2025-12-31,ST-05,Store Supplies,10052768.0,Packaging & supplies,SUP-202512
100929,"Aug 07, 2026",ST-04,COGS - Food,55082171.0,Weekly COGS Food,INV-04260801
100930,21/09/2025,ST-02,COGS - Beverage,16666488.0,Weekly COGS Beverage,INV-02250915
100931,"Apr 30, 2026",ST-06,Utilities,14082952.0,Electricity & water,UTL-202604
100932,2026-09-20,ST-07,COGS - Food,30450216.0,Weekly COGS Food,INV-07260914
100933,2026-04-30,ST-10,Delivery Platform Commission,21844586.0,Delivery aggregator fees,DLV-202604
100934,31/10/2025,ST-02,COGS - Beverage,18935574.0,Weekly COGS Beverage,INV-02251027
100935,2025-04-13,ST-06,Revenue - Food,-64410000.0,Weekly POS sales Food,POS-06250407
100936,"Jul 12, 2026",ST-09,COGS - Food,59677425.0,Weekly COGS Food,INV-09260706
100937,"Aug 16, 2026",ST-10,COGS - Merchandise,24282051.0,Weekly COGS Merchandise,INV-10260810
100938,"Apr 12, 2026",ST-04,Revenue - Beverage,-55578000.0,Weekly POS sales Beverage,POS-04260406
100939,28/06/2026,ST-03,COGS - Beverage,37622657.0,Weekly COGS Beverage,INV-03260622
100940,2026-07-31,ST-02,Repairs & Maintenance,5410000.0,R&M,RPM-202607
100941,"Jul 26, 2026",ST-03,Revenue - Food,-152789000.0,Weekly POS sales Food,POS-03260720
100942,31/08/2026,ST-08,Store Supplies,5397011.0,Packaging & supplies,SUP-202608
100943,2025-04-30,ST-06,Delivery Platform Commission,39158642.0,Delivery aggregator fees,DLV-202504
100944,28/02/2026,ST-06,Repairs & Maintenance,8401000.0,R&M,RPM-202602
100945,2025-03-31,ST-03,Rent Expense,105295000.0,Store rent,RNT-202503
100946,2026-06-21,ST-11,Revenue - Merchandise,-38682000.0,Weekly POS sales Merchandise,POS-11260615
100947,"Feb 28, 2025",ST-08,Depreciation - Store Assets,17360000.0,Monthly depreciation,DEP-202502
100948,2026-07-31,ST-03,COGS - Food,87388159.0,Weekly COGS Food,INV-03260727
100949,"Jan 07, 2026",ST-01,COGS - Merchandise,64222397.0,Weekly COGS Merchandise,INV-01260101
100950,"Feb 09, 2025",ST-03,Revenue - Merchandise,-85191300.0,Weekly POS sales Merchandise,POS-03250203
100951,2025-05-18,ST-04,Revenue - Merchandise,-44469000.0,Weekly POS sales Merchandise,POS-04250512
100952,2025-04-20,ST-06,COGS - Merchandise,35055011.0,Weekly COGS Merchandise,INV-06250414
100953,"Sep 13, 2026",ST-03,Revenue - Beverage,-95184600.0,Weekly POS sales Beverage,POS-03260907
100954,2025-11-16,ST-08,COGS - Merchandise,24079449.0,Weekly COGS Merchandise,INV-08251110
100955,2025-08-31,ST-08,Revenue - Food,-45508700.0,Weekly POS sales Food,POS-08250825
100956,"May 31, 2026",ST-03,Payroll - Store Staff,183961083.0,Monthly store payroll,PR-202605
100957,"Jun 07, 2025",ST-07,Revenue - Merchandise,-31080000.0,Weekly POS sales Merchandise,POS-07250601
100958,31/12/2025,ST-03,  Utilities ,31109921.0,Electricity & water,UTL-202512
100959,2025-11-30,ST-06,COGS - Merchandise,36780253.0,Weekly COGS Merchandise,INV-06251124
100960,2025-03-23,ST-05,Revenue - Merchandise,-44237600.0,Weekly POS sales Merchandise,POS-05250317
100961,"Jul 27, 2025",ST-09,Revenue - Food,-58211300.0,Weekly POS sales Food,POS-09250721
100962,2026-02-15,ST-04,Revenue - Food,-102826200.0,Weekly POS sales Food,POS-04260209
100963,31/03/2025,ST-09,Rent Expense,68165000.0,Store rent,RNT-202503
100964,26/01/2025,ST-06,Revenue - Merchandise,-54469800.0,Weekly POS sales Merchandise,POS-06250120
100965,28/02/2026,ST-05,Depreciation - Store Assets,28000000.0,Monthly depreciation,DEP-202602
100966,"Jul 07, 2025",ST-04,COGS - Merchandise,35822454.0,Weekly COGS Merchandise,INV-04250701
100967,23/03/2025,ST-06,COGS - Merchandise,32944481.0,Weekly COGS Merchandise,INV-06250317
100968,"Jan 11, 2026",ST-02,COGS - Food,61213683.0,Weekly COGS Food,INV-02260105
100969,"Jul 12, 2026",ST-01,Revenue - Merchandise,-88973000.0,Weekly POS sales Merchandise,POS-01260706
100970,"May 07, 2026",ST-11,Revenue - Merchandise,-33015400.0,Weekly POS sales Merchandise,POS-11260501
100971,"Nov 07, 2025",ST-05,Revenue - Food,-80537600.0,Weekly POS sales Food,POS-05251101
100972,2025-09-21,ST-02,Revenue - Food,-72039000.0,Weekly POS sales Food,POS-02250915
100973,2026-09-30,ST-08,Revenue - Food,-51979200.0,Weekly POS sales Food,POS-08260928
100974,"Jun 07, 2026",ST-09,COGS - Merchandise,36882259.0,Weekly COGS Merchandise,INV-09260601
100975,2025-04-13,ST-04,Revenue - Beverage,-51547300.0,Weekly POS sales Beverage,POS-04250407
100976,"Jun 07, 2025",ST-04,COGS - Beverage,18295746.0,Weekly COGS Beverage,INV-04250601
100977,2026-07-19,ST-04,COGS - Beverage,20427663.0,Weekly COGS Beverage,INV-04260713
100978,30/08/2026,ST-02,COGS - Beverage,20635838.0,Weekly COGS Beverage,INV-02260824
100979,2025-10-31,ST-08,Revenue - Beverage,-36995400.0,Weekly POS sales Beverage,POS-08251027
100980,"Jul 12, 2026",ST-07,Revenue - Beverage,-36747300.0,Weekly POS sales Beverage,POS-07260706
100981,"May 11, 2025",ST-09,Revenue - Merchandise,-26923900.0,Weekly POS sales Merchandise,POS-09250505
100982,"Nov 07, 2025",ST-08,Revenue - Merchandise,-34765500.0,Weekly POS sales Merchandise,POS-08251101
100983,"Apr 07, 2026",ST-07,COGS - Food,31364092.0,Weekly COGS Food,INV-07260401
100984,"Nov 07, 2025",ST-08,Revenue - Beverage,-35275500.0,Weekly POS sales Beverage,POS-08251101
100985,"Jun 07, 2025",ST-04,Revenue - Merchandise,"-45,326,400",Weekly POS sales Merchandise,POS-04250601
100986,"Apr 12, 2026",ST-01,COGS - Merchandise,58435153.0,Weekly COGS Merchandise,INV-01260406
100987,"May 07, 2025",ST-02,Revenue - Food,-86590400.0,Weekly POS sales Food,POS-02250501
100988,"Feb 07, 2025",ST-08,COGS - Beverage,8909833.0,Weekly COGS Beverage,INV-08250201
100989,31/10/2025,ST-05,Revenue - Beverage,-43742600.0,Weekly POS sales Beverage,POS-05251027
100990,2025-03-16,ST-08,COGS - Beverage,7323621.0,Weekly COGS Beverage,INV-08250310
100991,2025-09-14,ST-09,Revenue - Food,-60830700.0,Weekly POS sales Food,POS-09250908
100992,"Jan 19, 2025",ST-01,Revenue - Merchandise,-82010700.0,Weekly POS sales Merchandise,POS-01250113
100993,"Jan 11, 2026",ST-10,Revenue - Beverage,-35002800.0,Weekly POS sales Beverage,POS-10260105
100994,20/04/2025,ST-05,COGS - Food,36939603.0,Weekly COGS Food,INV-05250414
100995,"Sep 30, 2025",ST-02,COGS - Beverage,17566963.0,Weekly COGS Beverage,INV-02250929
100996,"Aug 09, 2026",ST-04,Revenue - Food,-93498400.0,Weekly POS sales Food,POS-04260803
100997,2025-09-30,ST-06,COGS - Merchandise,35387559.0,Weekly COGS Merchandise,INV-06250929
100998,31/08/2025,ST-05,Delivery Platform Commission,34947365.0,Delivery aggregator fees,DLV-202508
100999,2026-08-30,ST-12,COGS - Beverage,9177008.0,Weekly COGS Beverage,INV-12260824
101000,"Oct 07, 2025",ST-07,COGS - Beverage,11045675.0,Weekly COGS Beverage,INV-07251001
101001,"Jul 12, 2026",ST-06,COGS - Merchandise,"39,424,197",Weekly COGS Merchandise,INV-06260706
101002,"Apr 07, 2025",ST-08,COGS - Beverage,7385126.0,Weekly COGS Beverage,INV-08250401
101003,2026-01-18,ST-10,COGS - Food,28114441.0,Weekly COGS Food,INV-10260112
101004,2025-06-30,ST-04,Repairs & Maintenance,15201000.0,R&M,RPM-202506
101005,31/08/2026,ST-09,Repairs & Maintenance,"4,593,000",R&M,RPM-202608
101006,27/07/2025,ST-03,Revenue - Merchandise,-73815000.0,Weekly POS sales Merchandise,POS-03250721
101007,2025-01-26,,COGS - Merchandise,63956202.0,Weekly COGS Merchandise,INV-01250120
101008,"Jul 31, 2025",ST-05,Repairs & Maintenance,8950000.0,R&M,RPM-202507
101009,25/05/2025,ST-04,Revenue - Merchandise,-46194100.0,Weekly POS sales Merchandise,POS-04250519
101010,2025-08-31,ST-06,Store Supplies,7320215.0,Packaging & supplies,SUP-202508
101011,"Sep 21, 2025",ST-08,COGS - Beverage,13327311.0,Weekly COGS Beverage,INV-08250915
101012,2025-03-30,ST-02,Revenue - Beverage,-42277600.0,Weekly POS sales Beverage,POS-02250324
101013,"May 10, 2026",ST-10,COGS - Food,32878243.0,Weekly COGS Food,INV-10260504
101014,"Aug 23, 2026",ST-08,Revenue - Food,-63998400.0,Weekly POS sales Food,POS-08260817
101015,"Jul 07, 2026",ST-03,COGS - Beverage,"31,159,438",Weekly COGS Beverage,INV-03260701
101016,2026-04-26,ST-03,Revenue - Merchandise,-77872600.0,Weekly POS sales Merchandise,POS-03260420
101017,2026-08-23,ST-01,Revenue - Merchandise,-82977700.0,Weekly POS sales Merchandise,POS-01260817
101018,17/08/2025,ST-09,Revenue - Merchandise,-35463200.0,Weekly POS sales Merchandise,POS-09250811
101019,"Mar 08, 2026",ST-05,Revenue - Beverage,-50133400.0,Weekly POS sales Beverage,POS-05260302
101020,2025-04-30,ST-02,Revenue - Beverage,-48059500.0,Weekly POS sales Beverage,POS-02250428
101021,"Oct 07, 2025",ST-08,  COGS - Beverage ,10574221.0,Weekly COGS Beverage,INV-08251001
101022,2025-04-30,ST-04,Depreciation - Store Assets,28000000.0,Monthly depreciation,DEP-202504
101023,"Feb 08, 2026",ST-05,Revenue - Beverage,-69825500.0,Weekly POS sales Beverage,POS-05260202
101024,"Apr 12, 2026",ST-02,Revenue - Merchandise,-48784400.0,Weekly POS sales Merchandise,POS-02260406
101025,2025-10-19,ST-01,Revenue - Merchandise,-71442000.0,Weekly POS sales Merchandise,POS-01251013
101026,"Jan 25, 2026",ST-10,COGS - Merchandise,19347651.0,Weekly COGS Merchandise,INV-10260119
101027,"Jan 07, 2025",ST-03,Revenue - Merchandise,-76713000.0,Weekly POS sales Merchandise,POS-03250101
101028,2026-02-28,ST-01,COGS - Merchandise,71432916.0,Weekly COGS Merchandise,INV-01260223
101029,31/05/2026,ST-11,Delivery Platform Commission,23550965.0,Delivery aggregator fees,DLV-202605
101030,2026-03-15,ST-07,COGS - Beverage,11769711.0,Weekly COGS Beverage,INV-07260309
101031,2025-08-17,ST-05,Revenue - Merchandise,-38220000.0,Weekly POS sales Merchandise,POS-05250811
101032,31/07/2025,ST-06,Revenue - Food,-90629000.0,Weekly POS sales Food,POS-06250728
101033,"Apr 07, 2025",ST-07,Revenue - Merchandise,-24624600.0,Weekly POS sales Merchandise,POS-07250401
101034,30/11/2025,ST-01,COGS - Food,69397508.0,Weekly COGS Food,INV-01251124
101035,2026-08-31,ST-11,Revenue - Food,-70983600.0,Weekly POS sales Food,POS-11260831
101036,"Apr 30, 2025",ST-06,Revenue - Food,-72209200.0,Weekly POS sales Food,POS-06250428
101037,2025-02-28,ST-05,Payroll - Store Staff,134517275.0,Monthly store payroll,PR-202502
101038,2026-02-28,ST-04,COGS - Food,65472019.0,Weekly COGS Food,INV-04260223
101039,16/11/2025,ST-08,Revenue - Beverage,-34362000.0,Weekly POS sales Beverage,POS-08251110
101040,16/08/2026,ST-01,Revenue - Merchandise,-87890000.0,Weekly POS sales Merchandise,POS-01260810
101041,"Aug 16, 2026",ST-11,COGS - Food,45859440.0,Weekly COGS Food,INV-11260810
101042,"May 31, 2026",ST-12,Revenue - Beverage,-17350000.0,Weekly POS sales Beverage,POS-12260525
101043,"Nov 07, 2025",ST-02,Revenue - Merchandise,-54608400.0,Weekly POS sales Merchandise,POS-02251101
101044,"Jun 07, 2026",ST-04,Revenue - Beverage,-57974400.0,Weekly POS sales Beverage,POS-04260601
101045,2025-12-31,ST-09,Delivery Platform Commission,49822061.0,Delivery aggregator fees,DLV-202512
101046,2026-08-30,ST-06,COGS - Food,49119529.0,Weekly COGS Food,INV-06260824
101047,"Jun 30, 2026",ST-05,Utilities,14206180.0,Electricity & water,UTL-202606
101048,"Feb 07, 2026",ST-09,COGS - Food,60008842.0,Weekly COGS Food,INV-09260201
101049,2025-05-31,ST-07,Delivery Platform Commission,18757201.0,Delivery aggregator fees,DLV-202505
101050,31/08/2026,ST-04,Delivery Platform Commission,60180617.0,Delivery aggregator fees,DLV-202608
101051,"Apr 07, 2026",ST-08,Revenue - Beverage,-29510400.0,Weekly POS sales Beverage,POS-08260401
101052,30/09/2026,ST-02,Revenue - Food,-81264600.0,Weekly POS sales Food,POS-02260928
101053,2025-08-31,ST-09,Utilities,10768386.0,Electricity & water,UTL-202508
101054,"Dec 28, 2025",ST-07,Revenue - Food,-54530500.0,Weekly POS sales Food,POS-07251222
101055,"Nov 07, 2025",ST-07,COGS - Beverage,13066935.0,Weekly COGS Beverage,INV-07251101
101056,2025-05-25,ST-08,Revenue - Beverage,-26282000.0,Weekly POS sales Beverage,POS-08250519
101057,"Feb 07, 2025",ST-07,COGS - Beverage,12076206.0,Weekly COGS Beverage,INV-07250201
101058,"Aug 09, 2026",ST-01,Revenue - Merchandise,-83032000.0,Weekly POS sales Merchandise,POS-01260803
101059,2026-03-22,ST-02,Revenue - Beverage,-52280600.0,Weekly POS sales Beverage,POS-02260316
101060,2026-08-31,ST-03,COGS - Beverage,27390525.0,Weekly COGS Beverage,INV-03260831
101061,"Sep 07, 2026",ST-11,COGS - Beverage,18652348.0,Weekly COGS Beverage,INV-11260901
101062,2025-10-19,ST-03,REVENUE - BEVERAGE,-78004500.0,Weekly POS sales Beverage,POS-03251013
101063,2026-02-22,ST-09,COGS - Food,57173055.0,Weekly COGS Food,INV-09260216
101064,2026-02-28,ST-05,Utilities,23051820.0,Electricity & water,UTL-202602
101065,"Jan 12, 2025",ST-05,Revenue - Food,-91579800.0,Weekly POS sales Food,POS-05250106
101066,"Aug 07, 2025",ST-07,Revenue - Food,-48706300.0,Weekly POS sales Food,POS-07250801
101067,"Aug 07, 2025",ST-07,COGS - FOOD,27268977.0,Weekly COGS Food,INV-07250801
101068,2026-05-24,ST-02,COGS - Food,47864298.0,Weekly COGS Food,INV-02260518
101069,2025-07-31,ST-04,COGS - Food,41691391.0,Weekly COGS Food,INV-04250728
101070,"Feb 08, 2026",ST-02,COGS - Beverage,22779899.0,Weekly COGS Beverage,INV-02260202
101071,2026-08-31,ST-11,Delivery Platform Commission,42337038.0,Delivery aggregator fees,DLV-202608
101072,18/01/2026,ST-01,Revenue - Merchandise,-89107200.0,Weekly POS sales Merchandise,POS-01260112
101073,"Sep 07, 2026",ST-10,COGS - Beverage,12836651.0,Weekly COGS Beverage,INV-10260901
101074,2026-04-30,ST-02,Utilities,18163072.0,Electricity & water,UTL-202604
101075,30/09/2025,ST-01,Store Supplies,13551624.0,Packaging & supplies,SUP-202509
101076,31/08/2026,ST-09,COGS - Food,40920081.0,Weekly COGS Food,INV-09260831
101077,"Feb 07, 2026",ST-01,Revenue - Food,-167769000.0,Weekly POS sales Food,POS-01260201
101078,2026-01-25,ST-04,COGS - Merchandise,"41,223,917",Weekly COGS Merchandise,INV-04260119
101079,"Apr 12, 2026",ST-09,Revenue - Merchandise,-44932000.0,Weekly POS sales Merchandise,POS-09260406
101080,2026-09-30,ST-03,Delivery Platform Commission,67779825.0,Delivery aggregator fees,DLV-202609
101081,"Mar 09, 2025",ST-03,COGS - Food,61089712.0,Weekly COGS Food,INV-03250303
101082,"Apr 30, 2026",ST-02,Delivery Platform Commission,30410959.0,Delivery aggregator fees,DLV-202604
101083,"May 10, 2026",ST-05,Revenue - Merchandise,-51993000.0,Weekly POS sales Merchandise,POS-05260504
101084,31/01/2026,ST-09,Payroll - Store Staff,137150487.0,Monthly store payroll,PR-202601
101085,2025-07-31,ST-04,Revenue - Food,-71445000.0,Weekly POS sales Food,POS-04250728
101086,"Aug 31, 2025",ST-05,Marketing - Local,15198758.0,Local store marketing,MKT-202508
101087,2026-04-30,ST-10,Revenue - Beverage,-30046400.0,Weekly POS sales Beverage,POS-10260427
101088,2026-01-31,HQ,Office Rent & Admin,109887000.0,HO rent & admin,ADM-202601
101089,30/09/2026,ST-04,Marketing - Local,7491931.0,Local store marketing,MKT-202609
101090,2025-12-31,ST-10,Delivery Platform Commission,20488234.0,Delivery aggregator fees,DLV-202512
101091,2026-03-22,ST-04,Revenue - Beverage,-54627200.0,Weekly POS sales Beverage,POS-04260316
101092,31/10/2025,ST-08,Utilities,8240611.0,Electricity & water,UTL-202510
101093,31/05/2026,ST-07,Revenue - Food,-49821300.0,Weekly POS sales Food,POS-07260525
101094,2025-06-15,ST-05,Revenue - Beverage,-58993500.0,Weekly POS sales Beverage,POS-05250609
101095,"Jun 30, 2025",ST-09,Marketing - Local,8821028.0,Local store marketing,MKT-202506
101096,"Jan 31, 2026",ST-08,COGS - Beverage,14697124.0,Weekly COGS Beverage,INV-08260126
101097,2026-04-26,ST-03,COGS - Food,74952133.0,Weekly COGS Food,INV-03260420
101098,"Sep 07, 2026",ST-08,Revenue - Merchandise,-31854400.0,Weekly POS sales Merchandise,POS-08260901
101099,31/08/2026,ST-12,Depreciation - Store Assets,17360000.0,Monthly depreciation,DEP-202608
101100,"Jul 31, 2026",ST-02,Revenue - Beverage,-59692300.0,Weekly POS sales Beverage,POS-02260727
101101,2026-02-28,ST-01,COGS - Beverage,39123848.0,Weekly COGS Beverage,INV-01260223
101102,29/06/2025,ST-01,COGS - Food,72337384.0,Weekly COGS Food,INV-01250623
101103,24/05/2026,ST-12,COGS - MERCHANDISE,11695270.0,Weekly COGS Merchandise,INV-12260518
101104,30/06/2026,ST-12,Revenue - Beverage,-19906500.0,Weekly POS sales Beverage,POS-12260629
101105,2025-05-18,ST-09,Revenue - Beverage,-32592600.0,Weekly POS sales Beverage,POS-09250512
101106,"Jul 07, 2026",ST-09,COGS - Merchandise,34761238.0,Weekly COGS Merchandise,INV-09260701
101107,2026-05-31,ST-06,COGS - Beverage,22956685.0,Weekly COGS Beverage,INV-06260525
101108,"Aug 31, 2026",HQ,Professional Fees,18260000.0,Audit/legal/consulting,PRF-202608
101109,"Jan 07, 2025",ST-05,Revenue - Merchandise,-56212000.0,Weekly POS sales Merchandise,POS-05250101
101110,2025-03-31,ST-06,COGS - Food,44070311.0,Weekly COGS Food,INV-06250331
101111,2026-08-31,ST-08,Depreciation - Store Assets,17360000.0,Monthly depreciation,DEP-202608
101112,"Aug 07, 2026",ST-01,Revenue - Beverage,-100135000.0,Weekly POS sales Beverage,POS-01260801
101113,"Jan 12, 2025",ST-03,Revenue - Beverage,-89107200.0,Weekly POS sales Beverage,POS-03250106
101114,2026-07-26,ST-04,COGS - Beverage,19385895.0,Weekly COGS Beverage,INV-04260720
101115,"Mar 07, 2026",ST-07,Revenue - Merchandise,-29632000.0,Weekly POS sales Merchandise,POS-07260301
101116,2026-01-18,ST-09,COGS - Beverage,24342725.0,Weekly COGS Beverage,INV-09260112
101117,"Aug 24, 2025",ST-04,Revenue - Merchandise,-45376100.0,Weekly POS sales Merchandise,POS-04250818
101118,31/01/2026,ST-4,Store Supplies,10565782.0,Packaging & supplies,SUP-202601
101119,"Sep 07, 2026",ST-02,Revenue - Beverage,-53460000.0,Weekly POS sales Beverage,POS-02260901
101120,2026-05-31,ST-02,Repairs & Maintenance,14675000.0,R&M,RPM-202605
101121,2025-11-16,ST-04,Revenue - Merchandise,-49493500.0,Weekly POS sales Merchandise,POS-04251110
101122,30/09/2025,ST-07,Revenue - Food,-56152200.0,Weekly POS sales Food,POS-07250929
101123,2026-06-30,ST-07,Utilities,11522155.0,Electricity & water,UTL-202606
101124,29/03/2026,ST-07,COGS - Merchandise,"21,915,864",Weekly COGS Merchandise,INV-07260323
101125,19/07/2026,ST-05,Revenue - Beverage,-63509500.0,Weekly POS sales Beverage,POS-05260713
101126,2025-07-31,ST-07,Rent Expense,41485000.0,Store rent,RNT-202507
101127,"May 07, 2025",ST-01,Revenue - Beverage,-71858500.0,Weekly POS sales Beverage,POS-01250501
101128,31/08/2026,ST-06,COGS - Beverage,23648333.0,Weekly COGS Beverage,INV-06260831
101129,24/08/2025,ST-03,COGS - Merchandise,62602890.0,Weekly COGS Merchandise,INV-03250818
101130,"Sep 07, 2025",ST-06,Revenue - Food,-61891000.0,Weekly POS sales Food,POS-06250901
101131,2026-09-30,ST-01,Revenue - Beverage,-71759600.0,Weekly POS sales Beverage,POS-01260928
101132,"Sep 14, 2025",ST-10,Revenue - Merchandise,-13479900.0,Weekly POS sales Merchandise,POS-10250908
101133,"Nov 23, 2025",ST-03,COGS - Food,69748321.0,Weekly COGS Food,INV-03251117
101134,2026-01-31,ST-05,Rent Expense,71279000.0,Store rent,RNT-202601
101135,2026-01-25,ST-01,COGS - Food,108898870.0,Weekly COGS Food,INV-01260119
101136,"May 31, 2025",ST-08,Delivery Platform Commission,11051381.0,Delivery aggregator fees,DLV-202505
101137,30/04/2025,HQ,Depreciation - HO Assets,45680000.0,HO depreciation,DEP-HO-202504
101138,2025-06-15,ST-03,COGS - Food,74222745.0,Weekly COGS Food,INV-03250609
101139,"Sep 07, 2025",ST-10,COGS - Beverage,6331243.0,Weekly COGS Beverage,INV-10250901
101140,"Jun 07, 2026",ST-06,COGS - Beverage,20605744.0,Weekly COGS Beverage,INV-06260601
101141,2026-07-26,ST-01,Revenue - Beverage,-80805600.0,Weekly POS sales Beverage,POS-01260720
101142,14/12/2025,ST-06,Revenue - Merchandise,-50358600.0,Weekly POS sales Merchandise,POS-06251208
101143,2025-08-24,ST-03,Revenue - Food,-119639700.0,Weekly POS sales Food,POS-03250818
101144,14/12/2025,ST-04,COGS - Beverage,25682904.0,Weekly COGS Beverage,INV-04251208
101145,"May 24, 2026",ST-01,COGS - Merchandise,63955539.0,Weekly COGS Merchandise,INV-01260518
101146,"Mar 31, 2026",ST-10,COGS - Merchandise,19239575.0,Weekly COGS Merchandise,INV-10260330
101147,2025-02-28,ST-05,Revenue - Food,-89523000.0,Weekly POS sales Food,POS-05250224
101148,2025-04-20,ST-03,Revenue - Merchandise,-69440700.0,Weekly POS sales Merchandise,POS-03250414
101149,"Feb 09, 2025",ST-01,Revenue - Merchandise,-71730000.0,Weekly POS sales Merchandise,POS-01250203
101150,2026-03-31,ST-08,Repairs & Maintenance,7758000.0,R&M,RPM-202603
101151,"Nov 09, 2025",ST-07,Revenue - Beverage,-32060800.0,Weekly POS sales Beverage,POS-07251103
101152,"Oct 19, 2025",ST-08,Revenue - Beverage,-29120000.0,Weekly POS sales Beverage,POS-08251013
101153,23/08/2026,ST-07,COGS - Merchandise,21243316.0,Weekly COGS Merchandise,INV-07260817
101154,"Feb 08, 2026",ST-05,COGS - Beverage,25976297.0,Weekly COGS Beverage,INV-05260202
101155,30/06/2026,ST-10,Marketing - Local,10007537.0,Local store marketing,MKT-202606
101156,"Jul 12, 2026",ST-08,Revenue - Food,-47432000.0,Weekly POS sales Food,POS-08260706
101157,2026-08-16,ST-04,Revenue - Beverage,-59853500.0,Weekly POS sales Beverage,POS-04260810
101158,30/04/2026,ST-05,COGS - Beverage,19768589.0,Weekly COGS Beverage,INV-05260427
101159,2025-01-31,ST-02,COGS - Beverage,22484885.0,Weekly COGS Beverage,INV-02250127
101160,"May 10, 2026",ST-04,Revenue - Merchandise,"-45,550,700",Weekly POS sales Merchandise,POS-04260504
101161,13/07/2025,ST-03,COGS - Beverage,28967933.0,Weekly COGS Beverage,INV-03250707
101162,23/11/2025,ST-02,Revenue - Beverage,-51381400.0,Weekly POS sales Beverage,POS-02251117
101163,"Jan 07, 2025",ST-05,COGS - Merchandise,39156913.0,Weekly COGS Merchandise,INV-05250101
101164,"Aug 10, 2025",ST-09,Revenue - Beverage,-38737600.0,Weekly POS sales Beverage,POS-09250804
101165,"Nov 09, 2025",ST-08,Revenue - Merchandise,-31682400.0,Weekly POS sales Merchandise,POS-08251103
101166,"May 31, 2026",ST-02,Utilities,15564817.0,Electricity & water,UTL-202605
101167,28/02/2025,ST-04,Revenue - Food,-110004000.0,Weekly POS sales Food,POS-04250224
101168,2026-06-14,ST-04,Revenue - Merchandise,-48800500.0,Weekly POS sales Merchandise,POS-04260608
101169,"Oct 31, 2025",HQ,Interest Expense,178752000.0,Loan interest,INT-202510
101170,2025-08-31,ST-05,Utilities,17935091.0,Electricity & water,UTL-202508
101171,22/02/2026,ST-05,Revenue - Beverage,-69079500.0,Weekly POS sales Beverage,POS-05260216
101172,15/02/2026,ST-07,Revenue - Food,-70008900.0,Weekly POS sales Food,POS-07260209
101173,"Nov 23, 2025",ST-01,Revenue - Beverage,-83721600.0,Weekly POS sales Beverage,POS-01251117
101174,2025-02-28,ST-06,COGS - Merchandise,43543242.0,Weekly COGS Merchandise,INV-06250224
101175,"Jul 07, 2025",ST-05,COGS - Food,"42,123,047",Weekly COGS Food,INV-05250701
101176,31/03/2025,ST-06,  Marketing - Local ,7846447.0,Local store marketing,MKT-202503
101177,2025-08-24,ST-02,COGS - Food,43437160.0,Weekly COGS Food,INV-02250818
101178,"Sep 20, 2026",ST-10,Revenue - Merchandise,-31521700.0,Weekly POS sales Merchandise,POS-10260914
101179,"Jun 22, 2025",ST-04,Revenue - Merchandise,-46904000.0,Weekly POS sales Merchandise,POS-04250616
101180,30/06/2025,ST-09,Revenue - Food,-57096900.0,Weekly POS sales Food,POS-09250630
101181,15/06/2025,ST-09,COGS - Beverage,12493450.0,Weekly COGS Beverage,INV-09250609
101182,"Feb 07, 2025",ST-07,COGS - Food,30798467.0,Weekly COGS Food,INV-07250201
101183,23/08/2026,ST-09,Revenue - Food,-81635400.0,Weekly POS sales Food,POS-09260817
101184,31/01/2026,ST-02,Revenue - Beverage,-76896000.0,Weekly POS sales Beverage,POS-02260126
101185,2025-12-21,ST-09,Revenue - Food,-92350500.0,Weekly POS sales Food,POS-09251215
101186,30/09/2026,ST-11,Revenue - Food,-66437800.0,Weekly POS sales Food,POS-11260928
101187,30/09/2025,ST-01,Revenue - Merchandise,-68262000.0,Weekly POS sales Merchandise,POS-01250929
101188,2025-10-19,ST-03,COGS - Beverage,28842030.0,Weekly COGS Beverage,INV-03251013
101189,13/09/2026,ST-02,COGS - Food,52891684.0,Weekly COGS Food,INV-02260907
101190,2026-03-29,ST-10,Revenue - Merchandise,-25245000.0,Weekly POS sales Merchandise,POS-10260323
101191,28/02/2025,ST-03,Repairs & Maintenance,14782000.0,R&M,RPM-202502
101192,2025-04-30,ST-08,Repairs & Maintenance,7130000.0,R&M,RPM-202504
101193,2025-02-16,ST-03,Revenue - Food,-165468200.0,Weekly POS sales Food,POS-03250210
101194,2026-01-31,ST-10,COGS - Beverage,12611097.0,Weekly COGS Beverage,INV-10260126
101195,16/08/2026,ST-02,Revenue - Food,-91974300.0,Weekly POS sales Food,POS-02260810
101196,21/09/2025,ST-10,COGS - Merchandise,12769676.0,Weekly COGS Merchandise,INV-10250915
101197,14/06/2026,ST-10,Revenue - Merchandise,-26449200.0,Weekly POS sales Merchandise,POS-10260608
101198,"Feb 28, 2025",ST-02,Revenue - Merchandise,-56271600.0,Weekly POS sales Merchandise,POS-02250224
101199,2025-04-30,ST-02,Depreciation - Store Assets,28000000.0,Monthly depreciation,DEP-202504
101200,"Feb 07, 2025",ST-04,COGS - Food,54135301.0,Weekly COGS Food,INV-04250201
101201,2025-03-31,ST-07,Repairs & Maintenance,6713000.0,R&M,RPM-202503
101202,"Dec 07, 2025",ST-07,Revenue - Beverage,-37748700.0,Weekly POS sales Beverage,POS-07251201
101203,31/05/2026,ST-05,Repairs & Maintenance,6493000.0,R&M,RPM-202605
101204,"Aug 31, 2025",ST-07,COGS - FOOD,27590764.0,Weekly COGS Food,INV-07250825
101205,2025-09-30,HQ,Marketing - Brand,70660383.0,Brand campaigns,MKT-HO-202509
101206,21/09/2025,ST-06,Revenue - Beverage,-47670500.0,Weekly POS sales Beverage,POS-06250915
101207,2026-08-31,ST-07,Revenue - Beverage,-32965600.0,Weekly POS sales Beverage,POS-07260831
101208,2026-01-31,ST-06,Revenue - Beverage,-68499200.0,Weekly POS sales Beverage,POS-06260126
101209,"Nov 07, 2025",ST-07,Revenue - Beverage,-34230000.0,Weekly POS sales Beverage,POS-07251101
101210,2026-01-31,HQ,Payroll - Head Office,330226000.0,HO payroll,PR-HO-202601
101211,2025-01-31,HQ,Bank Charges,22401000.0,Bank fees,BNK-202501
101212,31/03/2025,ST-04,Revenue - Beverage,-43650500.0,Weekly POS sales Beverage,POS-04250331
101213,2026-02-15,ST-02,Revenue - Food,-107655600.0,Weekly POS sales Food,POS-02260209
101214,31/01/2025,ST-03,Utilities,24418639.0,Electricity & water,UTL-202501
101215,"Aug 07, 2026",ST-12,Revenue - Beverage,-24624000.0,Weekly POS sales Beverage,POS-12260801
101216,"Aug 09, 2026",ST-10,Revenue - Beverage,-31264700.0,Weekly POS sales Beverage,POS-10260803
101217,"Aug 07, 2026",ST-06,COGS - Beverage,21008088.0,Weekly COGS Beverage,INV-06260801
101218,31/12/2025,ST-09,Payroll - Store Staff,141883862.0,Monthly store payroll,PR-202512
101219,27/09/2026,ST-12,COGS - Merchandise,14179369.0,Weekly COGS Merchandise,INV-12260921
101220,"Mar 08, 2026",ST-01,COGS - Food,75711540.0,Weekly COGS Food,INV-01260302
101221,"Jan 07, 2026",ST-05,Revenue - Beverage,-66444800.0,Weekly POS sales Beverage,POS-05260101
101222,2026-07-31,ST-03,Marketing - Local,12608234.0,Local store marketing,MKT-202607
101223,14/06/2026,ST-04,Revenue - Beverage,-55436400.0,Weekly POS sales Beverage,POS-04260608
101224,"Jan 12, 2025",ST-06,COGS - Food,56684807.0,Weekly COGS Food,INV-06250106
101225,"Mar 31, 2026",ST-10,Delivery Platform Commission,26931368.0,Delivery aggregator fees,DLV-202603
101226,"Mar 31, 2026",ST-01,Delivery Platform Commission,80516579.0,Delivery aggregator fees,DLV-202603
101227,"Sep 14, 2025",ST-03,COGS - Beverage,30755918.0,Weekly COGS Beverage,INV-03250908
101228,30/09/2025,ST-06,Revenue - Beverage,-47299500.0,Weekly POS sales Beverage,POS-06250929
101229,"Apr 07, 2025",ST-02,COGS - Food,42727137.0,Weekly COGS Food,INV-02250401
101230,"Jun 30, 2026",ST-11,Rent Expense,67664000.0,Store rent,RNT-202606
101231,"Sep 30, 2025",ST-03,Rent Expense,103007000.0,Store rent,RNT-202509
101232,27/09/2026,ST-02,COGS - Food,48570962.0,Weekly COGS Food,INV-02260921
101233,"Nov 30, 2025",ST-08,Payroll - Store Staff,66833961.0,Monthly store payroll,PR-202511
101234,2026-03-22,ST-06,COGS - Beverage,16896958.0,Weekly COGS Beverage,INV-06260316
101235,"Sep 30, 2025",ST-03,Revenue - Merchandise,-66127200.0,Weekly POS sales Merchandise,POS-03250929
101236,2026-05-31,ST-07,Revenue - Merchandise,-32176800.0,Weekly POS sales Merchandise,POS-07260525
101237,2026-05-31,ST-03,Revenue - Food,-125941200.0,Weekly POS sales Food,POS-03260525
101238,"Jan 11, 2026",ST-07,COGS - Beverage,14607715.0,Weekly COGS Beverage,INV-07260105
101239,31/08/2025,ST-01,Delivery Platform Commission,49347164.0,Delivery aggregator fees,DLV-202508
101240,"Feb 07, 2026",ST-06,COGS - Beverage,25202814.0,Weekly COGS Beverage,INV-06260201
101241,2025-09-28,ST-07,COGS - Merchandise,18935373.0,Weekly COGS Merchandise,INV-07250922
101242,31/07/2026,ST-09,Utilities,"18,812,439",Electricity & water,UTL-202607
101243,2026-06-30,ST-02,COGS - Beverage,19665066.0,Weekly COGS Beverage,INV-02260629
101244,2026-08-31,ST-07,Utilities,14935622.0,Electricity & water,UTL-202608
101245,2025-06-15,ST-1,Revenue - Merchandise,-85100400.0,Weekly POS sales Merchandise,POS-01250609
101246,2025-08-24,ST-05,COGS - Merchandise,33950328.0,Weekly COGS Merchandise,INV-05250818
101247,2025-09-30,ST-07,Payroll - Store Staff,63224859.0,Monthly store payroll,PR-202509
101248,2026-08-16,ST-04,COGS - Food,47522798.0,Weekly COGS Food,INV-04260810
101249,"Feb 28, 2025",ST-08,Marketing - Local,5852114.0,Local store marketing,MKT-202502
101250,2025-11-30,ST-01,Revenue - Merchandise,-68780000.0,Weekly POS sales Merchandise,POS-01251124
101251,2026-01-31,ST-05,Delivery Platform Commission,43485491.0,Delivery aggregator fees,DLV-202601
101252,2025-11-30,ST-02,Depreciation - Store Assets,28000000.0,Monthly depreciation,DEP-202511
101253,"Mar 07, 2025",ST-01,COGS - Food,61315481.0,Weekly COGS Food,INV-01250301
101254,30/09/2025,ST-10,Delivery Platform Commission,9142778.0,Delivery aggregator fees,DLV-202509
101255,2025-12-14,ST-02,Revenue - Merchandise,-57529400.0,Weekly POS sales Merchandise,POS-02251208
101256,"Feb 07, 2025",ST-03,COGS - Food,79218613.0,Weekly COGS Food,INV-03250201
101257,"Jan 31, 2025",ST-08,Repairs & Maintenance,12461000.0,R&M,RPM-202501
101258,2026-04-30,ST-03,COGS - Beverage,30135925.0,Weekly COGS Beverage,INV-03260427
101259,"Nov 07, 2025",ST-06,Revenue - Merchandise,-50546100.0,Weekly POS sales Merchandise,POS-06251101
101260,2025-06-29,ST-09,Revenue - Food,-60299400.0,Weekly POS sales Food,POS-09250623
101261,"Jun 30, 2026",ST-11,Payroll - Store Staff,82302099.0,Monthly store payroll,PR-202606
101262,24/05/2026,ST-08,COGS - Merchandise,22606624.0,Weekly COGS Merchandise,INV-08260518
101263,"Jul 12, 2026",ST-07,COGS - Merchandise,24606423.0,Weekly COGS Merchandise,INV-07260706
101264,2026-02-28,ST-10,COGS - Merchandise,20754819.0,Weekly COGS Merchandise,INV-10260223
101265,2025-09-21,ST-04,Revenue - Food,-64495500.0,Weekly POS sales Food,POS-04250915
101266,"Jul 31, 2025",ST-04,Repairs & Maintenance,14184000.0,R&M,RPM-202507
101267,"Jul 26, 2026",ST-09,Revenue - Merchandise,-62385600.0,Weekly POS sales Merchandise,POS-09260720
101268,31/07/2026,ST-11,Marketing - Local,7778291.0,Local store marketing,MKT-202607
101269,2025-12-28,ST-08,COGS - Merchandise,25510177.0,Weekly COGS Merchandise,INV-08251222
101270,31/07/2026,ST-07,Rent Expense,42020000.0,Store rent,RNT-202607
101271,"Apr 07, 2026",ST-07,COGS - Beverage,"14,059,695",Weekly COGS Beverage,INV-07260401
101272,"Jan 07, 2025",ST-08,Revenue - Merchandise,"-20,930,400",Weekly POS sales Merchandise,POS-08250101
101273,2025-09-28,ST-03,COGS - Beverage,"26,574,884",Weekly COGS Beverage,INV-03250922
101274,2026-04-19,ST-01,COGS - Beverage,34601107.0,Weekly COGS Beverage,INV-01260413
101275,2025-01-19,ST-06,COGS - Food,51916397.0,Weekly COGS Food,INV-06250113
101276,"Jul 07, 2026",ST-05,Revenue - Food,-101899200.0,Weekly POS sales Food,POS-05260701
101277,2026-06-14,ST-06,Revenue - Merchandise,-57968500.0,Weekly POS sales Merchandise,POS-06260608
101278,2025-03-16,ST-08,COGS - Merchandise,14527450.0,Weekly COGS Merchandise,INV-08250310
101279,2026-06-14,ST-03,COGS - Merchandise,61600217.0,Weekly COGS Merchandise,INV-03260608
101280,30/09/2026,ST-01,Marketing - Local,15199042.0,Local store marketing,MKT-202609
101281,2025-04-30,ST-02,COGS - FOOD,44213893.0,Weekly COGS Food,INV-02250428
101282,2025-04-27,ST-07,Revenue - Beverage,-35431900.0,Weekly POS sales Beverage,POS-07250421
101283,"Aug 10, 2025",ST-08,Revenue - Food,-52223600.0,Weekly POS sales Food,POS-08250804
101284,29/06/2025,ST-06,COGS - Food,44791380.0,Weekly COGS Food,INV-06250623
101285,30/11/2025,ST-05,COGS - Merchandise,29419266.0,Weekly COGS Merchandise,INV-05251124
101286,13/09/2026,ST-02,Revenue - Food,-89248500.0,Weekly POS sales Food,POS-02260907
101287,"Jun 07, 2026",ST-03,Revenue - Food,-132374000.0,Weekly POS sales Food,POS-03260601
101288,"Apr 12, 2026",ST-09,Revenue - Food,-92379100.0,Weekly POS sales Food,POS-09260406
101289,2026-05-24,ST-05,COGS - Food,60305209.0,Weekly COGS Food,INV-05260518
101290,"Apr 30, 2025",ST-01,Rent Expense,107260000.0,Store rent,RNT-202504
101291,2026-06-30,ST-08,Marketing - Local,8704098.0,Local store marketing,MKT-202606
101292,"Jan 31, 2026",ST-01 ,Repairs & Maintenance,12145000.0,R&M,RPM-202601
101293,31/12/2025,ST-05,Revenue - Beverage,-53494200.0,Weekly POS sales Beverage,POS-05251229
101294,30/08/2026,ST-10,Revenue - Merchandise,-28300200.0,Weekly POS sales Merchandise,POS-10260824
101295,2025-12-21,ST-05,Revenue - Beverage,-71484000.0,Weekly POS sales Beverage,POS-05251215
101296,2026-01-25,ST-05,Revenue - Merchandise,-56548800.0,Weekly POS sales Merchandise,POS-05260119
101297,"Feb 07, 2025",ST-05,Revenue - Food,-94912200.0,Weekly POS sales Food,POS-05250201
101298,2026-06-30,ST-09,Utilities,18355336.0,Electricity & water,UTL-202606
101299,"Jan 31, 2026",ST-05,Revenue - Merchandise,-49402500.0,Weekly POS sales Merchandise,POS-05260126
101300,"May 07, 2025",ST-05,COGS - Merchandise,32072232.0,Weekly COGS Merchandise,INV-05250501
101301,"Feb 08, 2026",ST-10,Revenue - Merchandise,-33533500.0,Weekly POS sales Merchandise,POS-10260202
101302,"Sep 07, 2026",ST-02,COGS - Beverage,19110112.0,Weekly COGS Beverage,INV-02260901
101303,2025-02-23,ST-07,Revenue - Merchandise,-34184400.0,Weekly POS sales Merchandise,POS-07250217
101304,"Mar 07, 2026",ST-09,COGS - Food,48350468.0,Weekly COGS Food,INV-09260301
101305,"Sep 30, 2026",ST-02,Revenue - Beverage,-49059900.0,Weekly POS sales Beverage,POS-02260928
101306,2025-12-31,HQ,IT & Software,62895000.0,SaaS & IT,ITS-202512
101307,"Feb 09, 2025",ST-04,COGS - Food,53786411.0,Weekly COGS Food,INV-04250203
101308,28/02/2026,ST-08,Revenue - Merchandise,-33525600.0,Weekly POS sales Merchandise,POS-08260223
101309,30/06/2026,ST-12,Payroll - Store Staff,45802111.0,Monthly store payroll,PR-202606
101310,"Mar 07, 2026",ST-05,Revenue - Food,-90537000.0,Weekly POS sales Food,POS-05260301
101311,2026-07-31,ST-2,Marketing - Local,"19,772,438",Local store marketing,MKT-202607
101312,"Sep 07, 2025",ST-02,COGS - Beverage,20323231.0,Weekly COGS Beverage,INV-02250901
101313,"Jun 08, 2025",ST-03,COGS - Beverage,28850264.0,Weekly COGS Beverage,INV-03250602
101314,2025-10-31,ST-07,COGS - Merchandise,21753237.0,Weekly COGS Merchandise,INV-07251027
101315,"Nov 09, 2025",ST-04,Revenue - Food,-77204400.0,Weekly POS sales Food,POS-04251103
101316,31/07/2025,ST-01,Utilities,22056937.0,Electricity & water,UTL-202507
101317,2025-09-21,ST-08,Revenue - Beverage,-36012600.0,Weekly POS sales Beverage,POS-08250915
101318,2026-01-31,ST-07,Revenue - Food,-60233400.0,Weekly POS sales Food,POS-07260126
101319,2025-09-14,ST-05,COGS - Merchandise,33561032.0,Weekly COGS Merchandise,INV-05250908
101320,22/03/2026,ST-04,COGS - Food,39220935.0,Weekly COGS Food,INV-04260316
101321,2025-10-19,ST-08,COGS - Beverage,10396549.0,Weekly COGS Beverage,INV-08251013
101322,"Oct 07, 2025",ST-02,COGS - Food,45386296.0,Weekly COGS Food,INV-02251001
101323,"Feb 07, 2026",ST-07,Revenue - Merchandise,-34033200.0,Weekly POS sales Merchandise,POS-07260201
101324,28/02/2026,ST-09,Store Supplies,9843203.0,Packaging & supplies,SUP-202602
101325,2026-03-29,ST-04,COGS - Beverage,19806246.0,Weekly COGS Beverage,INV-04260323
101326,2025-01-31,HQ,Depreciation - HO Assets,45683000.0,HO depreciation,DEP-HO-202501
101327,"May 17, 2026",ST-05,COGS - Merchandise,36970996.0,Weekly COGS Merchandise,INV-05260511
101328,2025-12-14,ST-06,Revenue - Food,-82454700.0,Weekly POS sales Food,POS-06251208
101329,"Aug 09, 2026",ST-08,Revenue - Beverage,-36256000.0,Weekly POS sales Beverage,POS-08260803
101330,2025-02-28,ST-05,Rent Expense,70346000.0,Store rent,RNT-202502
101331,13/04/2025,ST-03,COGS - Merchandise,54793016.0,Weekly COGS Merchandise,INV-03250407
101332,31/03/2025,ST-01,Store Supplies,12760401.0,Packaging & supplies,SUP-202503
101333,"Mar 29, 2026",ST-05,COGS - Food,43527006.0,Weekly COGS Food,INV-05260323
101334,"Apr 07, 2025",ST-04,COGS - Beverage,17391721.0,Weekly COGS Beverage,INV-04250401
101335,31/05/2026,HQ,Office Rent & Admin,109772000.0,HO rent & admin,ADM-202605
101336,2025-08-17,ST-03,COGS - Food,67851142.0,Weekly COGS Food,INV-03250811
101337,2026-01-31,ST-10,Marketing - Local,10694567.0,Local store marketing,MKT-202601
101338,"Aug 24, 2025",ST-10,COGS - Beverage,6136153.0,Weekly COGS Beverage,INV-10250818
101339,2025-05-31,ST-04,COGS - FOOD,41889617.0,Weekly COGS Food,INV-04250526
101340,2025-10-26,ST-01,COGS - Merchandise,49245169.0,Weekly COGS Merchandise,INV-01251020
101341,"Apr 07, 2026",ST-07,Revenue - Food,-55108000.0,Weekly POS sales Food,POS-07260401
101342,"Apr 07, 2026",ST-01,COGS - Merchandise,48047479.0,Weekly COGS Merchandise,INV-01260401
101343,2026-02-22,ST-06,COGS - Food,68874495.0,Weekly COGS Food,INV-06260216
101344,2025-02-28,ST-04,COGS - Food,61988078.0,Weekly COGS Food,INV-04250224
101345,"Sep 07, 2025",ST-06,Revenue - Merchandise,-46947600.0,Weekly POS sales Merchandise,POS-06250901
101346,2026-08-31,ST-05,Repairs & Maintenance,13389000.0,R&M,RPM-202608
101347,"Jul 07, 2026",ST-05,Revenue - Beverage,-57581600.0,Weekly POS sales Beverage,POS-05260701
101348,30/04/2025,ST-08,Delivery Platform Commission,17348552.0,Delivery aggregator fees,DLV-202504
101349,"Jan 07, 2026",ST-02,Revenue - Merchandise,-54544000.0,Weekly POS sales Merchandise,POS-02260101
101350,"Jul 31, 2025",ST-05,Repairs & Maintenance,8950000.0,R&M,RPM-202507
101351,13/07/2025,ST-08,COGS - Beverage,10472067.0,Weekly COGS Beverage,INV-08250707
101352,30/04/2025,ST-04,Marketing - Local,6315883.0,Local store marketing,MKT-202504
101353,2025-07-20,ST-09,COGS - Food,31767713.0,Weekly COGS Food,INV-09250714
101354,2025-04-27,ST-06,Revenue - Beverage,-48314000.0,Weekly POS sales Beverage,POS-06250421
101355,2026-04-30,HQ,Office Rent & Admin,121183000.0,HO rent & admin,ADM-202604
101356,2026-06-30,ST-11,Utilities,14754713.0,Electricity & water,UTL-202606
101357,14/09/2025,ST-05,Revenue - Merchandise,-49601800.0,Weekly POS sales Merchandise,POS-05250908
101358,17/05/2026,ST-09,Revenue - Food,-78565500.0,Weekly POS sales Food,POS-09260511
101359,"Dec 31, 2025",ST-02,COGS - Food,47291664.0,Weekly COGS Food,INV-02251229
101360,22/02/2026,ST-03,Revenue - Food,-140273400.0,Weekly POS sales Food,POS-03260216
101361,"Jul 12, 2026",ST-12,COGS - Beverage,8263879.0,Weekly COGS Beverage,INV-12260706
101362,2025-09-14,ST-09,COGS - Beverage,14630270.0,Weekly COGS Beverage,INV-09250908
101363,"Mar 08, 2026",ST-02,COGS - Beverage,18855056.0,Weekly COGS Beverage,INV-02260302
101364,"Apr 12, 2026",ST-09,Revenue - Beverage,-44624200.0,Weekly POS sales Beverage,POS-09260406
101365,"Jan 19, 2025",ST-08,COGS - Merchandise,13746128.0,Weekly COGS Merchandise,INV-08250113
101366,31/01/2025,ST-07,COGS - Merchandise,20751848.0,Weekly COGS Merchandise,INV-07250127
101367,2026-05-31,ST-07,Store Supplies,5037603.0,Packaging & supplies,SUP-202605
101368,"Jan 07, 2025",ST-05,COGS - Food,57643102.0,Weekly COGS Food,INV-05250101
101369,"Jul 12, 2026",ST-12,COGS - Merchandise,12903573.0,Weekly COGS Merchandise,INV-12260706
101370,2025-03-31,ST-03,COGS - Beverage,28626364.0,Weekly COGS Beverage,INV-03250331
101371,2026-09-13,ST-06,COGS - Food,44709224.0,Weekly COGS Food,INV-06260907
101372,17/08/2025,ST-10,Revenue - Beverage,-16841300.0,Weekly POS sales Beverage,POS-10250811
101373,31/10/2025,ST-06,Utilities,19042590.0,Electricity & water,UTL-202510
101374,2025-04-20,ST-07,COGS - Beverage,12502364.0,Weekly COGS Beverage,INV-07250414
101375,"Jul 07, 2026",ST-06,Revenue - Food,-88145200.0,Weekly POS sales Food,POS-06260701
101376,2026-04-30,ST-09,Repairs & Maintenance,9574000.0,R&M,RPM-202604
101377,28/09/2025,ST-05,Revenue - Food,-78116000.0,Weekly POS sales Food,POS-05250922
101378,"Aug 09, 2026",ST-09,COGS - Merchandise,41135709.0,Weekly COGS Merchandise,INV-09260803
101379,"Jul 31, 2026",ST-08,COGS - Merchandise,22820524.0,Weekly COGS Merchandise,INV-08260727
101380,2025-08-31,ST-05,COGS - Beverage,19593389.0,Weekly COGS Beverage,INV-05250825
101381,2026-09-20,ST-11,Revenue - Merchandise,-39973500.0,Weekly POS sales Merchandise,POS-11260914
101382,2025-03-16,ST-08,Revenue - Merchandise,-20809600.0,Weekly POS sales Merchandise,POS-08250310
101383,2026-05-17,ST-02,Revenue - Food,-93727400.0,Weekly POS sales Food,POS-02260511
101384,30/11/2025,ST-06,COGS - Beverage,21397802.0,Weekly COGS Beverage,INV-06251124
101385,"Jul 07, 2025",ST-08,COGS - Food,23454652.0,Weekly COGS Food,INV-08250701
101386,"Sep 28, 2025",ST-06,COGS - Merchandise,31653297.0,Weekly COGS Merchandise,INV-06250922
101387,2025-02-16,,COGS - Beverage,21400728.0,Weekly COGS Beverage,INV-05250210
101388,2025-03-30,ST-02,Revenue - Food,-67793900.0,Weekly POS sales Food,POS-02250324
101389,"Dec 07, 2025",ST-09,COGS - Merchandise,43892326.0,Weekly COGS Merchandise,INV-09251201
101390,"Jun 29, 2025",ST-05,Revenue - Merchandise,-49294500.0,Weekly POS sales Merchandise,POS-05250623
101391,31/01/2025,ST-03,Rent Expense,102736000.0,Store rent,RNT-202501
101392,"Feb 08, 2026",ST-01,COGS - Food,94923701.0,Weekly COGS Food,INV-01260202
101393,2025-07-13,ST-04,COGS - Beverage,18356519.0,Weekly COGS Beverage,INV-04250707
101394,17/05/2026,ST-03,COGS - Beverage,27589097.0,Weekly COGS Beverage,INV-03260511
101395,2026-01-25,ST-05,Revenue - Food,-81912600.0,Weekly POS sales Food,POS-05260119
101396,31/08/2026,ST-01,COGS - Beverage,30575850.0,Weekly COGS Beverage,INV-01260831
101397,14/06/2026,ST-12,Revenue - Merchandise,-18730800.0,Weekly POS sales Merchandise,POS-12260608
101398,28/02/2026,ST-04,Depreciation - Store Assets,28000000.0,Monthly depreciation,DEP-202602
101399,2025-07-20,ST-08,COGS - Merchandise,18623166.0,Weekly COGS Merchandise,INV-08250714
101400,"Apr 30, 2025",ST-01,COGS - Beverage,27640278.0,Weekly COGS Beverage,INV-01250428
101401,"Apr 19, 2026",ST-11,COGS - Beverage,12344005.0,Weekly COGS Beverage,INV-11260413
101402,31/07/2025,ST-09,  Repairs & Maintenance ,6708000.0,R&M,RPM-202507
101403,2026-09-30,ST-5,Utilities,20470105.0,Electricity & water,UTL-202609
101404,31/07/2025,ST-09,COGS - Beverage,13480690.0,Weekly COGS Beverage,INV-09250728
101405,"Dec 07, 2025",ST-10,COGS - Food,24846055.0,Weekly COGS Food,INV-10251201
101406,2025-08-31,ST-01,COGS - Beverage,27024075.0,Weekly COGS Beverage,INV-01250825
101407,2025-08-31,ST-05,Revenue - Beverage,-55879200.0,Weekly POS sales Beverage,POS-05250825
101408,13/09/2026,ST-04,COGS - Food,41033034.0,Weekly COGS Food,INV-04260907
101409,2025-12-14,ST-09,COGS - Beverage,24638881.0,Weekly COGS Beverage,INV-09251208
101410,28/02/2026,ST-06,Utilities,21647173.0,Electricity & water,UTL-202602
101411,31/07/2026,ST-02,Depreciation - Store Assets,28000000.0,Monthly depreciation,DEP-202607
101412,"Mar 08, 2026",ST-01,Revenue - Beverage,-58205000.0,Weekly POS sales Beverage,POS-01260302
101413,"May 10, 2026",ST-05,Revenue - Beverage,"-53,113,600",Weekly POS sales Beverage,POS-05260504
101414,2026-04-30,ST-09,Utilities,14916304.0,Electricity & water,UTL-202604
101415,"May 07, 2026",ST-03,COGS - Merchandise,57250624.0,Weekly COGS Merchandise,INV-03260501
101416,22/03/2026,ST-10,COGS - Beverage,8824215.0,Weekly COGS Beverage,INV-10260316
101417,15/02/2026,ST-06,Revenue - Beverage,-72237000.0,Weekly POS sales Beverage,POS-06260209
101418,2025-10-31,ST-03,Repairs & Maintenance,13323000.0,R&M,RPM-202510
101419,31/01/2025,HQ,Professional Fees,53874000.0,Audit/legal/consulting,PRF-202501
101420,16/11/2025,ST-02,Revenue - Merchandise,-38937600.0,Weekly POS sales Merchandise,POS-02251110
101421,30/08/2026,ST-07,COGS - Food,31844298.0,Weekly COGS Food,INV-07260824
101422,"Mar 08, 2026",ST-11,Revenue - Beverage,-27702000.0,Weekly POS sales Beverage,POS-11260302
101423,"Jan 12, 2025",ST-06,COGS - Merchandise,39693907.0,Weekly COGS Merchandise,INV-06250106
101424,2025-12-31,ST-05,COGS - Merchandise,39197956.0,Weekly COGS Merchandise,INV-05251229
101425,2025-03-23,ST-02,Revenue - Food,-71717600.0,Weekly POS sales Food,POS-02250317
101426,2025-03-31,ST-06,COGS - Merchandise,32285292.0,Weekly COGS Merchandise,INV-06250331
101427,2025-11-30,ST-07,Revenue - Food,-48894300.0,Weekly POS sales Food,POS-07251124
101428,2026-09-20,ST-12,Revenue - Merchandise,-20826900.0,Weekly POS sales Merchandise,POS-12260914
101429,2026-06-28,ST-03,Revenue - Merchandise,-76477500.0,Weekly POS sales Merchandise,POS-03260622
101430,22/03/2026,ST-01,REVENUE - FOOD,-112017700.0,Weekly POS sales Food,POS-01260316
101431,2026-01-18,ST-07,COGS - Merchandise,25700337.0,Weekly COGS Merchandise,INV-07260112
101432,28/02/2026,ST-04,Repairs & Maintenance,8645000.0,R&M,RPM-202602
101433,2025-02-16,ST-02,COGS - Merchandise,40555482.0,Weekly COGS Merchandise,INV-02250210
101434,14/12/2025,ST-10,Revenue - Merchandise,-26337600.0,Weekly POS sales Merchandise,POS-10251208
101435,2025-12-31,ST-08,Rent Expense,41364000.0,Store rent,RNT-202512
101436,2026-09-20,ST-02,COGS - Food,45524410.0,Weekly COGS Food,INV-02260914
101437,2026-04-19,ST-03,Revenue - Food,-131787600.0,Weekly POS sales Food,POS-03260413
101438,"Aug 09, 2026",ST-11,COGS - Merchandise,30915532.0,Weekly COGS Merchandise,INV-11260803
101439,"Mar 09, 2025",ST-08,Revenue - Merchandise,-18604200.0,Weekly POS sales Merchandise,POS-08250303
101440,31/01/2025,,Repairs & Maintenance,3574000.0,R&M,RPM-202501
101441,"Jun 30, 2026",ST-09,Depreciation - Store Assets,28000000.0,Monthly depreciation,DEP-202606
101442,"Mar 31, 2025",ST-07,Depreciation - Store Assets,17360000.0,Monthly depreciation,DEP-202503
101443,31/05/2026,ST-08,Revenue - Beverage,-36780600.0,Weekly POS sales Beverage,POS-08260525
101444,2026-08-31,ST-07,Delivery Platform Commission,34372247.0,Delivery aggregator fees,DLV-202608
101445,18/05/2025,ST-07,COGS - Merchandise,23795411.0,Weekly COGS Merchandise,INV-07250512
101446,"Aug 07, 2026",ST-04,COGS - Beverage,20127618.0,Weekly COGS Beverage,INV-04260801
101447,30/04/2025,ST-04,Utilities,15955939.0,Electricity & water,UTL-202504
101448,23/11/2025,ST-10,Revenue - Beverage,-24272400.0,Weekly POS sales Beverage,POS-10251117
101449,"Jun 07, 2026",ST-04,  Revenue - Food ,-86387000.0,Weekly POS sales Food,POS-04260601
101450,23/02/2025,ST-03,Revenue - Food,-128102400.0,Weekly POS sales Food,POS-03250217
101451,2025-09-21,ST-05,Revenue - Merchandise,-43742700.0,Weekly POS sales Merchandise,POS-05250915
101452,31/07/2025,ST-04,Store Supplies,"6,691,072",Packaging & supplies,SUP-202507
101453,"May 11, 2025",ST-08,COGS - Beverage,11255712.0,Weekly COGS Beverage,INV-08250505
101454,"Jul 12, 2026",ST-05,Revenue - Beverage,-67012400.0,Weekly POS sales Beverage,POS-05260706
101455,2026-05-31,ST-07,COGS - Beverage,14741030.0,Weekly COGS Beverage,INV-07260525
101456,"May 07, 2025",ST-05,Revenue - Merchandise,-44883300.0,Weekly POS sales Merchandise,POS-05250501
101457,31/01/2026,ST-03,Rent Expense,103946000.0,Store rent,RNT-202601
101458,2026-06-30,ST-10,COGS - Food,27934705.0,Weekly COGS Food,INV-10260629
101459,"Jul 12, 2026",ST-03,COGS - Beverage,37429046.0,Weekly COGS Beverage,INV-03260706
101460,"Feb 16, 2025",ST-01,COGS - Merchandise,53722233.0,Weekly COGS Merchandise,INV-01250210
101461,"Sep 13, 2026",ST-09,COGS - Merchandise,40285161.0,Weekly COGS Merchandise,INV-09260907
101462,2026-03-31,ST-07,Marketing - Local,8178381.0,Local store marketing,MKT-202603
101463,"Feb 08, 2026",ST-03,COGS - Beverage,42799191.0,Weekly COGS Beverage,INV-03260202
101464,2026-03-29,ST-03,COGS - Beverage,31115088.0,Weekly COGS Beverage,INV-03260323
101465,2025-10-26,ST-09,REVENUE - BEVERAGE,-44212700.0,Weekly POS sales Beverage,POS-09251020
101466,30/09/2026,ST-06,COGS - Beverage,18355996.0,Weekly COGS Beverage,INV-06260928
101467,"Feb 08, 2026",ST-07,COGS - Food,40372109.0,Weekly COGS Food,INV-07260202
101468,"Jan 11, 2026",ST-04,Revenue - Merchandise,-62966400.0,Weekly POS sales Merchandise,POS-04260105
101469,"Jan 18, 2026",ST-06,Revenue - Food,-99879000.0,Weekly POS sales Food,POS-06260112
101470,2025-04-30,ST-09,COGS - Beverage,9650398.0,Weekly COGS Beverage,INV-09250428
101471,2026-08-31,ST-02,COGS - Food,41929032.0,Weekly COGS Food,INV-02260831
101472,"Apr 20, 2025",ST-05,COGS - Beverage,16634422.0,Weekly COGS Beverage,INV-05250414
101473,"Jul 07, 2026",ST-10,COGS - Food,34621774.0,Weekly COGS Food,INV-10260701
101474,"Aug 07, 2026",ST-04,Revenue - Beverage,-56201600.0,Weekly POS sales Beverage,POS-04260801
101475,"May 10, 2026",ST-07,Revenue - Merchandise,-31968800.0,Weekly POS sales Merchandise,POS-07260504
101476,2025-11-30,ST-09,Marketing - Local,12750499.0,Local store marketing,MKT-202511
101477,"Jun 21, 2026",ST-11,COGS - Food,40879705.0,Weekly COGS Food,INV-11260615
101478,"May 07, 2026",ST-11,COGS - Merchandise,23032671.0,Weekly COGS Merchandise,INV-11260501
101479,"Mar 31, 2026",ST-01,Payroll - Store Staff,181936003.0,Monthly store payroll,PR-202603
101480,2026-08-31,ST-02,Marketing - Local,13975963.0,Local store marketing,MKT-202608
101481,28/02/2025,ST-08,Revenue - Beverage,"-24,320,800",Weekly POS sales Beverage,POS-08250224
101482,21/06/2026,ST-06,Revenue - Food,-88999000.0,Weekly POS sales Food,POS-06260615
101483,31/03/2025,ST-03,Payroll - Store Staff,172669085.0,Monthly store payroll,PR-202503
101484,2026-04-30,ST-03,Utilities,26040423.0,Electricity & water,UTL-202604
101485,15/02/2026,ST-01,Revenue - Food,-167372900.0,Weekly POS sales Food,POS-01260209
101486,2026-08-31,ST-07,Marketing - Local,5509812.0,Local store marketing,MKT-202608
101487,2026-03-15,ST-10,COGS - Beverage,10479587.0,Weekly COGS Beverage,INV-10260309
101488,"Mar 31, 2025",ST-07,Revenue - Beverage,-30729600.0,Weekly POS sales Beverage,POS-07250331
101489,"Dec 07, 2025",ST-05,COGS - Food,50015879.0,Weekly COGS Food,INV-05251201
101490,2026-09-20,ST-12,Revenue - Food,-35638400.0,Weekly POS sales Food,POS-12260914
101491,"Oct 07, 2025",ST-05,Revenue - Beverage,-47416400.0,Weekly POS sales Beverage,POS-05251001
101492,"Jul 12, 2026",ST-07,COGS - Food,35534256.0,Weekly COGS Food,INV-07260706
101493,"Mar 07, 2026",ST-09,Revenue - Food,-83721600.0,Weekly POS sales Food,POS-09260301
101494,2026-01-31,ST-01,DEPRECIATION - STORE ASSETS,43400000.0,Monthly depreciation,DEP-202601
101495,"Aug 10, 2025",ST-07,COGS - Beverage,"11,770,410",Weekly COGS Beverage,INV-07250804
101496,"Jun 07, 2026",ST-06,Revenue - Beverage,-54082600.0,Weekly POS sales Beverage,POS-06260601
101497,"May 07, 2025",ST-06,Revenue - Beverage,-42835800.0,Weekly POS sales Beverage,POS-06250501
101498,28/02/2025,ST-06,Depreciation - Store Assets,28000000.0,Monthly depreciation,DEP-202502
101499,30/03/2025,ST-08,COGS - Merchandise,14067758.0,Weekly COGS Merchandise,INV-08250324
101500,31/08/2025,ST-08,Utilities,9103067.0,Electricity & water,UTL-202508
101501,"Feb 07, 2025",ST-03,COGS - Beverage,37365326.0,Weekly COGS Beverage,INV-03250201
101502,2025-10-26,ST-08,Revenue - Beverage,-27817300.0,Weekly POS sales Beverage,POS-08251020
101503,"Nov 07, 2025",ST-02,Revenue - Beverage,-54014400.0,Weekly POS sales Beverage,POS-02251101
101504,2025-03-30,ST-07,Revenue - Food,-37279200.0,Weekly POS sales Food,POS-07250324
101505,26/01/2025,ST-02,Revenue - Food,-97072200.0,Weekly POS sales Food,POS-02250120
101506,26/07/2026,ST-05,COGS - Beverage,23389140.0,Weekly COGS Beverage,INV-05260720
101507,"Jan 07, 2026",ST-06,COGS - Food,66296070.0,Weekly COGS Food,INV-06260101
101508,"Jul 07, 2026",ST-06,COGS - Merchandise,36224010.0,Weekly COGS Merchandise,INV-06260701
101509,31/05/2026,ST-03,Marketing - Local,11970918.0,Local store marketing,MKT-202605
101510,"Sep 07, 2025",ST-07,Revenue - Food,-43152000.0,Weekly POS sales Food,POS-07250901
101511,"Mar 09, 2025",ST-07,Revenue - Beverage,-26640000.0,Weekly POS sales Beverage,POS-07250303
101512,2026-03-31,ST-03,Repairs & Maintenance,10250000.0,R&M,RPM-202603
101513,2025-07-31,ST-08,Marketing - Local,7509244.0,Local store marketing,MKT-202507
101514,16/08/2026,ST-02,COGS - Food,55050491.0,Weekly COGS Food,INV-02260810
101515,2025-04-27,ST-01,Revenue - Food,-119860300.0,Weekly POS sales Food,POS-01250421
101516,2025-06-22,ST-07,COGS - Food,28116598.0,Weekly COGS Food,INV-07250616
101517,"Jul 07, 2026",ST-02,COGS - Beverage,20083737.0,Weekly COGS Beverage,INV-02260701
101518,2026-08-31,ST-08,Payroll - Store Staff,87955039.0,Monthly store payroll,PR-202608
101519,"Oct 12, 2025",ST-01,COGS - Food,65959897.0,Weekly COGS Food,INV-01251006
101520,31/07/2026,ST-01,Marketing - Local,17767008.0,Local store marketing,MKT-202607
101521,"Jun 08, 2025",ST-02,COGS - Beverage,20218085.0,Weekly COGS Beverage,INV-02250602
101522,31/08/2025,ST-03,Payroll - Store Staff,161801560.0,Monthly store payroll,PR-202508
101523,22/06/2025,ST-02,COGS - Beverage,18913293.0,Weekly COGS Beverage,INV-02250616
101524,2026-02-28,ST-09,Revenue - Merchandise,-56484200.0,Weekly POS sales Merchandise,POS-09260223
101525,"Aug 07, 2026",ST-08,COGS - Beverage,11562634.0,Weekly COGS Beverage,INV-08260801
101526,"Jan 31, 2025",ST-06,Revenue - Beverage,-56460400.0,Weekly POS sales Beverage,POS-06250127
101527,2026-09-27,ST-10,COGS - FOOD,33470380.0,Weekly COGS Food,INV-10260921
101528,"Oct 31, 2025",ST-09,COGS - Food,44369585.0,Weekly COGS Food,INV-09251027
101529,"Jul 26, 2026",ST-02,Revenue - Beverage,-60481700.0,Weekly POS sales Beverage,POS-02260720
101530,"Nov 09, 2025",ST-10,COGS - Food,20386370.0,Weekly COGS Food,INV-10251103
101531,"Aug 09, 2026",ST-11,COGS - Beverage,18025739.0,Weekly COGS Beverage,INV-11260803
101532,20/07/2025,ST-04,Revenue - Beverage,-57753000.0,Weekly POS sales Beverage,POS-04250714
101533,"Sep 07, 2026",ST-04,COGS - Merchandise,42110339.0,Weekly COGS Merchandise,INV-04260901
101534,2026-04-26,ST-05,Revenue - Merchandise,-50421200.0,Weekly POS sales Merchandise,POS-05260420
101535,2025-06-29,ST-02,COGS - Beverage,19716891.0,Weekly COGS Beverage,INV-02250623
101536,"Aug 07, 2026",ST-12,COGS - Merchandise,16445916.0,Weekly COGS Merchandise,INV-12260801
101537,"Sep 13, 2026",ST-05,Revenue - Food,-89872200.0,Weekly POS sales Food,POS-05260907
101538,"Oct 31, 2025",ST-06,Delivery Platform Commission,36514383.0,Delivery aggregator fees,DLV-202510
101539,"Jul 12, 2026",ST-10,COGS - Beverage,12522750.0,Weekly COGS Beverage,INV-10260706
101540,"Oct 12, 2025",ST-02,COGS - Merchandise,32085510.0,Weekly COGS Merchandise,INV-02251006
101541,2025-02-28,ST-03,Rent Expense,108432000.0,Store rent,RNT-202502
101542,"Jan 25, 2026",ST-07,Revenue - Beverage,-45684400.0,Weekly POS sales Beverage,POS-07260119
101543,"Aug 31, 2026",ST-08,COGS - Beverage,12013851.0,Weekly COGS Beverage,INV-08260831
101544,"May 31, 2026",ST-02,Revenue - Beverage,-63510300.0,Weekly POS sales Beverage,POS-02260525
101545,30/04/2026,ST-02,Repairs & Maintenance,11469000.0,R&M,RPM-202604
101546,2025-06-30,ST-09,Delivery Platform Commission,29423728.0,Delivery aggregator fees,DLV-202506
101547,2025-11-16,ST-03,COGS - Merchandise,56712580.0,Weekly COGS Merchandise,INV-03251110
101548,2026-02-28,ST-10,COGS - Beverage,10233502.0,Weekly COGS Beverage,INV-10260223
101549,29/03/2026,ST-08,Revenue - Food,-50076400.0,Weekly POS sales Food,POS-08260323
101550,2025-08-31,ST-10,Store Supplies,2582536.0,Packaging & supplies,SUP-202508
101551,"Feb 28, 2026",ST-06,Store Supplies,9535437.0,Packaging & supplies,SUP-202602
101552,2026-01-31,ST-04,Utilities,16860983.0,Electricity & water,UTL-202601
101553,"Feb 07, 2026",ST-06,COGS - Merchandise,42258067.0,Weekly COGS Merchandise,INV-06260201
101554,31/08/2025,ST-05,COGS - Food,45209928.0,Weekly COGS Food,INV-05250825
101555,"Aug 09, 2026",ST-12,Revenue - Food,-45610400.0,Weekly POS sales Food,POS-12260803
101556,31/01/2025,ST-05,COGS - Food,50096311.0,Weekly COGS Food,INV-05250127
101557,2025-02-16,ST-07,COGS - Merchandise,22854023.0,Weekly COGS Merchandise,INV-07250210
101558,31/07/2025,ST-07,Store Supplies,5154715.0,Packaging & supplies,SUP-202507
101559,"Apr 07, 2025",ST-02,Revenue - Food,-75012000.0,Weekly POS sales Food,POS-02250401
101560,"Jun 15, 2025",ST-05,COGS - Merchandise,39238972.0,Weekly COGS Merchandise,INV-05250609
101561,2025-03-30,ST-05,COGS - Merchandise,31843853.0,Weekly COGS Merchandise,INV-05250324
101562,2025-02-28,ST-06,COGS - Food,59580298.0,Weekly COGS Food,INV-06250224
101563,2025-01-31,ST-01,Revenue - Merchandise,-87032000.0,Weekly POS sales Merchandise,POS-01250127
101564,14/09/2025,ST-09,COGS - Merchandise,31363988.0,Weekly COGS Merchandise,INV-09250908
101565,"Jun 07, 2025",ST-05,Revenue - Food,-85220100.0,Weekly POS sales Food,POS-05250601
101566,31/08/2025,ST-10,Repairs & Maintenance,12513000.0,R&M,RPM-202508
101567,"May 11, 2025",ST-01,COGS - Merchandise,53728345.0,Weekly COGS Merchandise,INV-01250505
101568,"Jul 31, 2025",ST-07,Revenue - Beverage,-33234000.0,Weekly POS sales Beverage,POS-07250728
101569,"Mar 23, 2025",ST-01,REVENUE - BEVERAGE,-71829000.0,Weekly POS sales Beverage,POS-01250317
101570,30/04/2025,ST-09,Payroll - Store Staff,57778123.0,Monthly store payroll,PR-202504
101571,"Jun 08, 2025",ST-05,COGS - Beverage,18594417.0,Weekly COGS Beverage,INV-05250602
101572,2026-03-31,ST-02,Revenue - Merchandise,-41723800.0,Weekly POS sales Merchandise,POS-02260330
101573,"Mar 07, 2026",ST-05,Revenue - Merchandise,-48059900.0,Weekly POS sales Merchandise,POS-05260301
101574,"Apr 12, 2026",ST-10,COGS - Beverage,11311977.0,Weekly COGS Beverage,INV-10260406
101575,"Mar 31, 2025",ST-05,Payroll - Store Staff,119436054.0,Monthly store payroll,PR-202503
101576,2026-08-31,ST-10,Repairs & Maintenance,12239000.0,R&M,RPM-202608
101577,2026-06-28,ST-12,COGS - Beverage,7491158.0,Weekly COGS Beverage,INV-12260622
101578,31/08/2025,ST-03,Rent Expense,104900000.0,Store rent,RNT-202508
101579,"Jun 29, 2025",ST-01,COGS - Merchandise,51758652.0,Weekly COGS Merchandise,INV-01250623
101580,31/07/2025,ST-06,COGS - Beverage,19786447.0,Weekly COGS Beverage,INV-06250728
101581,"Dec 31, 2025",ST-03,Rent Expense,110053000.0,Store rent,RNT-202512
101582,"Jul 07, 2026",ST-07,COGS - Beverage,12591753.0,Weekly COGS Beverage,INV-07260701
101583,30/09/2026,ST-02,Repairs & Maintenance,10854000.0,R&M,RPM-202609
101584,2026-03-22,ST-03,COGS - Food,69943642.0,Weekly COGS Food,INV-03260316
101585,2025-12-14,ST-05,Revenue - Merchandise,-64601700.0,Weekly POS sales Merchandise,POS-05251208
101586,2025-04-30,ST-04,Payroll - Store Staff,101497474.0,Monthly store payroll,PR-202504
101587,2025-04-20,ST-05,Revenue - Food,"-65,690,600",Weekly POS sales Food,POS-05250414
101588,2026-09-30,ST-10,Payroll - Store Staff,72803639.0,Monthly store payroll,PR-202609
101589,2026-04-19,ST-08,  Revenue - Merchandise ,-31482000.0,Weekly POS sales Merchandise,POS-08260413
101590,"May 10, 2026",ST-12,COGS - Beverage,6462878.0,Weekly COGS Beverage,INV-12260504
101591,2025-12-14,ST-06,COGS - Merchandise,"38,602,962",Weekly COGS Merchandise,INV-06251208
101592,26/01/2025,ST-07,Revenue - Beverage,-32395500.0,Weekly POS sales Beverage,POS-07250120
101593,2026-08-30,ST-04,COGS - Beverage,21088459.0,Weekly COGS Beverage,INV-04260824
101594,"Apr 07, 2026",ST-11,Revenue - Food,-49195200.0,Weekly POS sales Food,POS-11260401
101595,2025-04-20,ST-09,Revenue - Beverage,-32832000.0,Weekly POS sales Beverage,POS-09250414
101596,"Feb 07, 2026",ST-11,COGS - Food,33268540.0,Weekly COGS Food,INV-11260201
101597,31/03/2026,ST-01,Revenue - Food,-109877800.0,Weekly POS sales Food,POS-01260330
101598,26/01/2025,ST-04,Revenue - Beverage,-55844400.0,Weekly POS sales Beverage,POS-04250120
101599,"Jan 07, 2025",ST-03,Revenue - Beverage,-74195000.0,Weekly POS sales Beverage,POS-03250101
101600,"Jan 31, 2025",ST-01,Marketing - Local,29022758.0,Local store marketing,MKT-202501
101601,2025-04-30,ST-08,Store Supplies,4225689.0,Packaging & supplies,SUP-202504
101602,"Aug 09, 2026",ST-07,COGS - Beverage,14388956.0,Weekly COGS Beverage,INV-07260803
101603,2025-07-31,ST-06,Delivery Platform Commission,35526127.0,Delivery aggregator fees,DLV-202507
101604,"Jan 19, 2025",ST-02,Revenue - Merchandise,-53073300.0,Weekly POS sales Merchandise,POS-02250113
101605,"Aug 31, 2026",ST-01,Revenue - Food,-148999500.0,Weekly POS sales Food,POS-01260831
101606,2026-09-30,ST-08,Revenue - Beverage,-33665400.0,Weekly POS sales Beverage,POS-08260928
101607,2026-07-31,ST-12,Utilities,6602554.0,Electricity & water,UTL-202607
101608,2026-07-31,,Payroll - Head Office,295884000.0,HO payroll,PR-HO-202607
101609,2025-07-20,ST-01,COGS - Beverage,29826093.0,Weekly COGS Beverage,INV-01250714
101610,"Mar 07, 2025",ST-04,COGS - Beverage,14333828.0,Weekly COGS Beverage,INV-04250301
101611,"Aug 17, 2025",ST-09,Revenue - Food,-56434000.0,Weekly POS sales Food,POS-09250811
101612,"Apr 12, 2026",ST-03,COGS - Food,69414289.0,Weekly COGS Food,INV-03260406
101613,18/01/2026,ST-07,Revenue - Food,-63406800.0,Weekly POS sales Food,POS-07260112
101614,"Jan 11, 2026",ST-03,Revenue - Food,-147646800.0,Weekly POS sales Food,POS-03260105
101615,29/06/2025,ST-09,Revenue - Beverage,-33594000.0,Weekly POS sales Beverage,POS-09250623
101616,30/04/2025,ST-06,Depreciation - Store Assets,28000000.0,Monthly depreciation,DEP-202504
101617,2026-06-28,ST-01,Revenue - Food,"-138,378,300",Weekly POS sales Food,POS-01260622
101618,"Nov 30, 2025",ST-10,Marketing - Local,6500750.0,Local store marketing,MKT-202511
101619,"Aug 07, 2026",ST-11,COGS - Merchandise,30677580.0,Weekly COGS Merchandise,INV-11260801
101620,29/03/2026,ST-02,Revenue - Food,-80102400.0,Weekly POS sales Food,POS-02260323
101621,14/09/2025,ST-06,Revenue - Beverage,-53423200.0,Weekly POS sales Beverage,POS-06250908
101622,2025-09-14,ST-04,COGS - Merchandise,33911220.0,Weekly COGS Merchandise,INV-04250908
101623,2025-12-31,ST-08,COGS - Merchandise,24471422.0,Weekly COGS Merchandise,INV-08251229
101624,2025-04-30,ST-04,Rent Expense,69858000.0,Store rent,RNT-202504
101625,31/05/2025,ST-09,Delivery Platform Commission,29109408.0,Delivery aggregator fees,DLV-202505
101626,"Sep 13, 2026",ST-01,Revenue - Merchandise,-84572400.0,Weekly POS sales Merchandise,POS-01260907
101627,2026-06-21,ST-12,Revenue - Merchandise,-18334800.0,Weekly POS sales Merchandise,POS-12260615
101628,31/08/2026,ST-01,Delivery Platform Commission,75536555.0,Delivery aggregator fees,DLV-202608
101629,"Jun 07, 2025",ST-02,  Revenue - Food ,-65427000.0,Weekly POS sales Food,POS-02250601
101630,2026-04-19,ST-03,COGS - Food,76137500.0,Weekly COGS Food,INV-03260413
101631,2026-06-30,ST-05,Rent Expense,67570000.0,Store rent,RNT-202606
101632,2026-01-31,ST-03,Utilities,28082275.0,Electricity & water,UTL-202601
101633,"Nov 09, 2025",ST-03,COGS - Merchandise,55275297.0,Weekly COGS Merchandise,INV-03251103
101634,2026-04-30,ST-08,COGS - Beverage,10907033.0,Weekly COGS Beverage,INV-08260427
101635,2025-08-31,ST-05,COGS - Merchandise,35481434.0,Weekly COGS Merchandise,INV-05250825
101636,16/02/2025,ST-05,Revenue - Merchandise,-58683000.0,Weekly POS sales Merchandise,POS-05250210
101637,2026-04-19,ST-02,Revenue - Food,-79421100.0,Weekly POS sales Food,POS-02260413
101638,"Jan 07, 2026",ST-07,COGS - Food,34569840.0,Weekly COGS Food,INV-07260101
101639,"Aug 31, 2025",ST-03,Marketing - Local,13908545.0,Local store marketing,MKT-202508
101640,"Jun 08, 2025",ST-02,COGS - Merchandise,33412075.0,Weekly COGS Merchandise,INV-02250602
101641,2025-03-16,ST-02,COGS - Beverage,17816207.0,Weekly COGS Beverage,INV-02250310
101642,2025-09-28,ST-07,Revenue - Food,-44980500.0,Weekly POS sales Food,POS-07250922
101643,2025-08-17,ST-03,Revenue - Food,-117911500.0,Weekly POS sales Food,POS-03250811
101644,24/08/2025,ST-06,COGS - Food,44403015.0,Weekly COGS Food,INV-06250818
101645,2025-11-30,ST-01,Payroll - Store Staff,152236141.0,Monthly store payroll,PR-202511
101646,2025-11-30,ST-02,Store Supplies,10206267.0,Packaging & supplies,SUP-202511
101647,2025-07-13,ST-03,Revenue - Merchandise,-83491200.0,Weekly POS sales Merchandise,POS-03250707
101648,2026-01-18,ST-07,Revenue - Beverage,-49103600.0,Weekly POS sales Beverage,POS-07260112
101649,"Aug 07, 2026",ST-06,COGS - Merchandise,41192359.0,Weekly COGS Merchandise,INV-06260801
101650,2025-09-30,ST-06,Revenue - Food,-77044500.0,Weekly POS sales Food,POS-06250929
101651,2026-08-23,ST-06,Revenue - Merchandise,-51327900.0,Weekly POS sales Merchandise,POS-06260817
101652,2026-01-18,ST-02,Revenue - Food,-95519700.0,Weekly POS sales Food,POS-02260112
101653,2025-02-28,ST-03,Depreciation - Store Assets,43400000.0,Monthly depreciation,DEP-202502
101654,2026-08-31,HQ,Payroll - Head Office,280171000.0,HO payroll,PR-HO-202608
101655,"Jan 12, 2025",ST-02,COGS - Merchandise,44207750.0,Weekly COGS Merchandise,INV-02250106
101656,"Jan 26, 2025",ST-06,Revenue - Food,-89599400.0,Weekly POS sales Food,POS-06250120
101657,2026-08-23,ST-06,Revenue - Food,-96600600.0,Weekly POS sales Food,POS-06260817
101658,28/12/2025,ST-06,COGS - Food,54705772.0,Weekly COGS Food,INV-06251222
101659,21/09/2025,ST-07,COGS - Merchandise,16261542.0,Weekly COGS Merchandise,INV-07250915
101660,"Apr 19, 2026",ST-09,Revenue - Beverage,-56321400.0,Weekly POS sales Beverage,POS-09260413
101661,"May 10, 2026",ST-02,Revenue - Merchandise,-46740800.0,Weekly POS sales Merchandise,POS-02260504
101662,"Mar 08, 2026",ST-05,REVENUE - FOOD,-82620200.0,Weekly POS sales Food,POS-05260302
101663,28/02/2025,ST-06,Revenue - Beverage,-58406400.0,Weekly POS sales Beverage,POS-06250224
101664,2025-08-24,ST-01,Revenue - Merchandise,-64937100.0,Weekly POS sales Merchandise,POS-01250818
101665,"Mar 07, 2026",ST-10,Revenue - Beverage,-26545500.0,Weekly POS sales Beverage,POS-10260301
101666,31/05/2025,ST-09,Revenue - Beverage,-33854100.0,Weekly POS sales Beverage,POS-09250526
101667,31/12/2025,ST-07,COGS - Beverage,13283791.0,Weekly COGS Beverage,INV-07251229
101668,"Aug 16, 2026",ST-12,COGS - Food,24757594.0,Weekly COGS Food,INV-12260810
101669,2025-06-15,ST-09,Revenue - Beverage,-35880200.0,Weekly POS sales Beverage,POS-09250609
101670,2026-04-26,ST-02,Revenue - Merchandise,-50569800.0,Weekly POS sales Merchandise,POS-02260420
101671,17/05/2026,ST-11,COGS - Food,36735329.0,Weekly COGS Food,INV-11260511
101672,2026-08-30,ST-05,COGS - Beverage,20019348.0,Weekly COGS Beverage,INV-05260824
101673,2026-04-19,ST-11,COGS - Food,30025182.0,Weekly COGS Food,INV-11260413
101674,17/08/2025,ST-09,COGS - Food,34157651.0,Weekly COGS Food,INV-09250811
101675,"May 10, 2026",ST-09,COGS - Merchandise,41370024.0,Weekly COGS Merchandise,INV-09260504
101676,2025-11-30,ST-09,Revenue - Food,-73175200.0,Weekly POS sales Food,POS-09251124
101677,"Sep 07, 2026",ST-12,COGS - Food,18861537.0,Weekly COGS Food,INV-12260901
101678,"Nov 09, 2025",ST-03,Revenue - Merchandise,-76675100.0,Weekly POS sales Merchandise,POS-03251103
101679,"Jan 12, 2025",ST-07,Revenue - Merchandise,-26340600.0,Weekly POS sales Merchandise,POS-07250106
101680,2025-07-31,ST-01,Revenue - Food,-139466600.0,Weekly POS sales Food,POS-01250728
101681,"Nov 30, 2025",ST-03,Marketing - Local,20478717.0,Local store marketing,MKT-202511
101682,31/01/2026,ST-09,Store Supplies,8623837.0,Packaging & supplies,SUP-202601
101683,14/12/2025,ST-05,Revenue - Food,-89901600.0,Weekly POS sales Food,POS-05251208
101684,"Mar 07, 2026",ST-04,COGS - Merchandise,31193445.0,Weekly COGS Merchandise,INV-04260301
101685,2026-03-29,ST-06,COGS - Beverage,17449332.0,Weekly COGS Beverage,INV-06260323
101686,2025-10-31,HQ,IT & Software,64413000.0,SaaS & IT,ITS-202510
101687,"Jul 07, 2025",ST-02,COGS - Food,46794730.0,Weekly COGS Food,INV-02250701
101688,"Sep 28, 2025",ST-02,COGS - Merchandise,31852318.0,Weekly COGS Merchandise,INV-02250922
101689,"May 10, 2026",ST-08,Revenue - Beverage,-36460900.0,Weekly POS sales Beverage,POS-08260504
101690,"Jul 07, 2026",ST-08,Revenue - Beverage,-42857100.0,Weekly POS sales Beverage,POS-08260701
101691,"Mar 15, 2026",ST-10,COGS - Food,22657088.0,Weekly COGS Food,INV-10260309
101692,2026-06-30,ST-11,Revenue - Beverage,-39889000.0,Weekly POS sales Beverage,POS-11260629
101693,"Jan 31, 2025",ST-05,COGS - Beverage,25067610.0,Weekly COGS Beverage,INV-05250127
101694,"Apr 07, 2026",ST-05,COGS - Food,50317022.0,Weekly COGS Food,INV-05260401
101695,"Sep 07, 2025",ST-02,Revenue - Food,-83658000.0,Weekly POS sales Food,POS-02250901
101696,2025-04-27,ST-05,COGS - Beverage,18020817.0,Weekly COGS Beverage,INV-05250421
101697,2025-10-31,ST-06,COGS - Merchandise,32517203.0,Weekly COGS Merchandise,INV-06251027
101698,25/05/2025,ST-09,COGS - Beverage,"12,513,418",Weekly COGS Beverage,INV-09250519
101699,2026-01-25,ST-05,Revenue - Beverage,"-71,051,200",Weekly POS sales Beverage,POS-05260119
101700,2026-01-25,ST-06,COGS - Merchandise,39529065.0,Weekly COGS Merchandise,INV-06260119
101701,2026-07-31,HQ,Marketing - Brand,105096924.0,Brand campaigns,MKT-HO-202607
101702,2026-07-31,ST-10,Store Supplies,4321723.0,Packaging & supplies,SUP-202607
101703,"May 25, 2025",ST-01,Revenue - Beverage,-74188800.0,Weekly POS sales Beverage,POS-01250519
101704,"May 07, 2026",ST-09,Revenue - Food,-87055000.0,Weekly POS sales Food,POS-09260501
101705,2026-08-23,ST-06,COGS - Beverage,21046357.0,Weekly COGS Beverage,INV-06260817
101706,2026-06-30,ST-10,Payroll - Store Staff,73160665.0,Monthly store payroll,PR-202606
101707,2025-04-30,ST-07,Payroll - Store Staff,71931910.0,Monthly store payroll,PR-202504
101708,"Jan 07, 2025",ST-06,Revenue - Beverage,-53796600.0,Weekly POS sales Beverage,POS-06250101
101709,2026-04-26,ST-02,Revenue - Beverage,-58543200.0,Weekly POS sales Beverage,POS-02260420
101710,2026-03-22,ST-02,Revenue - Merchandise,-43711200.0,Weekly POS sales Merchandise,POS-02260316
101711,30/04/2026,ST-04,Revenue - Merchandise,-53441900.0,Weekly POS sales Merchandise,POS-04260427
101712,2026-06-28,ST-02,COGS - Merchandise,31896095.0,Weekly COGS Merchandise,INV-02260622
101713,"Jun 07, 2026",ST-10,COGS - Beverage,13691708.0,Weekly COGS Beverage,INV-10260601
101714,"Jan 12, 2025",ST-08,Revenue - Beverage,-27488300.0,Weekly POS sales Beverage,POS-08250106
101715,2025-12-31,ST-09,Rent Expense,66695000.0,Store rent,RNT-202512
101716,31/03/2025,ST-03,Revenue - Beverage,-73954400.0,Weekly POS sales Beverage,POS-03250331
101717,2026-08-30,ST-11,Revenue - Food,-70683600.0,Weekly POS sales Food,POS-11260824
101718,2025-06-29,ST-09,COGS - Merchandise,22757774.0,Weekly COGS Merchandise,INV-09250623
101719,"Aug 31, 2025",ST-10,Marketing - Local,2851413.0,Local store marketing,MKT-202508
101720,20/09/2026,ST-04,COGS - BEVERAGE,18737680.0,Weekly COGS Beverage,INV-04260914
101721,2026-01-18,ST-03,Revenue - Merchandise,-91848200.0,Weekly POS sales Merchandise,POS-03260112
101722,31/01/2026,ST-10,Delivery Platform Commission,25316336.0,Delivery aggregator fees,DLV-202601
101723,"Jun 08, 2025",ST-04,COGS - Beverage,18987710.0,Weekly COGS Beverage,INV-04250602
101724,2026-05-31,ST-11,COGS - Food,"31,633,664",Weekly COGS Food,INV-11260525
101725,31/05/2026,ST-01,Utilities,25299057.0,Electricity & water,UTL-202605
101726,19/04/2026,ST-02,COGS - Merchandise,29182454.0,Weekly COGS Merchandise,INV-02260413
101727,31/10/2025,ST-03,Depreciation - Store Assets,43400000.0,Monthly depreciation,DEP-202510
101728,2025-03-31,ST-07,COGS - FOOD,23397638.0,Weekly COGS Food,INV-07250331
101729,"Jan 12, 2025",ST-05,Revenue - Beverage,"-65,081,100",Weekly POS sales Beverage,POS-05250106
101730,31/03/2026,ST-09,Revenue - Merchandise,-50882000.0,Weekly POS sales Merchandise,POS-09260330
101731,"Jun 08, 2025",ST-07,COGS - Food,24315934.0,Weekly COGS Food,INV-07250602
101732,2026-03-31,ST-04,Payroll - Store Staff,116093408.0,Monthly store payroll,PR-202603
101733,2025-02-28,ST-05,  COGS - Beverage ,23476820.0,Weekly COGS Beverage,INV-05250224
101734,"May 31, 2025",ST-06,REPAIRS & MAINTENANCE,8084000.0,R&M,RPM-202505
101735,"May 07, 2026",ST-12,Revenue - Merchandise,-19442300.0,Weekly POS sales Merchandise,POS-12260501
101736,"Jan 26, 2025",ST-02,Revenue - Beverage,-67897200.0,Weekly POS sales Beverage,POS-02250120
101737,2025-02-28,ST-07,COGS - Merchandise,22194169.0,Weekly COGS Merchandise,INV-07250224
101738,2025-02-28,ST-08,Payroll - Store Staff,56802324.0,Monthly store payroll,PR-202502
101739,"Mar 07, 2025",ST-04,Revenue - Food,-69080900.0,Weekly POS sales Food,POS-04250301
101740,2026-02-22,ST-02,Revenue - Food,-110411200.0,Weekly POS sales Food,POS-02260216
101741,2026-09-20,ST-01,Revenue - Food,-119485800.0,Weekly POS sales Food,POS-01260914
101742,2025-04-27,ST-05,COGS - Food,36215591.0,Weekly COGS Food,INV-05250421
101743,2025-08-24,ST-09,Revenue - Beverage,-40120600.0,Weekly POS sales Beverage,POS-09250818
101744,"Aug 31, 2026",ST-02,Utilities,23846434.0,Electricity & water,UTL-202608
101745,14/06/2026,ST-02,COGS - MERCHANDISE,38946320.0,Weekly COGS Merchandise,INV-02260608
101746,"Jun 07, 2026",ST-03,Revenue - Merchandise,-88500000.0,Weekly POS sales Merchandise,POS-03260601
101747,2025-03-31,ST-02,Payroll - Store Staff,112249470.0,Monthly store payroll,PR-202503
101748,"Apr 30, 2025",ST-09,Revenue - Beverage,-25881600.0,Weekly POS sales Beverage,POS-09250428
101749,"Feb 09, 2025",ST-02,Revenue - Food,-105678700.0,Weekly POS sales Food,POS-02250203
101750,21/09/2025,ST-05,Revenue - Beverage,-53995200.0,Weekly POS sales Beverage,POS-05250915
101751,2026-06-28,ST-11,COGS - Beverage,17395036.0,Weekly COGS Beverage,INV-11260622
101752,31/03/2026,ST-09,Revenue - Beverage,-56450400.0,Weekly POS sales Beverage,POS-09260330
101753,2025-09-28,ST-09,Revenue - Food,-72359200.0,Weekly POS sales Food,POS-09250922
101754,2026-08-30,ST-11,Revenue - Beverage,-55607200.0,Weekly POS sales Beverage,POS-11260824
101755,2026-03-15,ST-10,Revenue - Food,-40051000.0,Weekly POS sales Food,POS-10260309
101756,2026-06-28,ST-05,Revenue - Beverage,-49426200.0,Weekly POS sales Beverage,POS-05260622
101757,13/09/2026,ST-01,COGS - Merchandise,62789043.0,Weekly COGS Merchandise,INV-01260907
101758,"Mar 08, 2026",ST-09,Revenue - Food,-90830000.0,Weekly POS sales Food,POS-09260302
101759,"Sep 28, 2025",ST-08,Revenue - Merchandise,-29043000.0,Weekly POS sales Merchandise,POS-08250922
101760,2025-09-30,ST-03,Revenue - Food,-110709600.0,Weekly POS sales Food,POS-03250929
101761,"Sep 07, 2026",ST-06,Revenue - Merchandise,-49491500.0,Weekly POS sales Merchandise,POS-06260901
101762,"Jun 14, 2026",ST-04,Revenue - Food,-81278200.0,Weekly POS sales Food,POS-04260608
101763,2025-06-30,ST-03,COGS - Beverage,26775691.0,Weekly COGS Beverage,INV-03250630
101764,"Jun 07, 2025",ST-01,Revenue - Food,-103951400.0,Weekly POS sales Food,POS-01250601
101765,2026-08-31,ST-09,Revenue - Merchandise,-55860000.0,Weekly POS sales Merchandise,POS-09260831
101766,2026-06-30,ST-06,COGS - Food,53513854.0,Weekly COGS Food,INV-06260629
101767,2025-02-28,ST-06,Marketing - Local,13595310.0,Local store marketing,MKT-202502
101768,2026-05-24,ST-03,Revenue - Beverage,-90540000.0,Weekly POS sales Beverage,POS-03260518
101769,2025-11-30,ST-09,Revenue - Beverage,-51456900.0,Weekly POS sales Beverage,POS-09251124
101770,30/06/2025,ST-08,Revenue - Food,-44178300.0,Weekly POS sales Food,POS-08250630
101771,"Aug 09, 2026",ST-03,  Revenue - Food ,-133665200.0,Weekly POS sales Food,POS-03260803
101772,13/07/2025,ST-01,COGS - Beverage,29391535.0,Weekly COGS Beverage,INV-01250707
101773,"Jun 07, 2026",ST-09,COGS - Beverage,23483882.0,Weekly COGS Beverage,INV-09260601
101774,2025-04-20,ST-08,COGS - Beverage,9881296.0,Weekly COGS Beverage,INV-08250414
101775,"May 31, 2025",ST-08,COGS - Beverage,9731459.0,Weekly COGS Beverage,INV-08250526
101776,2025-09-14,ST-06,Revenue - Food,-79663500.0,Weekly POS sales Food,POS-06250908
101777,2026-09-30,ST-09,COGS - Beverage,17196235.0,Weekly COGS Beverage,INV-09260928
101778,"Sep 07, 2026",ST-09,Revenue - Food,-77156400.0,Weekly POS sales Food,POS-09260901
101779,2026-08-31,ST-02,COGS - Merchandise,35946512.0,Weekly COGS Merchandise,INV-02260831
101780,"May 07, 2026",ST-07,COGS - Food,"32,033,345",Weekly COGS Food,INV-07260501
101781,"Dec 14, 2025",ST-10,COGS - Food,25352466.0,Weekly COGS Food,INV-10251208
101782,"Jul 07, 2026",ST-12,COGS - Food,20062313.0,Weekly COGS Food,INV-12260701
101783,"Aug 31, 2026",ST-10,Utilities,9496735.0,Electricity & water,UTL-202608
101784,2026-07-31,ST-07,Delivery Platform Commission,23160861.0,Delivery aggregator fees,DLV-202607
101785,19/07/2026,ST-05,COGS - Beverage,23160976.0,Weekly COGS Beverage,INV-05260713
101786,2025-09-30,ST-04,Repairs & Maintenance,12890000.0,R&M,RPM-202509
101787,"Apr 12, 2026",ST-02,COGS - Merchandise,36365732.0,Weekly COGS Merchandise,INV-02260406
101788,2025-10-19,ST-01,Revenue - Food,-127515300.0,Weekly POS sales Food,POS-01251013
101789,31/01/2026,ST-10,Store Supplies,3901290.0,Packaging & supplies,SUP-202601
101790,"Mar 07, 2026",ST-03,COGS - Beverage,31178490.0,Weekly COGS Beverage,INV-03260301
101791,2026-06-28,ST-04,Revenue - Beverage,-58633200.0,Weekly POS sales Beverage,POS-04260622
101792,2025-12-14,ST-08,Revenue - Food,-57696600.0,Weekly POS sales Food,POS-08251208
101793,"Oct 31, 2025",ST-10,Delivery Platform Commission,16784530.0,Delivery aggregator fees,DLV-202510
101794,2026-07-26,ST-06,Revenue - Merchandise,-43383600.0,Weekly POS sales Merchandise,POS-06260720
101795,"May 11, 2025",ST-07,COGS - Food,"23,635,782",Weekly COGS Food,INV-07250505
101796,19/01/2025,ST-08,Revenue - Food,-38659500.0,Weekly POS sales Food,POS-08250113
101797,2025-07-20,ST-03,Revenue - Food,-129743900.0,Weekly POS sales Food,POS-03250714
101798,"Jun 22, 2025",ST-05,COGS - Merchandise,34260206.0,Weekly COGS Merchandise,INV-05250616
101799,30/09/2026,ST-04,COGS - Food,54554978.0,Weekly COGS Food,INV-04260928
101800,16/11/2025,ST-03,Revenue - Beverage,-92135800.0,Weekly POS sales Beverage,POS-03251110
101801,"Mar 23, 2025",ST-03,COGS - Beverage,23631587.0,Weekly COGS Beverage,INV-03250317
101802,2025-10-26,ST-06,COGS - Food,46506232.0,Weekly COGS Food,INV-06251020
101803,2025-11-30,ST-03,Payroll - Store Staff,179165050.0,Monthly store payroll,PR-202511
101804,"Aug 09, 2026",ST-05,COGS - Beverage,"21,731,817",Weekly COGS Beverage,INV-05260803
101805,30/06/2025,ST-02,Rent Expense,66640000.0,Store rent,RNT-202506
101806,2025-11-30,ST-10,Repairs & Maintenance,13294000.0,R&M,RPM-202511
101807,"May 18, 2025",ST-09,Revenue - Food,-48016600.0,Weekly POS sales Food,POS-09250512
101808,2026-06-30,ST-08,Rent Expense,42860000.0,Store rent,RNT-202606
101809,"Sep 07, 2025",ST-05,COGS - Merchandise,33751078.0,Weekly COGS Merchandise,INV-05250901
101810,2026-02-15,ST-03,COGS - Food,98723370.0,Weekly COGS Food,INV-03260209
101811,2026-02-28,HQ,Bank Charges,11535000.0,Bank fees,BNK-202602
101812,2026-01-18,ST-04,Revenue - Beverage,-68425500.0,Weekly POS sales Beverage,POS-04260112
101813,2026-08-16,ST-11,Revenue - Beverage,-43466800.0,Weekly POS sales Beverage,POS-11260810
101814,2025-08-31,ST-03,Utilities,31631713.0,Electricity & water,UTL-202508
101815,"Mar 07, 2026",ST-04,Revenue - Food,-63602000.0,Weekly POS sales Food,POS-04260301
101816,"Feb 07, 2025",ST-06,Revenue - Food,-97922800.0,Weekly POS sales Food,POS-06250201
101817,23/11/2025,ST-03,Revenue - Food,-124433400.0,Weekly POS sales Food,POS-03251117
101818,"Mar 08, 2026",ST-11,Revenue - Food,-46945500.0,Weekly POS sales Food,POS-11260302
101819,16/08/2026,ST-12,COGS - Beverage,8416596.0,Weekly COGS Beverage,INV-12260810
101820,2025-04-20,ST-06,Revenue - Food,-69890400.0,Weekly POS sales Food,POS-06250414
101821,"Feb 07, 2025",ST-08,Revenue - Food,-46421000.0,Weekly POS sales Food,POS-08250201
101822,31/01/2025,ST-07,COGS - Food,27753882.0,Weekly COGS Food,INV-07250127
101823,2025-08-31,HQ,Payroll - Head Office,320484000.0,HO payroll,PR-HO-202508
101824,"Feb 08, 2026",ST-03,Revenue - Merchandise,-100079000.0,Weekly POS sales Merchandise,POS-03260202
101825,2025-08-31,ST-02,Store Supplies,9498774.0,Packaging & supplies,SUP-202508
101826,2025-07-13,ST-05,Revenue - Merchandise,-44978100.0,Weekly POS sales Merchandise,POS-05250707
101827,"Aug 07, 2025",ST-04,Revenue - Beverage,-57663900.0,Weekly POS sales Beverage,POS-04250801
101828,2026-04-19,ST-09,COGS - BEVERAGE,20396648.0,Weekly COGS Beverage,INV-09260413
101829,21/06/2026,ST-08,COGS - Beverage,14025668.0,Weekly COGS Beverage,INV-08260615
101830,31/03/2025,HQ,Interest Expense,164147000.0,Loan interest,INT-202503
101831,30/06/2026,ST-08,Delivery Platform Commission,23275941.0,Delivery aggregator fees,DLV-202606
101832,"Jun 08, 2025",ST-09,Revenue - Merchandise,-22056000.0,Weekly POS sales Merchandise,POS-09250602
101833,"Jan 07, 2026",ST-09,COGS - Beverage,26649610.0,Weekly COGS Beverage,INV-09260101
101834,"Mar 30, 2025",ST-07,COGS - Merchandise,19519784.0,Weekly COGS Merchandise,INV-07250324
101835,2026-05-24,ST-04,Revenue - Food,-86718600.0,Weekly POS sales Food,POS-04260518
101836,"Oct 12, 2025",ST-03,Revenue - Merchandise,-74214400.0,Weekly POS sales Merchandise,POS-03251006
101837,2026-03-22,ST-08,Revenue - Food,-46362600.0,Weekly POS sales Food,POS-08260316
101838,2026-04-30,ST-08,Marketing - Local,9959457.0,Local store marketing,MKT-202604
101839,30/09/2025,ST-07,Revenue - Beverage,-28934400.0,Weekly POS sales Beverage,POS-07250929
101840,2025-04-13,ST-06,COGS - Beverage,17863350.0,Weekly COGS Beverage,INV-06250407
101841,2026-09-13,ST-08,COGS - Beverage,11257089.0,Weekly COGS Beverage,INV-08260907
101842,30/09/2026,ST-12,COGS - Beverage,9375075.0,Weekly COGS Beverage,INV-12260928
101843,2026-05-31,ST-03,COGS - Merchandise,53227058.0,Weekly COGS Merchandise,INV-03260525
101844,2025-12-14,ST-07,Revenue - Food,-58038000.0,Weekly POS sales Food,POS-07251208
101845,28/09/2025,ST-07,COGS - Food,"26,050,439",Weekly COGS Food,INV-07250922
101846,"Jan 11, 2026",ST-10,Revenue - Food,-52412400.0,Weekly POS sales Food,POS-10260105
101847,31/07/2025,ST-08,Revenue - Food,-43073300.0,Weekly POS sales Food,POS-08250728
101848,"Aug 10, 2025",ST-03,Revenue - Beverage,-78111800.0,Weekly POS sales Beverage,POS-03250804
101849,2026-09-27,ST-08,COGS - Beverage,12790553.0,Weekly COGS Beverage,INV-08260921
101850,"Dec 07, 2025",ST-09,COGS - Beverage,25317381.0,Weekly COGS Beverage,INV-09251201
101851,2025-09-30,ST-07 ,COGS - Food,32695712.0,Weekly COGS Food,INV-07250929
101852,2025-01-31,ST-03,MARKETING - LOCAL,12758229.0,Local store marketing,MKT-202501
101853,2026-09-20,ST-07,Revenue - Merchandise,-29865600.0,Weekly POS sales Merchandise,POS-07260914
101854,"Sep 07, 2025",ST-08,COGS - Merchandise,21556888.0,Weekly COGS Merchandise,INV-08250901
101855,30/11/2025,ST-10,COGS - Food,21331048.0,Weekly COGS Food,INV-10251124
101856,2025-12-28,ST-06,COGS - Merchandise,40285357.0,Weekly COGS Merchandise,INV-06251222
101857,2025-08-24,ST-02,COGS - Beverage,20375780.0,Weekly COGS Beverage,INV-02250818
101858,31/01/2025,ST-05,Revenue - Merchandise,-47170500.0,Weekly POS sales Merchandise,POS-05250127
101859,"Mar 07, 2025",ST-01,COGS - Merchandise,43695862.0,Weekly COGS Merchandise,INV-01250301
101860,"Jul 12, 2026",ST-02,Revenue - Merchandise,-46607400.0,Weekly POS sales Merchandise,POS-02260706
101861,"Nov 07, 2025",ST-05,COGS - Food,45396303.0,Weekly COGS Food,INV-05251101
101862,2026-09-27,ST-07,Revenue - Merchandise,-29926800.0,Weekly POS sales Merchandise,POS-07260921
101863,"May 07, 2025",ST-07,Revenue - Food,-49158900.0,Weekly POS sales Food,POS-07250501
101864,"Nov 07, 2025",ST-05,Revenue - Merchandise,-52844400.0,Weekly POS sales Merchandise,POS-05251101
101865,2026-09-20,ST-03,COGS - Merchandise,58439901.0,Weekly COGS Merchandise,INV-03260914
101866,2026-06-30,ST-01,Delivery Platform Commission,59269903.0,Delivery aggregator fees,DLV-202606
101867,"Jul 07, 2025",ST-07,COGS - Merchandise,25967132.0,Weekly COGS Merchandise,INV-07250701
101868,"Nov 09, 2025",ST-05,COGS - Merchandise,30718007.0,Weekly COGS Merchandise,INV-05251103
101869,2025-07-27,ST-03,Revenue - Food,-125802000.0,Weekly POS sales Food,POS-03250721
101870,31/01/2025,ST-07,COGS - Beverage,12494640.0,Weekly COGS Beverage,INV-07250127
101871,2025-03-31,HQ,Professional Fees,35203000.0,Audit/legal/consulting,PRF-202503
101872,29/06/2025,ST-08,COGS - Merchandise,18466732.0,Weekly COGS Merchandise,INV-08250623
101873,31/05/2026,ST-03,Revenue - Beverage,-83832800.0,Weekly POS sales Beverage,POS-03260525
101874,"Aug 31, 2026",ST-06,Delivery Platform Commission,54942647.0,Delivery aggregator fees,DLV-202608
101875,2025-04-27,ST-02,COGS - Beverage,18525055.0,Weekly COGS Beverage,INV-02250421
101876,22/02/2026,ST-01,COGS - Beverage,38458792.0,Weekly COGS Beverage,INV-01260216
101877,15/06/2025,ST-06,Revenue - Beverage,-56379200.0,Weekly POS sales Beverage,POS-06250609
101878,"Sep 30, 2026",ST-10,Rent Expense,40619000.0,Store rent,RNT-202609
101879,"Nov 09, 2025",ST-06,Revenue - Food,"-83,622,200",Weekly POS sales Food,POS-06251103
101880,31/07/2025,ST-01,Store Supplies,12786451.0,Packaging & supplies,SUP-202507
101881,"Apr 07, 2026",ST-07,Revenue - Beverage,-36643200.0,Weekly POS sales Beverage,POS-07260401
101882,31/05/2026,ST-05,COGS - Food,52290855.0,Weekly COGS Food,INV-05260525
101883,2026-03-31,ST-03,COGS - Food,73233735.0,Weekly COGS Food,INV-03260330
101884,30/04/2025,HQ,Payroll - Head Office,318199000.0,HO payroll,PR-HO-202504
101885,"Apr 30, 2025",ST-02,Delivery Platform Commission,46242088.0,Delivery aggregator fees,DLV-202504
101886,2025-09-30,ST-05,Utilities,16990477.0,Electricity & water,UTL-202509
101887,2025-01-31,ST-02,Revenue - Merchandise,-48563900.0,Weekly POS sales Merchandise,POS-02250127
101888,2026-07-31,ST-07,Revenue - Merchandise,-33029100.0,Weekly POS sales Merchandise,POS-07260727
101889,2025-03-31,ST-01,COGS - Merchandise,44964463.0,Weekly COGS Merchandise,INV-01250331
101890,"Oct 07, 2025",ST-06,COGS - Merchandise,38009621.0,Weekly COGS Merchandise,INV-06251001
101891,18/05/2025,ST-02,COGS - Merchandise,29561266.0,Weekly COGS Merchandise,INV-02250512
101892,"Jul 07, 2025",ST-08,COGS - Beverage,10345181.0,Weekly COGS Beverage,INV-08250701
101893,2025-03-23,ST-07,Revenue - Food,-39249600.0,Weekly POS sales Food,POS-07250317
101894,2026-07-26,ST-12,COGS - Merchandise,14198704.0,Weekly COGS Merchandise,INV-12260720
101895,2025-05-25,ST-06,Revenue - Food,-63748200.0,Weekly POS sales Food,POS-06250519
101896,"Aug 07, 2026",ST-02,Revenue - Beverage,-61040100.0,Weekly POS sales Beverage,POS-02260801
101897,2026-07-19,ST-02,Revenue - Beverage,-54737200.0,Weekly POS sales Beverage,POS-02260713
101898,"Aug 09, 2026",ST-08,COGS - Beverage,13365706.0,Weekly COGS Beverage,INV-08260803
101899,2025-06-30,ST-05,  COGS - Merchandise ,35351159.0,Weekly COGS Merchandise,INV-05250630
101900,"Jun 07, 2026",ST-3,Revenue - Beverage,-98082600.0,Weekly POS sales Beverage,POS-03260601
101901,"Apr 12, 2026",ST-10,Revenue - Merchandise,-28459200.0,Weekly POS sales Merchandise,POS-10260406
101902,"Oct 26, 2025",ST-05,Revenue - Beverage,-49231600.0,Weekly POS sales Beverage,POS-05251020
101903,"Mar 08, 2026",ST-07,COGS - Merchandise,21739827.0,Weekly COGS Merchandise,INV-07260302
101904,"Feb 08, 2026",ST-06,COGS - Merchandise,34158565.0,Weekly COGS Merchandise,INV-06260202
101905,2025-08-31,ST-04,Revenue - Food,-69732000.0,Weekly POS sales Food,POS-04250825
101906,30/08/2026,ST-11,COGS - Beverage,20947255.0,Weekly COGS Beverage,INV-11260824
101907,"Jan 07, 2026",ST-02,COGS - Food,53961421.0,Weekly COGS Food,INV-02260101
101908,2025-09-14,ST-04,Revenue - Beverage,-48764000.0,Weekly POS sales Beverage,POS-04250908
101909,"Feb 28, 2025",ST-05,Revenue - Merchandise,-64464000.0,Weekly POS sales Merchandise,POS-05250224
101910,"Jan 31, 2026",,Utilities,20490956.0,Electricity & water,UTL-202601
101911,31/08/2026,ST-05,Revenue - Beverage,-57151000.0,Weekly POS sales Beverage,POS-05260831
101912,"Jun 30, 2026",ST-08 ,Payroll - Store Staff,67823571.0,Monthly store payroll,PR-202606
101913,2026-07-31,ST-11,COGS - Merchandise,29798119.0,Weekly COGS Merchandise,INV-11260727
101914,2025-05-25,ST-08,Revenue - Food,-38237700.0,Weekly POS sales Food,POS-08250519
101915,2025-11-16,ST-08,Revenue - Food,-51770400.0,Weekly POS sales Food,POS-08251110
101916,2026-02-28,ST-07,REVENUE - BEVERAGE,-41030600.0,Weekly POS sales Beverage,POS-07260223
101917,30/06/2025,ST-01,Rent Expense,109776000.0,Store rent,RNT-202506
101918,2025-07-31,ST-02,Utilities,16501790.0,Electricity & water,UTL-202507
101919,2025-07-31,ST-05,Utilities,16705323.0,Electricity & water,UTL-202507
101920,2026-01-25,ST-08,COGS - Food,32807766.0,Weekly COGS Food,INV-08260119
101921,2025-12-31,ST-04,COGS - Merchandise,38431964.0,Weekly COGS Merchandise,INV-04251229
101922,"Jan 31, 2026",ST-06,Repairs & Maintenance,13173000.0,R&M,RPM-202601
101923,"Apr 07, 2025",ST-06,COGS - Food,44029647.0,Weekly COGS Food,INV-06250401
101924,"Jun 08, 2025",ST-06,COGS - Merchandise,36052744.0,Weekly COGS Merchandise,INV-06250602
101925,2025-05-18,ST-02,Revenue - Food,-79909200.0,Weekly POS sales Food,POS-02250512
101926,"Dec 21, 2025",ST-01,Revenue - Food,-158746000.0,Weekly POS sales Food,POS-01251215
101927,16/03/2025,ST-08,Revenue - Food,-33252900.0,Weekly POS sales Food,POS-08250310
101928,"May 17, 2026",ST-07,Revenue - Food,-49670500.0,Weekly POS sales Food,POS-07260511
101929,"Feb 07, 2025",ST-02,COGS - Beverage,23068184.0,Weekly COGS Beverage,INV-02250201
101930,2025-09-30,ST-07,  Rent Expense ,43367000.0,Store rent,RNT-202509
101931,"May 07, 2026",ST-07,COGS - Beverage,13773803.0,Weekly COGS Beverage,INV-07260501
101932,2025-04-30,ST-01,Utilities,21247661.0,Electricity & water,UTL-202504
101933,2025-07-31,ST-08,COGS - Food,24985495.0,Weekly COGS Food,INV-08250728
101934,2026-05-17,ST-01,Revenue - Food,-121362000.0,Weekly POS sales Food,POS-01260511
101935,31/10/2025,ST-02,Depreciation - Store Assets,28000000.0,Monthly depreciation,DEP-202510
101936,31/05/2025,ST-03,Revenue - Food,"-101,908,400",Weekly POS sales Food,POS-03250526
101937,2025-06-29,ST-02,COGS - Food,48598073.0,Weekly COGS Food,INV-02250623
101938,2026-02-28,ST-04,COGS - Merchandise,45876205.0,Weekly COGS Merchandise,INV-04260223
101939,26/10/2025,ST-10,Revenue - Beverage,-20031200.0,Weekly POS sales Beverage,POS-10251020
101940,2025-06-15,ST-09,Revenue - Merchandise,-31144000.0,Weekly POS sales Merchandise,POS-09250609
101941,31/05/2026,ST-10,COGS - Merchandise,21959646.0,Weekly COGS Merchandise,INV-10260525
101942,"Apr 12, 2026",ST-08,COGS - Food,26050354.0,Weekly COGS Food,INV-08260406
101943,2025-10-31,ST-10,COGS - Food,19364434.0,Weekly COGS Food,INV-10251027
101944,31/05/2026,ST-09,Rent Expense,65357000.0,Store rent,RNT-202605
101945,"Feb 08, 2026",ST-11,COGS - Merchandise,24584043.0,Weekly COGS Merchandise,INV-11260202
101946,30/04/2025,ST-05,COGS - Food,41124983.0,Weekly COGS Food,INV-05250428
101947,"Feb 28, 2026",ST-04,Revenue - Food,-115857000.0,Weekly POS sales Food,POS-04260223
101948,15/02/2026,ST-01,COGS - Beverage,39019290.0,Weekly COGS Beverage,INV-01260209
101949,"Jan 07, 2026",ST-01,REVENUE - FOOD,-161054400.0,Weekly POS sales Food,POS-01260101
101950,31/10/2025,ST-06,Revenue - Food,-78730200.0,Weekly POS sales Food,POS-06251027
101951,2026-09-13,ST-09,Revenue - Merchandise,-56104800.0,Weekly POS sales Merchandise,POS-09260907
101952,2026-08-23,ST-04,Revenue - Merchandise,-50770500.0,Weekly POS sales Merchandise,POS-04260817
101953,25/05/2025,ST-03,COGS - Merchandise,59998127.0,Weekly COGS Merchandise,INV-03250519
101954,2025-12-31,ST-03,Repairs & Maintenance,7712000.0,R&M,RPM-202512
101955,17/05/2026,ST-12,Revenue - Beverage,-17922000.0,Weekly POS sales Beverage,POS-12260511
101956,31/01/2026,ST-04,Rent Expense,67583000.0,Store rent,RNT-202601
101957,2025-01-31,HQ,Office Rent & Admin,108601000.0,HO rent & admin,ADM-202501
101958,2026-05-24,ST-07,COGS - Merchandise,25163168.0,Weekly COGS Merchandise,INV-07260518
101959,22/06/2025,ST-01,COGS - Food,81228337.0,Weekly COGS Food,INV-01250616
101960,"Nov 30, 2025",ST-01,Rent Expense,110696000.0,Store rent,RNT-202511
101961,2025-03-23,ST-03,COGS - Merchandise,45789324.0,Weekly COGS Merchandise,INV-03250317
101962,2025-12-21,ST-08,Revenue - Beverage,-40334000.0,Weekly POS sales Beverage,POS-08251215
101963,"Oct 31, 2025",ST-01,Revenue - Beverage,-61320600.0,Weekly POS sales Beverage,POS-01251027
101964,23/03/2025,ST-01,COGS - FOOD,63611806.0,Weekly COGS Food,INV-01250317
101965,31/05/2026,ST-02,Store Supplies,8201707.0,Packaging & supplies,SUP-202605
101966,31/01/2025,ST-01,Depreciation - Store Assets,43400000.0,Monthly depreciation,DEP-202501
101967,2025-07-13,ST-09,Revenue - Food,-59523800.0,Weekly POS sales Food,POS-09250707
101968,2026-01-18,ST-01,COGS - Merchandise,"64,711,539",Weekly COGS Merchandise,INV-01260112
101969,2026-02-28,ST-05,Repairs & Maintenance,9938000.0,R&M,RPM-202602
101970,"Apr 07, 2025",ST-08,Revenue - Merchandise,-19072800.0,Weekly POS sales Merchandise,POS-08250401
101971,2026-07-31,ST-10,Delivery Platform Commission,22708682.0,Delivery aggregator fees,DLV-202607
101972,2026-04-26,ST-07,Revenue - Merchandise,-31516800.0,Weekly POS sales Merchandise,POS-07260420
101973,"Jan 12, 2025",ST-07,Revenue - Food,-46934000.0,Weekly POS sales Food,POS-07250106
101974,31/07/2026,ST-12,COGS - Food,19772852.0,Weekly COGS Food,INV-12260727
101975,2026-08-31,ST-09,Revenue - Food,-70211200.0,Weekly POS sales Food,POS-09260831
101976,28/06/2026,ST-12,Revenue - Merchandise,-18583500.0,Weekly POS sales Merchandise,POS-12260622
101977,"Oct 12, 2025",ST-09,COGS - Beverage,20232816.0,Weekly COGS Beverage,INV-09251006
101978,31/07/2025,ST-05,Rent Expense,66397000.0,Store rent,RNT-202507
101979,2025-11-30,ST-02,PAYROLL - STORE STAFF,117648475.0,Monthly store payroll,PR-202511
101980,28/09/2025,ST-04,COGS - Food,43820539.0,Weekly COGS Food,INV-04250922
101981,23/11/2025,ST-02,COGS - Beverage,20222427.0,Weekly COGS Beverage,INV-02251117
101982,"Jul 07, 2026",ST-04,COGS - Merchandise,42857599.0,Weekly COGS Merchandise,INV-04260701
101983,"May 24, 2026",ST-10,Revenue - Food,-42865600.0,Weekly POS sales Food,POS-10260518
101984,2026-06-21,ST-06,COGS - Merchandise,35263483.0,Weekly COGS Merchandise,INV-06260615
101985,"Dec 07, 2025",ST-08,Revenue - Food,-64595400.0,Weekly POS sales Food,POS-08251201
101986,"Jul 26, 2026",ST-02,Revenue - Merchandise,-53164800.0,Weekly POS sales Merchandise,POS-02260720
101987,31/05/2025,ST-05 ,COGS - Beverage,19135300.0,Weekly COGS Beverage,INV-05250526
101988,"May 07, 2025",ST-06,Revenue - Merchandise,-49479800.0,Weekly POS sales Merchandise,POS-06250501
101989,"Feb 09, 2025",ST-08,COGS - Merchandise,18862198.0,Weekly COGS Merchandise,INV-08250203
101990,"May 10, 2026",ST-12,Revenue - Food,-27315900.0,Weekly POS sales Food,POS-12260504
101991,"Apr 07, 2026",ST-09,COGS - Beverage,20512647.0,Weekly COGS Beverage,INV-09260401
101992,"Aug 24, 2025",ST-01,COGS - Food,85251036.0,Weekly COGS Food,INV-01250818
101993,"Jan 07, 2025",ST-02,Revenue - Beverage,-68521600.0,Weekly POS sales Beverage,POS-02250101
101994,28/09/2025,ST-01,Revenue - Merchandise,-72063000.0,Weekly POS sales Merchandise,POS-01250922
101995,31/07/2026,ST-04,Store Supplies,8768418.0,Packaging & supplies,SUP-202607
101996,2025-11-30,ST-03,Revenue - Merchandise,-71995000.0,Weekly POS sales Merchandise,POS-03251124
101997,"Aug 07, 2025",ST-02,Revenue - Beverage,-63046800.0,Weekly POS sales Beverage,POS-02250801
101998,2026-06-14,ST-12,COGS - Merchandise,13505332.0,Weekly COGS Merchandise,INV-12260608
101999,31/05/2026,ST-04,COGS - Merchandise,39476955.0,Weekly COGS Merchandise,INV-04260525
102000,2025-01-19,ST-02,COGS - Food,51836132.0,Weekly COGS Food,INV-02250113
102001,2026-02-28,ST-09,Payroll - Store Staff,127982640.0,Monthly store payroll,PR-202602
102002,31/03/2026,ST-07,Delivery Platform Commission,26978705.0,Delivery aggregator fees,DLV-202603
102003,2026-06-30,ST-02,Payroll - Store Staff,115876713.0,Monthly store payroll,PR-202606
102004,30/09/2026,ST-02,Utilities,17880076.0,Electricity & water,UTL-202609
102005,"Aug 07, 2025",ST-09,Revenue - Food,-56676900.0,Weekly POS sales Food,POS-09250801
102006,"Jun 30, 2026",ST-01,Payroll - Store Staff,190581740.0,Monthly store payroll,PR-202606
102007,"Dec 31, 2025",ST-05,Utilities,20064462.0,Electricity & water,UTL-202512
102008,2026-03-31,ST-05,Repairs & Maintenance,6081000.0,R&M,RPM-202603
102009,2026-02-28,ST-02,Revenue - Merchandise,-59000700.0,Weekly POS sales Merchandise,POS-02260223
102010,2025-07-13,ST-01,Revenue - Beverage,-81046400.0,Weekly POS sales Beverage,POS-01250707
102011,2025-05-18,ST-05,  COGS - Beverage ,15903902.0,Weekly COGS Beverage,INV-05250512
102012,2026-09-30,ST-01,Utilities,27740823.0,Electricity & water,UTL-202609
102013,"Apr 12, 2026",ST-04,COGS - Food,42266680.0,Weekly COGS Food,INV-04260406
102014,19/07/2026,ST-06,COGS - Beverage,20255264.0,Weekly COGS Beverage,INV-06260713
102015,22/02/2026,ST-05,Revenue - Merchandise,-58250500.0,Weekly POS sales Merchandise,POS-05260216
102016,"Apr 30, 2026",ST-06,Rent Expense,70774000.0,Store rent,RNT-202604
102017,2026-06-30,ST-09,Marketing - Local,8276628.0,Local store marketing,MKT-202606
102018,"Nov 09, 2025",ST-05,Revenue - Food,-87082200.0,Weekly POS sales Food,POS-05251103
102019,"May 11, 2025",ST-05,COGS - Beverage,16069966.0,Weekly COGS Beverage,INV-05250505
102020,2025-07-27,ST-02,COGS - Beverage,20402761.0,Weekly COGS Beverage,INV-02250721
102021,2026-08-31,ST-03,Store Supplies,18807340.0,Packaging & supplies,SUP-202608
102022,"Feb 07, 2026",ST-02,COGS - Food,63447125.0,Weekly COGS Food,INV-02260201
102023,"Apr 07, 2026",ST-03,Revenue - Merchandise,-77764800.0,Weekly POS sales Merchandise,POS-03260401
102024,20/07/2025,ST-03,Revenue - Merchandise,-69803100.0,Weekly POS sales Merchandise,POS-03250714
102025,2025-07-31,ST-01,Delivery Platform Commission,68574495.0,Delivery aggregator fees,DLV-202507
102026,"Jan 31, 2026",ST-08,Store Supplies,6100855.0,Packaging & supplies,SUP-202601
102027,31/08/2025,ST-02,Marketing - Local,8893626.0,Local store marketing,MKT-202508
102028,2026-02-28,ST-03,  Rent Expense ,100149000.0,Store rent,RNT-202602
102029,"Apr 07, 2026",ST-04,COGS - Merchandise,36181904.0,Weekly COGS Merchandise,INV-04260401
102030,"Feb 08, 2026",ST-11,Revenue - Merchandise,-34833600.0,Weekly POS sales Merchandise,POS-11260202
102031,2026-09-30,ST-12,Repairs & Maintenance,7260000.0,R&M,RPM-202609
102032,2026-06-28,ST-03,COGS - Food,80014852.0,Weekly COGS Food,INV-03260622
102033,"Nov 09, 2025",ST-01,Revenue - Merchandise,-75205000.0,Weekly POS sales Merchandise,POS-01251103
102034,"Apr 12, 2026",ST-07,COGS - Merchandise,17877023.0,Weekly COGS Merchandise,INV-07260406
102035,"Aug 09, 2026",ST-09,Revenue - Beverage,-55262400.0,Weekly POS sales Beverage,POS-09260803
102036,"May 07, 2025",ST-08,COGS - Merchandise,16860156.0,Weekly COGS Merchandise,INV-08250501
102037,2025-08-24,ST-04,COGS - Beverage,17985699.0,Weekly COGS Beverage,INV-04250818
102038,31/10/2025,ST-02,Revenue - Merchandise,-45326400.0,Weekly POS sales Merchandise,POS-02251027
102039,2026-02-28,ST-01,Revenue - Beverage,-107992500.0,Weekly POS sales Beverage,POS-01260223
102040,31/10/2025,ST-03,Revenue - Beverage,-80695800.0,Weekly POS sales Beverage,POS-03251027
102041,30/09/2025,ST-06,Revenue - Merchandise,-47181400.0,Weekly POS sales Merchandise,POS-06250929
102042,"Jan 12, 2025",ST-02,Revenue - Beverage,-66594500.0,Weekly POS sales Beverage,POS-02250106
102043,"Oct 26, 2025",ST-02,Revenue - Food,-76504000.0,Weekly POS sales Food,POS-02251020
102044,"Aug 31, 2026",ST-07,Revenue - Merchandise,-32340400.0,Weekly POS sales Merchandise,POS-07260831
102045,"Sep 13, 2026",ST-04,Revenue - Merchandise,-44650800.0,Weekly POS sales Merchandise,POS-04260907
102046,"Feb 07, 2026",ST-08,Revenue - Merchandise,-43095000.0,Weekly POS sales Merchandise,POS-08260201
102047,"Jan 11, 2026",ST-06,COGS - Beverage,26165491.0,Weekly COGS Beverage,INV-06260105
102048,31/07/2025,ST-06,Payroll - Store Staff,103617642.0,Monthly store payroll,PR-202507
102049,2025-03-16,ST-03,Revenue - Beverage,-72313200.0,Weekly POS sales Beverage,POS-03250310
102050,"Jul 07, 2026",ST-04,Revenue - Merchandise,-56964000.0,Weekly POS sales Merchandise,POS-04260701
102051,2026-03-22,ST-01,COGS - Food,64283703.0,Weekly COGS Food,INV-01260316
102052,2025-01-31,ST-03,Revenue - Beverage,-110495400.0,Weekly POS sales Beverage,POS-03250127
102053,"Mar 31, 2026",ST-02,COGS - Merchandise,29744863.0,Weekly COGS Merchandise,INV-02260330
102054,"Jan 07, 2026",ST-05,Revenue - Food,-105353800.0,Weekly POS sales Food,POS-05260101
102055,"Aug 07, 2025",ST-07,Revenue - Beverage,-33633000.0,Weekly POS sales Beverage,POS-07250801
102056,"Feb 07, 2026",ST-01 ,COGS - Merchandise,79564321.0,Weekly COGS Merchandise,INV-01260201
102057,"Dec 07, 2025",ST-09,Revenue - Merchandise,-60364200.0,Weekly POS sales Merchandise,POS-09251201
102058,2026-05-31,ST-07,Depreciation - Store Assets,17360000.0,Monthly depreciation,DEP-202605
102059,"Aug 10, 2025",ST-02,COGS - Beverage,18363336.0,Weekly COGS Beverage,INV-02250804
102060,2025-03-31,ST-09,COGS - Food,21260612.0,Weekly COGS Food,INV-09250331
102061,"Apr 12, 2026",ST-03,Revenue - Beverage,-73968000.0,Weekly POS sales Beverage,POS-03260406
102062,"Feb 08, 2026",ST-02,Revenue - Merchandise,-56834400.0,Weekly POS sales Merchandise,POS-02260202
102063,2025-12-31,ST-08,Revenue - Merchandise,-34505400.0,Weekly POS sales Merchandise,POS-08251229
102064,2025-02-28,ST-02,Rent Expense,70482000.0,Store rent,RNT-202502
102065,"Dec 21, 2025",ST-01,COGS - Food,91705872.0,Weekly COGS Food,INV-01251215
102066,2025-07-20,ST-01,Revenue - Food,-123519000.0,Weekly POS sales Food,POS-01250714
102067,2026-03-31,ST-06,COGS - Food,49037982.0,Weekly COGS Food,INV-06260330
102068,2026-01-31,ST-05,Depreciation - Store Assets,28000000.0,Monthly depreciation,DEP-202601
102069,"Jun 21, 2026",ST-10,Revenue - Beverage,-34930700.0,Weekly POS sales Beverage,POS-10260615
102070,2026-02-28,ST-05,Marketing - Local,3980531.0,Local store marketing,MKT-202602
102071,"May 31, 2026",ST-11,Payroll - Store Staff,75271253.0,Monthly store payroll,PR-202605
102072,2026-06-14,ST-09,Revenue - Merchandise,-50122800.0,Weekly POS sales Merchandise,POS-09260608
102073,2026-01-31,ST-01,Delivery Platform Commission,57900643.0,Delivery aggregator fees,DLV-202601
102074,"Jun 08, 2025",ST-08,COGS - Merchandise,19019963.0,Weekly COGS Merchandise,INV-08250602
102075,2026-04-26,ST-06,COGS - Food,55881386.0,Weekly COGS Food,INV-06260420
102076,2025-11-23,ST-03,Revenue - Beverage,-98239400.0,Weekly POS sales Beverage,POS-03251117
102077,22/02/2026,ST-05,COGS - Beverage,25361808.0,Weekly COGS Beverage,INV-05260216
102078,28/09/2025,ST-10,COGS - Food,14294504.0,Weekly COGS Food,INV-10250922
102079,20/07/2025,ST-07,Revenue - Merchandise,-29985900.0,Weekly POS sales Merchandise,POS-07250714
102080,"Apr 19, 2026",ST-03,  COGS - Beverage ,30276945.0,Weekly COGS Beverage,INV-03260413
102081,"Apr 07, 2026",ST-08,COGS - Food,30386507.0,Weekly COGS Food,INV-08260401
102082,2026-03-22,ST-06,COGS - Food,50444767.0,Weekly COGS Food,INV-06260316
102083,"Dec 07, 2025",ST-10,COGS - Beverage,12910342.0,Weekly COGS Beverage,INV-10251201
102084,2025-08-24,ST-05,Revenue - Merchandise,-47294800.0,Weekly POS sales Merchandise,POS-05250818
102085,2025-05-25,ST-05,Revenue - Food,-75264000.0,Weekly POS sales Food,POS-05250519
102086,"Apr 19, 2026",ST-07,COGS - Beverage,13386934.0,Weekly COGS Beverage,INV-07260413
102087,"Aug 07, 2026",ST-11,Revenue - Merchandise,-42920100.0,Weekly POS sales Merchandise,POS-11260801
102088,"May 31, 2026",ST-05,Marketing - Local,11055814.0,Local store marketing,MKT-202605
102089,"Mar 09, 2025",ST-02,Revenue - Beverage,-51798000.0,Weekly POS sales Beverage,POS-02250303
102090,"Jan 18, 2026",ST-08,COGS - Food,35678260.0,Weekly COGS Food,INV-08260112
102091,"Jul 07, 2026",ST-02,Revenue - Merchandise,-52626000.0,Weekly POS sales Merchandise,POS-02260701
102092,2026-07-31,ST-11,Rent Expense,65898000.0,Store rent,RNT-202607
102093,2025-03-16,ST-01,  COGS - Merchandise ,47817312.0,Weekly COGS Merchandise,INV-01250310
102094,"Mar 08, 2026",ST-04,COGS - Beverage,14174110.0,Weekly COGS Beverage,INV-04260302
102095,28/02/2026,ST-07,Rent Expense,41841000.0,Store rent,RNT-202602
102096,2026-09-13,ST-08,COGS - Food,33086736.0,Weekly COGS Food,INV-08260907
102097,"Oct 07, 2025",ST-06,Revenue - Merchandise,-51535400.0,Weekly POS sales Merchandise,POS-06251001
102098,2026-05-31,ST-11,Revenue - Food,-54639000.0,Weekly POS sales Food,POS-11260525
102099,"May 31, 2025",ST-01,COGS - Beverage,26399025.0,Weekly COGS Beverage,INV-01250526
102100,30/11/2025,ST-04,Store Supplies,8225221.0,Packaging & supplies,SUP-202511
102101,26/07/2026,ST-08,Revenue - Beverage,-39324000.0,Weekly POS sales Beverage,POS-08260720
102102,"Mar 31, 2026",,Revenue - Beverage,-69950400.0,Weekly POS sales Beverage,POS-03260330
102103,2025-04-27,ST-09,COGS - Food,22649623.0,Weekly COGS Food,INV-09250421
102104,2025-08-24,ST-01,COGS - MERCHANDISE,47453816.0,Weekly COGS Merchandise,INV-01250818
102105,2026-08-30,ST-03,COGS - Food,82545350.0,Weekly COGS Food,INV-03260824
102106,"Jan 26, 2025",ST-02,Revenue - Merchandise,-54992700.0,Weekly POS sales Merchandise,POS-02250120
102107,30/11/2025,ST-09,COGS - Beverage,18686089.0,Weekly COGS Beverage,INV-09251124
102108,"Mar 16, 2025",ST-03,COGS - Beverage,25914366.0,Weekly COGS Beverage,INV-03250310
102109,2026-09-13,ST-02,Revenue - Merchandise,-50170400.0,Weekly POS sales Merchandise,POS-02260907
102110,2026-06-28,ST-05,Revenue - Food,-98497300.0,Weekly POS sales Food,POS-05260622
102111,"Jan 31, 2026",ST-03,Revenue - Merchandise,-79464000.0,Weekly POS sales Merchandise,POS-03260126
102112,"Feb 09, 2025",ST-02,COGS - Food,59263940.0,Weekly COGS Food,INV-02250203
102113,2026-03-31,ST-02,Repairs & Maintenance,8574000.0,R&M,RPM-202603
102114,2025-12-28,ST-10,Revenue - Merchandise,-30284000.0,Weekly POS sales Merchandise,POS-10251222
102115,"Mar 07, 2025",ST-02,COGS - Food,45832058.0,Weekly COGS Food,INV-02250301
102116,21/06/2026,ST-11,COGS - Merchandise,26913227.0,Weekly COGS Merchandise,INV-11260615
102117,2025-04-30,ST-04,COGS - Merchandise,27539847.0,Weekly COGS Merchandise,INV-04250428
102118,"May 31, 2025",HQ,Interest Expense,183130000.0,Loan interest,INT-202505
102119,2025-01-31,HQ,Marketing - Brand,100493988.0,Brand campaigns,MKT-HO-202501
102120,"Jul 07, 2026",ST-02,COGS - Merchandise,38492846.0,Weekly COGS Merchandise,INV-02260701
102121,2025-04-30,ST-07,Rent Expense,42439000.0,Store rent,RNT-202504
102122,25/01/2026,ST-10,COGS - Beverage,12605941.0,Weekly COGS Beverage,INV-10260119
102123,30/04/2026,ST-08,Revenue - Merchandise,-31511200.0,Weekly POS sales Merchandise,POS-08260427
102124,16/03/2025,ST-03,Revenue - Merchandise,"-70,873,600",Weekly POS sales Merchandise,POS-03250310
102125,"Jul 31, 2026",ST-05,Revenue - Beverage,-51102000.0,Weekly POS sales Beverage,POS-05260727
102126,2026-07-19,ST-01,COGS - Food,77690273.0,Weekly COGS Food,INV-01260713
102127,2026-04-30,ST-08,Payroll - Store Staff,60904369.0,Monthly store payroll,PR-202604
102128,2026-07-26,ST-04,COGS - Food,47193508.0,Weekly COGS Food,INV-04260720
102129,2025-07-13,ST-07,COGS - Beverage,12854159.0,Weekly COGS Beverage,INV-07250707
102130,"May 07, 2025",ST-04,COGS - Food,47783952.0,Weekly COGS Food,INV-04250501
102131,"Feb 07, 2025",ST-06,COGS - Beverage,21963980.0,Weekly COGS Beverage,INV-06250201
102132,"Jun 07, 2025",ST-08,COGS - Food,23294120.0,Weekly COGS Food,INV-08250601
102133,"Apr 07, 2026",ST-02,  COGS - Merchandise ,34142797.0,Weekly COGS Merchandise,INV-02260401
102134,2025-04-27,ST-06,Revenue - Merchandise,-46550000.0,Weekly POS sales Merchandise,POS-06250421
102135,2025-09-21,ST-01,COGS - Merchandise,46107579.0,Weekly COGS Merchandise,INV-01250915
102136,2025-11-30,ST-07,Rent Expense,40757000.0,Store rent,RNT-202511
102137,2026-02-15,ST-06,COGS - Merchandise,42545562.0,Weekly COGS Merchandise,INV-06260209
102138,"Jun 07, 2026",ST-02,COGS - Food,50805261.0,Weekly COGS Food,INV-02260601
102139,"Feb 22, 2026",ST-09,Revenue - Merchandise,-60049200.0,Weekly POS sales Merchandise,POS-09260216
102140,26/04/2026,ST-11,COGS - Food,34339736.0,Weekly COGS Food,INV-11260420
102141,31/07/2026,ST-08,Depreciation - Store Assets,17360000.0,Monthly depreciation,DEP-202607
102142,31/05/2026,ST-12,Payroll - Store Staff,39156429.0,Monthly store payroll,PR-202605
102143,2025-04-20,ST-03,COGS - Merchandise,51860692.0,Weekly COGS Merchandise,INV-03250414
102144,2025-12-14,ST-04,Revenue - Merchandise,-64032000.0,Weekly POS sales Merchandise,POS-04251208
102145,2025-08-24,ST-08,Revenue - Food,-47467700.0,Weekly POS sales Food,POS-08250818
102146,"May 10, 2026",ST-02,COGS - Merchandise,32832307.0,Weekly COGS Merchandise,INV-02260504
102147,"Aug 17, 2025",ST-02,Revenue - Food,-78242500.0,Weekly POS sales Food,POS-02250811
102148,16/02/2025,ST-04,Revenue - Food,-95849600.0,Weekly POS sales Food,POS-04250210
102149,"Jul 12, 2026",ST-02,Revenue - Food,-88109000.0,Weekly POS sales Food,POS-02260706
102150,"Jul 20, 2025",ST-04,COGS - Merchandise,37800399.0,Weekly COGS Merchandise,INV-04250714
102151,2026-04-26,ST-02,Revenue - Food,-72410100.0,Weekly POS sales Food,POS-02260420
102152,2026-01-31,ST-09,Repairs & Maintenance,17210000.0,R&M,RPM-202601
102153,"Apr 12, 2026",ST-05,COGS - Merchandise,"30,939,502",Weekly COGS Merchandise,INV-05260406
102154,"Feb 28, 2025",ST-03,Store Supplies,15091570.0,Packaging & supplies,SUP-202502
102155,"Aug 10, 2025",ST-07,COGS - Food,27404496.0,Weekly COGS Food,INV-07250804
102156,27/09/2026,ST-05,COGS - Merchandise,34973017.0,Weekly COGS Merchandise,INV-05260921
102157,"May 31, 2026",ST-07,Utilities,12373501.0,Electricity & water,UTL-202605
102158,13/07/2025,ST-02,Revenue - Food,-78590000.0,Weekly POS sales Food,POS-02250707
102159,"Mar 07, 2026",ST-07,Revenue - Food,-54502000.0,Weekly POS sales Food,POS-07260301
102160,2025-08-17,ST-10,Revenue - Merchandise,-17217200.0,Weekly POS sales Merchandise,POS-10250811
102161,"Mar 07, 2025",ST-05,COGS - Food,36851340.0,Weekly COGS Food,INV-05250301
102162,2026-08-30,ST-11,COGS - Merchandise,27778820.0,Weekly COGS Merchandise,INV-11260824
102163,2025-03-23,ST-06,COGS - Beverage,15256237.0,Weekly COGS Beverage,INV-06250317
102164,2025-11-16,ST-06,REVENUE - FOOD,-90831400.0,Weekly POS sales Food,POS-06251110
102165,"Jan 07, 2025",ST-05,Revenue - Beverage,-57172800.0,Weekly POS sales Beverage,POS-05250101
102166,"Aug 23, 2026",ST-05,Revenue - Merchandise,-44648900.0,Weekly POS sales Merchandise,POS-05260817
102167,2026-05-31,ST-12,Repairs & Maintenance,11338000.0,R&M,RPM-202605
102168,"Jan 11, 2026",ST-08,Revenue - Merchandise,-28043000.0,Weekly POS sales Merchandise,POS-08260105
102169,"Aug 17, 2025",ST-08,Revenue - Beverage,-27221000.0,Weekly POS sales Beverage,POS-08250811
102170,2025-05-25,ST-06,COGS - Merchandise,34322936.0,Weekly COGS Merchandise,INV-06250519
102171,2025-05-25,ST-03,Revenue - Merchandise,-79170000.0,Weekly POS sales Merchandise,POS-03250519
102172,"Mar 07, 2025",ST-06,COGS - Beverage,18296766.0,Weekly COGS Beverage,INV-06250301
102173,2026-04-30,ST-05,Store Supplies,7510052.0,Packaging & supplies,SUP-202604
102174,"Apr 12, 2026",ST-08,COGS - Merchandise,20579344.0,Weekly COGS Merchandise,INV-08260406
102175,2026-04-30,ST-11,Revenue - Food,-52983000.0,Weekly POS sales Food,POS-11260427
102176,2026-08-31,ST-10,Store Supplies,8390524.0,Packaging & supplies,SUP-202608
102177,15/03/2026,ST-09,  Revenue - Beverage ,-53747000.0,Weekly POS sales Beverage,POS-09260309
102178,2025-09-21,ST-04,COGS - Merchandise,30238643.0,Weekly COGS Merchandise,INV-04250915
102179,2026-04-30,ST-10,COGS - Merchandise,17888674.0,Weekly COGS Merchandise,INV-10260427
102180,2026-09-20,ST-10,COGS - Merchandise,"23,297,097",Weekly COGS Merchandise,INV-10260914
102181,"Jul 19, 2026",ST-04,Revenue - Beverage,-54479000.0,Weekly POS sales Beverage,POS-04260713
102182,2026-08-31,ST-08,Revenue - Beverage,-33565000.0,Weekly POS sales Beverage,POS-08260831
102183,2026-05-17,ST-07,COGS - Food,29045561.0,Weekly COGS Food,INV-07260511
102184,28/02/2026,ST-07,Payroll - Store Staff,87812351.0,Monthly store payroll,PR-202602
102185,"Sep 07, 2025",ST-03,Revenue - Food,-109728000.0,Weekly POS sales Food,POS-03250901
102186,2026-06-30,ST-06,Utilities,19195240.0,Electricity & water,UTL-202606
102187,2026-01-25,ST-09,COGS - Beverage,29073369.0,Weekly COGS Beverage,INV-09260119
102188,"Aug 16, 2026",ST-07 ,Revenue - Merchandise,-33331200.0,Weekly POS sales Merchandise,POS-07260810
102189,2025-03-30,ST-05,Revenue - Merchandise,-42452600.0,Weekly POS sales Merchandise,POS-05250324
102190,2025-04-20,ST-05,COGS - Merchandise,34523095.0,Weekly COGS Merchandise,INV-05250414
102191,2025-08-24,ST-07,COGS - Merchandise,20030740.0,Weekly COGS Merchandise,INV-07250818
102192,2025-02-16,ST-06,Revenue - Beverage,-59023500.0,Weekly POS sales Beverage,POS-06250210
102193,30/09/2025,ST-01,Rent Expense,108141000.0,Store rent,RNT-202509
102194,2025-05-18,ST-05,Revenue - Food,-84301800.0,Weekly POS sales Food,POS-05250512
102195,2026-04-30,ST-09,Depreciation - Store Assets,28000000.0,Monthly depreciation,DEP-202604
102196,"Jan 31, 2026",ST-02,COGS - Beverage,28695817.0,Weekly COGS Beverage,INV-02260126
102197,"Oct 07, 2025",ST-06,COGS - Food,50799728.0,Weekly COGS Food,INV-06251001
102198,2025-04-27,ST-03,Revenue - Merchandise,-69930000.0,Weekly POS sales Merchandise,POS-03250421
102199,2025-11-30,HQ,IT & Software,63768000.0,SaaS & IT,ITS-202511
102200,2025-06-30,ST-06,Utilities,16427554.0,Electricity & water,UTL-202506
102201,"Dec 07, 2025",ST-04,COGS - Beverage,24399463.0,Weekly COGS Beverage,INV-04251201
102202,28/02/2026,ST-01,Revenue - Merchandise,-98600000.0,Weekly POS sales Merchandise,POS-01260223
102203,"Mar 07, 2025",ST-07,Revenue - Beverage,-32307000.0,Weekly POS sales Beverage,POS-07250301
102204,30/11/2025,ST-02,Repairs & Maintenance,11868000.0,R&M,RPM-202511
102205,2026-09-30,ST-03,Payroll - Store Staff,"186,698,028",Monthly store payroll,PR-202609
102206,"Jul 07, 2025",ST-09,COGS - Merchandise,26328228.0,Weekly COGS Merchandise,INV-09250701
102207,"Feb 15, 2026",ST-11,COGS - Merchandise,22718149.0,Weekly COGS Merchandise,INV-11260209
102208,31/01/2026,ST-10,COGS - Merchandise,19209297.0,Weekly COGS Merchandise,INV-10260126
102209,2026-08-23,ST-11,Revenue - Merchandise,-38632200.0,Weekly POS sales Merchandise,POS-11260817
102210,2025-05-31,ST-08,Rent Expense,42707000.0,Store rent,RNT-202505
102211,2025-08-24,ST-06,COGS - Beverage,14749034.0,Weekly COGS Beverage,INV-06250818
102212,"Nov 30, 2025",ST-01,Revenue - Beverage,-93900500.0,Weekly POS sales Beverage,POS-01251124
102213,2026-05-31,ST-09,Revenue - Food,-71877600.0,Weekly POS sales Food,POS-09260525
102214,31/05/2026,ST-09,COGS - Beverage,22103910.0,Weekly COGS Beverage,INV-09260525
102215,2025-07-27,ST-04,Revenue - Food,-82538400.0,Weekly POS sales Food,POS-04250721
102216,2025-12-14,ST-09,COGS - Merchandise,40581732.0,Weekly COGS Merchandise,INV-09251208
102217,"Jun 07, 2025",ST-01,COGS - Merchandise,50409323.0,Weekly COGS Merchandise,INV-01250601
102218,2025-10-26,ST-02,Revenue - Merchandise,-49300200.0,Weekly POS sales Merchandise,POS-02251020
102219,30/09/2025,ST-06,Depreciation - Store Assets,28000000.0,Monthly depreciation,DEP-202509
102220,31/01/2026,ST-08,Payroll - Store Staff,85107681.0,Monthly store payroll,PR-202601
102221,"Mar 31, 2025",ST-05,Revenue - Beverage,-47838000.0,Weekly POS sales Beverage,POS-05250331
102222,"Oct 26, 2025",ST-07,COGS - Merchandise,20822172.0,Weekly COGS Merchandise,INV-07251020
102223,19/07/2026,ST-01,Revenue - Beverage,-73112900.0,Weekly POS sales Beverage,POS-01260713
102224,30/06/2026,ST-11,Marketing - Local,11787530.0,Local store marketing,MKT-202606
102225,15/02/2026,ST-08,Revenue - Beverage,-46574400.0,Weekly POS sales Beverage,POS-08260209
102226,30/06/2026,ST-10,Revenue - Food,-49185400.0,Weekly POS sales Food,POS-10260629
102227,2026-08-31,ST-12,Rent Expense,43413000.0,Store rent,RNT-202608
102228,2026-09-27,ST-02,Revenue - Merchandise,-43193800.0,Weekly POS sales Merchandise,POS-02260921
102229,2025-07-31,ST-02,Payroll - Store Staff,110513405.0,Monthly store payroll,PR-202507
102230,2026-04-30,ST-08,Rent Expense,43465000.0,Store rent,RNT-202604
102231,2025-03-16,ST-03,COGS - Merchandise,50668649.0,Weekly COGS Merchandise,INV-03250310
102232,2025-03-31,ST-07,COGS - Merchandise,22150784.0,Weekly COGS Merchandise,INV-07250331
102233,"Feb 28, 2026",ST-01,Revenue - Food,-159960000.0,Weekly POS sales Food,POS-01260223
102234,2026-06-28,ST-07,Revenue - Food,-59687500.0,Weekly POS sales Food,POS-07260622
102235,2025-09-30,ST-02,Repairs & Maintenance,5212000.0,R&M,RPM-202509
102236,"Jan 31, 2025",ST-07,  Payroll - Store Staff ,65046242.0,Monthly store payroll,PR-202501
102237,2025-02-28,ST-07,COGS - Beverage,13391720.0,Weekly COGS Beverage,INV-07250224
102238,"Feb 09, 2025",ST-02,COGS - Beverage,23954647.0,Weekly COGS Beverage,INV-02250203
102239,2026-08-23,ST-09,Revenue - Beverage,-50912400.0,Weekly POS sales Beverage,POS-09260817
102240,"Feb 28, 2026",ST-11,Repairs & Maintenance,12398000.0,R&M,RPM-202602
102241,"Dec 31, 2025",ST-08,Depreciation - Store Assets,17360000.0,Monthly depreciation,DEP-202512
102242,2026-09-30,ST-04,Depreciation - Store Assets,28000000.0,Monthly depreciation,DEP-202609
102243,2026-08-31,ST-12,Payroll - Store Staff,67338422.0,Monthly store payroll,PR-202608
102244,"Jan 07, 2025",ST-01,Revenue - Merchandise,-80882800.0,Weekly POS sales Merchandise,POS-01250101
102245,"Aug 07, 2026",ST-12,Revenue - Food,-42229500.0,Weekly POS sales Food,POS-12260801
102246,"May 10, 2026",ST-01,Revenue - Merchandise,-73927100.0,Weekly POS sales Merchandise,POS-01260504
102247,"Apr 07, 2025",ST-04,Revenue - Beverage,-48610500.0,Weekly POS sales Beverage,POS-04250401
102248,2026-04-30,HQ,Professional Fees,-5362000.0,Audit/legal/consulting,PRF-202604
102249,2026-09-27,ST-11,COGS - Food,45127934.0,Weekly COGS Food,INV-11260921
102250,2026-08-31,ST-05,Revenue - Food,-94935400.0,Weekly POS sales Food,POS-05260831
102251,2026-05-31,HQ,Interest Expense,187006000.0,Loan interest,INT-202605
102252,"Jan 12, 2025",ST-03,COGS - Merchandise,59829793.0,Weekly COGS Merchandise,INV-03250106
102253,"Jun 30, 2026",ST-05,Utilities,14206180.0,Electricity & water,UTL-202606
102254,31/01/2026,ST-04,Payroll - Store Staff,141537775.0,Monthly store payroll,PR-202601
102255,"Feb 08, 2026",ST-04,Revenue - Food,-111996000.0,Weekly POS sales Food,POS-04260202
102256,"Apr 07, 2026",ST-05,  Revenue - Food ,-80967600.0,Weekly POS sales Food,POS-05260401
102257,"Aug 16, 2026",ST-03,COGS - Merchandise,61454107.0,Weekly COGS Merchandise,INV-03260810
102258,"Jan 31, 2025",ST-08,COGS - Beverage,9086993.0,Weekly COGS Beverage,INV-08250127
102259,31/10/2025,ST-09,Store Supplies,9053142.0,Packaging & supplies,SUP-202510
102260,30/04/2026,HQ,Payroll - Head Office,316459000.0,HO payroll,PR-HO-202604
102261,2026-03-22,ST-11,REVENUE - MERCHANDISE,-31213300.0,Weekly POS sales Merchandise,POS-11260316
102262,"May 31, 2026",ST-09,Marketing - Local,20013597.0,Local store marketing,MKT-202605
102263,"Jul 07, 2025",ST-05,COGS - Beverage,19487952.0,Weekly COGS Beverage,INV-05250701
102264,16/03/2025,ST-09,COGS - Beverage,7896238.0,Weekly COGS Beverage,INV-09250310
102265,30/09/2026,ST-05,Repairs & Maintenance,5448000.0,R&M,RPM-202609
102266,2026-07-26,ST-05,COGS - Food,59189055.0,Weekly COGS Food,INV-05260720
102267,30/09/2025,ST-09,Payroll - Store Staff,82550035.0,Monthly store payroll,PR-202509
102268,"Mar 16, 2025",ST-05,COGS - Beverage,17764963.0,Weekly COGS Beverage,INV-05250310
102269,"Aug 31, 2025",ST-01,Rent Expense,105739000.0,Store rent,RNT-202508
102270,2026-02-15,ST-02,Revenue - Beverage,-76912000.0,Weekly POS sales Beverage,POS-02260209
102271,2025-06-22,ST-03,Revenue - Food,-94724800.0,Weekly POS sales Food,POS-03250616
102272,"Feb 08, 2026",ST-10,Revenue - Beverage,-34164000.0,Weekly POS sales Beverage,POS-10260202
102273,"Jul 07, 2026",ST-03,Revenue - Food,-132405000.0,Weekly POS sales Food,POS-03260701
102274,"May 10, 2026",ST-07,Revenue - Beverage,-39440500.0,Weekly POS sales Beverage,POS-07260504
102275,"Mar 07, 2026",ST-08,Revenue - Food,-47650100.0,Weekly POS sales Food,POS-08260301
102276,2025-07-13,ST-06,Revenue - Food,-88407000.0,Weekly POS sales Food,POS-06250707
102277,"Jul 31, 2026",ST-04,COGS - Beverage,24190791.0,Weekly COGS Beverage,INV-04260727
102278,26/04/2026,ST-04,COGS - Beverage,21470864.0,Weekly COGS Beverage,INV-04260420
102279,2025-03-31,ST-01,COGS - Food,64833245.0,Weekly COGS Food,INV-01250331
102280,30/09/2025,ST-03,Delivery Platform Commission,46694421.0,Delivery aggregator fees,DLV-202509
102281,"Jun 21, 2026",ST-09,COGS - MERCHANDISE,30720068.0,Weekly COGS Merchandise,INV-09260615
102282,21/09/2025,ST-08,COGS - Food,30515804.0,Weekly COGS Food,INV-08250915
102283,2025-12-31,ST-01,COGS - Beverage,36013651.0,Weekly COGS Beverage,INV-01251229
102284,"Jun 29, 2025",ST-04,COGS - Beverage,18122045.0,Weekly COGS Beverage,INV-04250623
102285,"May 11, 2025",ST-02,COGS - Beverage,18906352.0,Weekly COGS Beverage,INV-02250505
102286,2026-07-26,ST-10,COGS - Beverage,14416193.0,Weekly COGS Beverage,INV-10260720
102287,"Jan 31, 2026",HQ,IT & Software,83110000.0,SaaS & IT,ITS-202601
102288,"Oct 07, 2025",ST-02,COGS - Merchandise,30863601.0,Weekly COGS Merchandise,INV-02251001
102289,2025-10-31,ST-04,Utilities,"12,933,523",Electricity & water,UTL-202510
102290,2026-05-31,ST-12,Utilities,5513315.0,Electricity & water,UTL-202605
102291,"Nov 09, 2025",ST-10,Revenue - Beverage,-22363600.0,Weekly POS sales Beverage,POS-10251103
102292,"Apr 12, 2026",ST-02,Revenue - Food,-83952000.0,Weekly POS sales Food,POS-02260406
102293,2025-09-21,ST-05,COGS - Merchandise,31593751.0,Weekly COGS Merchandise,INV-05250915
102294,"Jun 30, 2025",ST-07,Payroll - Store Staff,81752547.0,Monthly store payroll,PR-202506
102295,2026-05-31,ST-12 ,Store Supplies,3435889.0,Packaging & supplies,SUP-202605
102296,23/08/2026,ST-01,COGS - Beverage,35616160.0,Weekly COGS Beverage,INV-01260817
102297,"Aug 07, 2025",ST-09,COGS - Food,32820789.0,Weekly COGS Food,INV-09250801
102298,2026-06-30,ST-07,Delivery Platform Commission,26052911.0,Delivery aggregator fees,DLV-202606
102299,"Dec 07, 2025",ST-03,Revenue - Merchandise,-90177100.0,Weekly POS sales Merchandise,POS-03251201
102300,23/11/2025,ST-07,Revenue - Beverage,-31781200.0,Weekly POS sales Beverage,POS-07251117
102301,2026-04-26,ST-08,Revenue - Merchandise,-31329200.0,Weekly POS sales Merchandise,POS-08260420
102302,30/06/2025,ST-07,COGS - Food,30235197.0,Weekly COGS Food,INV-07250630
102303,30/09/2026,HQ,Bank Charges,13079000.0,Bank fees,BNK-202609
102304,2025-02-28,HQ,Professional Fees,56827000.0,Audit/legal/consulting,PRF-202502
102305,2025-04-20,ST-08,COGS - Food,21769666.0,Weekly COGS Food,INV-08250414
102306,"Aug 10, 2025",ST-05,COGS - Beverage,20849761.0,Weekly COGS Beverage,INV-05250804
102307,"Aug 31, 2025",ST-02,Revenue - Food,-78020800.0,Weekly POS sales Food,POS-02250825
102308,"Mar 08, 2026",ST-11,COGS - Food,28505962.0,Weekly COGS Food,INV-11260302
102309,"Aug 07, 2025",ST-08,COGS - Food,24465240.0,Weekly COGS Food,INV-08250801
102310,2025-06-30,HQ,IT & Software,69433000.0,SaaS & IT,ITS-202506
102311,2025-12-21,ST-09,COGS - Merchandise,40197525.0,Weekly COGS Merchandise,INV-09251215
102312,"May 10, 2026",ST-09,Revenue - Beverage,"-55,487,200",Weekly POS sales Beverage,POS-09260504
102313,"Aug 10, 2025",ST-08,Revenue - Beverage,-31970400.0,Weekly POS sales Beverage,POS-08250804
102314,2025-07-13,ST-05,COGS - Food,52636419.0,Weekly COGS Food,INV-05250707
102315,"Jan 12, 2025",ST-07,COGS - Merchandise,18117915.0,Weekly COGS Merchandise,INV-07250106
102316,31/01/2025,ST-01,Repairs & Maintenance,9495000.0,R&M,RPM-202501
102317,"Feb 07, 2026",ST-09,Revenue - Merchandise,-52771000.0,Weekly POS sales Merchandise,POS-09260201
102318,2025-01-31,ST-02,Repairs & Maintenance,14457000.0,R&M,RPM-202501
102319,2025-10-26,ST-01,COGS - Beverage,26056756.0,Weekly COGS Beverage,INV-01251020
102320,"Jul 07, 2026",ST-04,COGS - Food,46849406.0,Weekly COGS Food,INV-04260701
102321,"Feb 28, 2025",ST-04,Revenue - Merchandise,-49715400.0,Weekly POS sales Merchandise,POS-04250224
102322,31/08/2025,ST-09,Revenue - Merchandise,-34086000.0,Weekly POS sales Merchandise,POS-09250825
102323,30/06/2025,ST-07,Revenue - Merchandise,-28644300.0,Weekly POS sales Merchandise,POS-07250630
102324,"Mar 07, 2026",ST-01,COGS - Food,69105140.0,Weekly COGS Food,INV-01260301
102325,13/04/2025,ST-04,Revenue - Food,-74704500.0,Weekly POS sales Food,POS-04250407
102326,2026-03-31,ST-02,Delivery Platform Commission,43158115.0,Delivery aggregator fees,DLV-202603
102327,2025-12-28,ST-08,Revenue - Food,"-64,805,500",Weekly POS sales Food,POS-08251222
102328,2026-04-30,ST-03,Revenue - Food,-124484400.0,Weekly POS sales Food,POS-03260427
102329,"Aug 10, 2025",ST-09,Revenue - Food,-52380000.0,Weekly POS sales Food,POS-09250804
102330,"May 11, 2025",ST-07,Revenue - Merchandise,-26905900.0,Weekly POS sales Merchandise,POS-07250505
102331,27/09/2026,ST-06,COGS - Beverage,21336331.0,Weekly COGS Beverage,INV-06260921
102332,2025-07-31,ST-06,Rent Expense,66580000.0,Store rent,RNT-202507
102333,2025-08-17,ST-10,Revenue - Food,-23927400.0,Weekly POS sales Food,POS-10250811
102334,19/04/2026,ST-07,Revenue - Food,-51385500.0,Weekly POS sales Food,POS-07260413
102335,"Jun 30, 2026",ST-05,Depreciation - Store Assets,28000000.0,Monthly depreciation,DEP-202606
102336,28/02/2025,ST-08,Delivery Platform Commission,18237910.0,Delivery aggregator fees,DLV-202502
102337,"Nov 09, 2025",ST-06,Revenue - Beverage,"-59,628,800",Weekly POS sales Beverage,POS-06251103
102338,"Jun 30, 2026",ST-12,Utilities,6167774.0,Electricity & water,UTL-202606
102339,2026-08-16,ST-03,COGS - Food,76061140.0,Weekly COGS Food,INV-03260810
102340,31/05/2025,ST-02,Revenue - Beverage,-52389600.0,Weekly POS sales Beverage,POS-02250526
102341,2025-05-18,ST-04,COGS - Food,40715613.0,Weekly COGS Food,INV-04250512
102342,15/03/2026,ST-10,Revenue - Beverage,-27406500.0,Weekly POS sales Beverage,POS-10260309
102343,"Dec 07, 2025",ST-09,Revenue - Food,-81451200.0,Weekly POS sales Food,POS-09251201
102344,16/08/2026,ST-04,COGS - Merchandise,40514622.0,Weekly COGS Merchandise,INV-04260810
102345,2025-09-14,ST-01,COGS - Beverage,27910746.0,Weekly COGS Beverage,INV-01250908
102346,31/05/2025,ST-03,COGS - Food,58558328.0,Weekly COGS Food,INV-03250526
102347,2025-11-16,ST-04,Revenue - Food,-86834400.0,Weekly POS sales Food,POS-04251110
102348,2025-03-31,ST-07,Delivery Platform Commission,20296884.0,Delivery aggregator fees,DLV-202503
102349,2026-05-31,ST-07,Delivery Platform Commission,23620587.0,Delivery aggregator fees,DLV-202605
102350,"May 07, 2026",ST-07,COGS - Merchandise,"21,597,817",Weekly COGS Merchandise,INV-07260501
102351,2026-05-17,ST-07,Revenue - Beverage,-33998000.0,Weekly POS sales Beverage,POS-07260511
102352,30/06/2025,HQ,Payroll - Head Office,325298000.0,HO payroll,PR-HO-202506
102353,23/03/2025,ST-02,COGS - Merchandise,31310473.0,Weekly COGS Merchandise,INV-02250317
102354,"Sep 07, 2025",ST-05,Revenue - Food,-76476400.0,Weekly POS sales Food,POS-05250901
102355,2026-01-31,ST-04,Revenue - Merchandise,-59072000.0,Weekly POS sales Merchandise,POS-04260126
102356,"Oct 12, 2025",ST-07,Revenue - Beverage,-33312500.0,Weekly POS sales Beverage,POS-07251006
102357,2026-08-30,ST-09,Revenue - Merchandise,-46555200.0,Weekly POS sales Merchandise,POS-09260824
102358,"Apr 07, 2025",ST-01,Revenue - Food,-120200400.0,Weekly POS sales Food,POS-01250401
102359,"Apr 30, 2026",ST-02,Marketing - Local,11741263.0,Local store marketing,MKT-202604
102360,2025-11-30,ST-04,Revenue - Food,-80214000.0,Weekly POS sales Food,POS-04251124
102361,"Jan 12, 2025",ST-02,Revenue - Merchandise,-60372000.0,Weekly POS sales Merchandise,POS-02250106
102362,19/01/2025,ST-04,COGS - Beverage,20211796.0,Weekly COGS Beverage,INV-04250113
102363,"May 11, 2025",ST-03,Revenue - Beverage,-76286600.0,Weekly POS sales Beverage,POS-03250505
102364,2026-05-31,ST-11,Revenue - Merchandise,-33681300.0,Weekly POS sales Merchandise,POS-11260525
102365,"Dec 14, 2025",ST-09,Revenue - Merchandise,-55625000.0,Weekly POS sales Merchandise,POS-09251208
102366,"Jun 07, 2025",ST-01,COGS - Merchandise,50409323.0,Weekly COGS Merchandise,INV-01250601
102367,"May 11, 2025",ST-04,Revenue - Beverage,-51870200.0,Weekly POS sales Beverage,POS-04250505
102368,2026-03-31,ST-06,  Store Supplies ,10248078.0,Packaging & supplies,SUP-202603
102369,"Sep 30, 2025",ST-01,Utilities,29246863.0,Electricity & water,UTL-202509
102370,2025-10-26,ST-07,Revenue - Merchandise,-28385600.0,Weekly POS sales Merchandise,POS-07251020
102371,"Sep 07, 2025",ST-03,Revenue - Beverage,-69522400.0,Weekly POS sales Beverage,POS-03250901
102372,"Oct 12, 2025",ST-05,Revenue - Food,-78147000.0,Weekly POS sales Food,POS-05251006
102373,"Jan 25, 2026",ST-07,COGS - Merchandise,24903961.0,Weekly COGS Merchandise,INV-07260119
102374,"Apr 12, 2026",ST-06,Revenue - Beverage,-50365700.0,Weekly POS sales Beverage,POS-06260406
102375,2026-06-14,ST-11,COGS - Merchandise,29123677.0,Weekly COGS Merchandise,INV-11260608
102376,"Jul 27, 2025",ST-02,COGS - Food,45593540.0,Weekly COGS Food,INV-02250721
102377,2026-02-15,ST-06,COGS - Food,64425075.0,Weekly COGS Food,INV-06260209
102378,30/09/2026,HQ,Depreciation - HO Assets,42955000.0,HO depreciation,DEP-HO-202609
102379,"May 24, 2026",ST-06,Revenue - Beverage,-61214200.0,Weekly POS sales Beverage,POS-06260518
102380,31/05/2025,ST-04,Depreciation - Store Assets,28000000.0,Monthly depreciation,DEP-202505
102381,"Mar 08, 2026",ST-08,Revenue - Beverage,-31328000.0,Weekly POS sales Beverage,POS-08260302
102382,"Mar 31, 2025",ST-03,COGS - Food,63504808.0,Weekly COGS Food,INV-03250331
102383,16/08/2026,ST-01,Revenue - Food,-137082000.0,Weekly POS sales Food,POS-01260810
102384,"May 31, 2026",ST-09,Repairs & Maintenance,14103000.0,R&M,RPM-202605
102385,"May 24, 2026",ST-10,COGS - Beverage,14067091.0,Weekly COGS Beverage,INV-10260518
102386,2026-03-31,HQ,Interest Expense,170062000.0,Loan interest,INT-202603
102387,2025-12-14,ST-08,COGS - Merchandise,22619330.0,Weekly COGS Merchandise,INV-08251208
102388,30/09/2026,ST-02,Depreciation - Store Assets,28000000.0,Monthly depreciation,DEP-202609
102389,13/07/2025,ST-02,COGS - Beverage,18645473.0,Weekly COGS Beverage,INV-02250707
102390,27/09/2026,,COGS - Food,52338649.0,Weekly COGS Food,INV-04260921
102391,"Jun 07, 2026",ST-04,COGS - Merchandise,"39,592,606",Weekly COGS Merchandise,INV-04260601
102392,31/03/2025,HQ,Depreciation - HO Assets,43083000.0,HO depreciation,DEP-HO-202503
102393,2026-08-23,ST-01,Revenue - Food,-120570800.0,Weekly POS sales Food,POS-01260817
102394,"Jan 18, 2026",ST-06,COGS - Beverage,28493792.0,Weekly COGS Beverage,INV-06260112
102395,2026-09-30,ST-09,Utilities,19552601.0,Electricity & water,UTL-202609
102396,"Aug 24, 2025",ST-08,COGS - Beverage,11383014.0,Weekly COGS Beverage,INV-08250818
102397,2025-05-31,ST-04,Revenue - Food,-70326600.0,Weekly POS sales Food,POS-04250526
102398,"Nov 09, 2025",ST-04,COGS - Food,45020632.0,Weekly COGS Food,INV-04251103
102399,2026-04-19,ST-08,COGS - Merchandise,22250268.0,Weekly COGS Merchandise,INV-08260413
102400,"Jun 07, 2026",ST-07,COGS - Food,27996417.0,Weekly COGS Food,INV-07260601
102401,2026-03-31,ST-11,MARKETING - LOCAL,5879676.0,Local store marketing,MKT-202603
102402,16/08/2026,ST-05,COGS - Beverage,21159967.0,Weekly COGS Beverage,INV-05260810
102403,2025-08-17,ST-07,Revenue - Food,-44906400.0,Weekly POS sales Food,POS-07250811
102404,2026-03-22,ST-07,Revenue - Food,-46549100.0,Weekly POS sales Food,POS-07260316
102405,"Feb 08, 2026",ST-11,COGS - Beverage,15299931.0,Weekly COGS Beverage,INV-11260202
102406,"Jul 07, 2026",ST-09,Revenue - Beverage,"-54,646,000",Weekly POS sales Beverage,POS-09260701
102407,"Jan 31, 2025",ST-06,COGS - Food,49152557.0,Weekly COGS Food,INV-06250127
102408,"Apr 07, 2025",ST-07,Revenue - Beverage,"-28,609,200",Weekly POS sales Beverage,POS-07250401
102409,"Oct 12, 2025",ST-04,Revenue - Food,-77982000.0,Weekly POS sales Food,POS-04251006
102410,"Aug 09, 2026",ST-03,Revenue - Merchandise,-83838000.0,Weekly POS sales Merchandise,POS-03260803
102411,24/05/2026,ST-12,Revenue - Merchandise,-16418600.0,Weekly POS sales Merchandise,POS-12260518
102412,"Mar 07, 2025",ST-03,  Revenue - Food ,"-100,392,000",Weekly POS sales Food,POS-03250301
102413,"Jul 20, 2025",ST-03,COGS - Merchandise,48787607.0,Weekly COGS Merchandise,INV-03250714
102414,"Jan 11, 2026",ST-10,COGS - Beverage,12643203.0,Weekly COGS Beverage,INV-10260105
102415,"Apr 07, 2026",ST-03,COGS - Food,74534978.0,Weekly COGS Food,INV-03260401
102416,2026-01-31,ST-08,Revenue - Merchandise,-32505200.0,Weekly POS sales Merchandise,POS-08260126
102417,2026-09-27,ST-03,REVENUE - BEVERAGE,-77140700.0,Weekly POS sales Beverage,POS-03260921
102418,2025-11-30,ST-08,COGS - Food,28009085.0,Weekly COGS Food,INV-08251124
102419,30/03/2025,ST-09,COGS - Food,21949000.0,Weekly COGS Food,INV-09250324
102420,"Jul 12, 2026",ST-03,Revenue - Food,-146224000.0,Weekly POS sales Food,POS-03260706
102421,"Nov 07, 2025",ST-09,Revenue - Merchandise,-50087800.0,Weekly POS sales Merchandise,POS-09251101
102422,2025-12-14,ST-03,COGS - Food,89495518.0,Weekly COGS Food,INV-03251208
102423,2025-02-28,ST-01,COGS - Merchandise,55769265.0,Weekly COGS Merchandise,INV-01250224
102424,2026-08-30,ST-12,Revenue - Food,"-31,779,000",Weekly POS sales Food,POS-12260824
102425,"Feb 07, 2025",ST-06,Revenue - Merchandise,-66474900.0,Weekly POS sales Merchandise,POS-06250201
102426,2026-01-31,ST-03,Payroll - Store Staff,235591392.0,Monthly store payroll,PR-202601
102427,2026-05-31,ST-10,Revenue - Beverage,-33040000.0,Weekly POS sales Beverage,POS-10260525
102428,2025-06-22,ST-02,COGS - Merchandise,28969018.0,Weekly COGS Merchandise,INV-02250616
102429,"Jun 15, 2025",ST-09,COGS - Food,31343828.0,Weekly COGS Food,INV-09250609
102430,2025-03-31,ST-05,Revenue - Food,-80087600.0,Weekly POS sales Food,POS-05250331
102431,2026-06-30,ST-04,Revenue - Merchandise,-47070400.0,Weekly POS sales Merchandise,POS-04260629
102432,30/11/2025,HQ,Bank Charges,16299000.0,Bank fees,BNK-202511
102433,"Feb 28, 2026",ST-10,Revenue - Merchandise,-28845600.0,Weekly POS sales Merchandise,POS-10260223
102434,2025-11-16,ST-10,COGS - Beverage,8145072.0,Weekly COGS Beverage,INV-10251110
102435,2025-04-30,ST-02,Marketing - Local,10636475.0,Local store marketing,MKT-202504
102436,"Dec 07, 2025",ST-07,COGS - Merchandise,26414646.0,Weekly COGS Merchandise,INV-07251201
102437,2025-07-31,ST-05,Store Supplies,10013938.0,Packaging & supplies,SUP-202507
102438,2025-07-31,ST-01,Revenue - Beverage,-73054500.0,Weekly POS sales Beverage,POS-01250728
102439,2026-07-31,ST-05,Delivery Platform Commission,40057867.0,Delivery aggregator fees,DLV-202607
102440,"Oct 31, 2025",ST-08,Depreciation - Store Assets,17360000.0,Monthly depreciation,DEP-202510
102441,"Dec 14, 2025",ST-03,Revenue - Merchandise,-87234000.0,Weekly POS sales Merchandise,POS-03251208
102442,2026-03-15,ST-02,Revenue - Merchandise,-48621300.0,Weekly POS sales Merchandise,POS-02260309
102443,"Jan 11, 2026",ST-09,COGS - Merchandise,41003982.0,Weekly COGS Merchandise,INV-09260105
102444,"Jun 08, 2025",ST-03,COGS - Merchandise,50620308.0,Weekly COGS Merchandise,INV-03250602
102445,2025-05-31,ST-03,Repairs & Maintenance,12641000.0,R&M,RPM-202505
102446,31/05/2025,ST-07,COGS - Beverage,13212037.0,Weekly COGS Beverage,INV-07250526
102447,"Jul 26, 2026",ST-02,Revenue - Food,-92871000.0,Weekly POS sales Food,POS-02260720
102448,"Feb 28, 2026",ST-07,COGS - Food,31770258.0,Weekly COGS Food,INV-07260223
102449,13/07/2025,ST-07,Revenue - Beverage,-33082000.0,Weekly POS sales Beverage,POS-07250707
102450,"Mar 07, 2025",ST-05,COGS - Beverage,16736389.0,Weekly COGS Beverage,INV-05250301
102451,30/04/2026,ST-08,COGS - Food,30796380.0,Weekly COGS Food,INV-08260427
102452,2026-09-20,ST-08,COGS - Merchandise,24773537.0,Weekly COGS Merchandise,INV-08260914
102453,2025-06-30,ST-01,Revenue - Food,-125977600.0,Weekly POS sales Food,POS-01250630
102454,"Jun 30, 2025",ST-06,Revenue - Food,-73112000.0,Weekly POS sales Food,POS-06250630
102455,2025-08-31,HQ,Bank Charges,16977000.0,Bank fees,BNK-202508
102456,"Oct 07, 2025",ST-07,COGS - Merchandise,20541151.0,Weekly COGS Merchandise,INV-07251001
102457,2025-07-31,ST-01,Repairs & Maintenance,6151000.0,R&M,RPM-202507
102458,"Mar 09, 2025",ST-06,COGS - Beverage,17449998.0,Weekly COGS Beverage,INV-06250303
102459,"May 17, 2026",ST-12,Revenue - Food,-28118700.0,Weekly POS sales Food,POS-12260511
102460,"Mar 07, 2025",ST-03,Revenue - Beverage,-68508700.0,Weekly POS sales Beverage,POS-03250301
102461,"Jan 19, 2025",ST-05,COGS - Merchandise,32004560.0,Weekly COGS Merchandise,INV-05250113
102462,2025-11-30,ST-03,Depreciation - Store Assets,43400000.0,Monthly depreciation,DEP-202511
102463,2025-12-14,ST-01,Revenue - Beverage,-104699600.0,Weekly POS sales Beverage,POS-01251208
102464,2025-03-31,ST-06,Depreciation - Store Assets,28000000.0,Monthly depreciation,DEP-202503
102465,"Aug 10, 2025",ST-10,COGS - Food,14848110.0,Weekly COGS Food,INV-10250804
102466,30/11/2025,ST-01,Store Supplies,14415772.0,Packaging & supplies,SUP-202511
102467,2025-09-30,ST-07,Delivery Platform Commission,22979252.0,Delivery aggregator fees,DLV-202509
102468,2026-06-14,ST-01,Revenue - Beverage,-84702300.0,Weekly POS sales Beverage,POS-01260608
102469,2025-03-23,ST-04,COGS - Merchandise,28406986.0,Weekly COGS Merchandise,INV-04250317
102470,"Aug 31, 2025",ST-03,Revenue - Beverage,-84654500.0,Weekly POS sales Beverage,POS-03250825
102471,"Jun 08, 2025",ST-04,Revenue - Merchandise,-46276800.0,Weekly POS sales Merchandise,POS-04250602
102472,22/06/2025,ST-03,COGS - Beverage,31351977.0,Weekly COGS Beverage,INV-03250616
102473,"Jul 12, 2026",ST-05,COGS - Merchandise,33469983.0,Weekly COGS Merchandise,INV-05260706
102474,2026-06-28,ST-09,Revenue - Food,-75714400.0,Weekly POS sales Food,POS-09260622
102475,2026-04-30,ST-06,Payroll - Store Staff,109252774.0,Monthly store payroll,PR-202604
102476,30/09/2025,ST-06,  COGS - Food ,45534692.0,Weekly COGS Food,INV-06250929
102477,2026-05-17,ST-04,COGS - Beverage,19007068.0,Weekly COGS Beverage,INV-04260511
102478,30/11/2025,ST-07,Depreciation - Store Assets,17360000.0,Monthly depreciation,DEP-202511
102479,"Jun 08, 2025",ST-02,Revenue - Merchandise,-48418800.0,Weekly POS sales Merchandise,POS-02250602
102480,"May 11, 2025",ST-06,COGS - Food,43584760.0,Weekly COGS Food,INV-06250505
102481,2026-09-30,ST-07,Delivery Platform Commission,24595813.0,Delivery aggregator fees,DLV-202609
102482,2025-03-16,ST-06,COGS - Merchandise,34601740.0,Weekly COGS Merchandise,INV-06250310
102483,"Aug 10, 2025",,Revenue - Merchandise,-47117200.0,Weekly POS sales Merchandise,POS-02250804
102484,2026-08-23,ST-07,Revenue - Beverage,-35362500.0,Weekly POS sales Beverage,POS-07260817
102485,"Jan 31, 2026",ST-04,Delivery Platform Commission,38342540.0,Delivery aggregator fees,DLV-202601
102486,26/07/2026,ST-03,Revenue - Beverage,-96430800.0,Weekly POS sales Beverage,POS-03260720
102487,2025-06-30,ST-04,Revenue - Merchandise,-55103100.0,Weekly POS sales Merchandise,POS-04250630
102488,23/02/2025,ST-02,Revenue - Merchandise,-55189300.0,Weekly POS sales Merchandise,POS-02250217
102489,"Apr 12, 2026",ST-10,COGS - Merchandise,20659465.0,Weekly COGS Merchandise,INV-10260406
102490,30/11/2025,HQ,Professional Fees,45211000.0,Audit/legal/consulting,PRF-202511
102491,"Oct 07, 2025",ST-10,Revenue - Food,-26409900.0,Weekly POS sales Food,POS-10251001
102492,2025-05-31,ST-07,COGS - Merchandise,20761675.0,Weekly COGS Merchandise,INV-07250526
102493,2026-09-13,ST-06,COGS - Beverage,22232150.0,Weekly COGS Beverage,INV-06260907
102494,"May 07, 2026",ST-10,COGS - Food,28696504.0,Weekly COGS Food,INV-10260501
102495,30/09/2025,ST-02,Delivery Platform Commission,40033999.0,Delivery aggregator fees,DLV-202509
102496,31/08/2026,ST-06,Utilities,24062564.0,Electricity & water,UTL-202608
102497,28/02/2026,ST-01,Utilities,42899391.0,Electricity & water,UTL-202602
102498,2026-08-31,ST-11,Marketing - Local,12734581.0,Local store marketing,MKT-202608
102499,"Aug 07, 2025",ST-09,Revenue - Merchandise,-39585000.0,Weekly POS sales Merchandise,POS-09250801
102500,"Jul 12, 2026",ST-09,Revenue - Beverage,-60030500.0,Weekly POS sales Beverage,POS-09260706
102501,"May 11, 2025",ST-07,Revenue - Food,-41500200.0,Weekly POS sales Food,POS-07250505
102502,"Dec 07, 2025",ST-10,Revenue - Food,-45481200.0,Weekly POS sales Food,POS-10251201
102503,"Aug 07, 2025",ST-04,COGS - Beverage,21762978.0,Weekly COGS Beverage,INV-04250801
102504,"Jul 20, 2025",ST-09,  Revenue - Food ,-55618200.0,Weekly POS sales Food,POS-09250714
102505,2026-02-28,ST-06,Marketing - Local,11921681.0,Local store marketing,MKT-202602
102506,"Sep 07, 2026",ST-11,Revenue - Food,-90592000.0,Weekly POS sales Food,POS-11260901
102507,28/02/2026,ST-02,Store Supplies,12770794.0,Packaging & supplies,SUP-202602
102508,2026-07-31,ST-11,COGS - Merchandise,29798119.0,Weekly COGS Merchandise,INV-11260727
102509,"Nov 09, 2025",ST-05,COGS - Food,51723400.0,Weekly COGS Food,INV-05251103
102510,"May 31, 2025",ST-09,Revenue - Food,-50196200.0,Weekly POS sales Food,POS-09250526
102511,"May 10, 2026",ST-09,Revenue - Food,-87567000.0,Weekly POS sales Food,POS-09260504
102512,2026-08-31,ST-08,Utilities,12617613.0,Electricity & water,UTL-202608
102513,28/09/2025,ST-02,COGS - Beverage,19853355.0,Weekly COGS Beverage,INV-02250922
102514,28/02/2025,ST-01,Marketing - Local,16098303.0,Local store marketing,MKT-202502
102515,2025-07-31,ST-03,COGS - Merchandise,55582551.0,Weekly COGS Merchandise,INV-03250728
102516,2025-09-30,ST-01,  Depreciation - Store Assets ,43400000.0,Monthly depreciation,DEP-202509
102517,2025-12-31,ST-02,COGS - Beverage,22414241.0,Weekly COGS Beverage,INV-02251229
102518,28/12/2025,ST-05,Revenue - Beverage,-72106600.0,Weekly POS sales Beverage,POS-05251222
102519,30/06/2025,ST-04,Depreciation - Store Assets,28000000.0,Monthly depreciation,DEP-202506
102520,2026-05-31,ST-05,PAYROLL - STORE STAFF,115371793.0,Monthly store payroll,PR-202605
102521,"Jun 30, 2026",ST-12,Depreciation - Store Assets,17360000.0,Monthly depreciation,DEP-202606
102522,29/03/2026,ST-01,COGS - Beverage,29847910.0,Weekly COGS Beverage,INV-01260323
102523,"Aug 07, 2026",ST-08,Revenue - Beverage,-32186700.0,Weekly POS sales Beverage,POS-08260801
102524,2025-10-26,ST-06,Revenue - Beverage,-49881700.0,Weekly POS sales Beverage,POS-06251020
102525,29/03/2026,ST-02,Revenue - Merchandise,-45060400.0,Weekly POS sales Merchandise,POS-02260323
102526,"Mar 07, 2025",ST-01,COGS - Beverage,25958954.0,Weekly COGS Beverage,INV-01250301
102527,"Aug 07, 2026",ST-10,Revenue - Merchandise,-29533400.0,Weekly POS sales Merchandise,POS-10260801
102528,"Jul 12, 2026",ST-11,COGS - Beverage,16346629.0,Weekly COGS Beverage,INV-11260706
102529,"Jun 08, 2025",ST-06,COGS - Beverage,18718070.0,Weekly COGS Beverage,INV-06250602
102530,"Nov 07, 2025",ST-09,Revenue - Beverage,-55985400.0,Weekly POS sales Beverage,POS-09251101
102531,"Jul 12, 2026",ST-05,COGS - Beverage,25200606.0,Weekly COGS Beverage,INV-05260706
102532,2026-04-30,ST-04,Revenue - Beverage,-54953000.0,Weekly POS sales Beverage,POS-04260427
102533,"Jun 07, 2026",ST-02,Revenue - Beverage,-56214400.0,Weekly POS sales Beverage,POS-02260601
102534,"Aug 10, 2025",ST-07,COGS - Merchandise,20821050.0,Weekly COGS Merchandise,INV-07250804
102535,31/03/2025,ST-02,Marketing - Local,9834622.0,Local store marketing,MKT-202503
102536,"Mar 07, 2025",ST-08,COGS - Beverage,6552510.0,Weekly COGS Beverage,INV-08250301
102537,"Mar 09, 2025",ST-04,COGS - Food,36797538.0,Weekly COGS Food,INV-04250303
102538,2025-09-30,ST-04,Payroll - Store Staff,103448098.0,Monthly store payroll,PR-202509
102539,2025-02-28,ST-06,COGS - Beverage,22445329.0,Weekly COGS Beverage,INV-06250224
102540,"Jan 31, 2026",ST-03,Marketing - Local,39185187.0,Local store marketing,MKT-202601
102541,"Sep 07, 2025",ST-07,COGS - Beverage,"11,676,134",Weekly COGS Beverage,INV-07250901
102542,"Mar 07, 2026",ST-06,COGS - Beverage,"17,678,555",Weekly COGS Beverage,INV-06260301
102543,"May 07, 2025",ST-03,COGS - Food,68847237.0,Weekly COGS Food,INV-03250501
102544,2025-12-14,ST-01,COGS - Beverage,38900928.0,Weekly COGS Beverage,INV-01251208
102545,2026-06-21,ST-02,COGS - Food,51239145.0,Weekly COGS Food,INV-02260615
102546,"Apr 07, 2025",ST-02,COGS - Beverage,19885192.0,Weekly COGS Beverage,INV-02250401
102547,"May 10, 2026",ST-10,COGS - Beverage,14398112.0,Weekly COGS Beverage,INV-10260504
102548,2026-02-15,ST-02,COGS - Food,63775990.0,Weekly COGS Food,INV-02260209
102549,2026-04-30,ST-06,Marketing - Local,14290997.0,Local store marketing,MKT-202604
102550,26/10/2025,ST-01,COGS - Food,66751320.0,Weekly COGS Food,INV-01251020
102551,"Jun 14, 2026",ST-09,COGS - Merchandise,35340392.0,Weekly COGS Merchandise,INV-09260608
102552,30/09/2026,ST-02,Store Supplies,6560172.0,Packaging & supplies,SUP-202609
102553,"Aug 09, 2026",ST-04,Revenue - Beverage,-63674500.0,Weekly POS sales Beverage,POS-04260803
102554,2026-02-15,ST-03,Revenue - Food,-158558400.0,Weekly POS sales Food,POS-03260209
102555,"Jan 11, 2026",ST-02,Revenue - Merchandise,-51819200.0,Weekly POS sales Merchandise,POS-02260105
102556,2026-04-30,ST-08,Utilities,8502883.0,Electricity & water,UTL-202604
102557,28/02/2026,ST-07,Delivery Platform Commission,32032634.0,Delivery aggregator fees,DLV-202602
102558,"Sep 30, 2026",ST-06,COGS - Food,52053886.0,Weekly COGS Food,INV-06260928
102559,2025-09-30,ST-08,Delivery Platform Commission,25427424.0,Delivery aggregator fees,DLV-202509
102560,28/02/2026,ST-02,COGS - Food,69272103.0,Weekly COGS Food,INV-02260223
102561,2025-10-31,ST-04,Revenue - Food,-72808200.0,Weekly POS sales Food,POS-04251027
102562,2025-04-13,ST-01,COGS - Food,54804741.0,Weekly COGS Food,INV-01250407
102563,"Jan 07, 2026",ST-09,Revenue - Beverage,-74446400.0,Weekly POS sales Beverage,POS-09260101
102564,30/04/2025,ST-05,Depreciation - Store Assets,28000000.0,Monthly depreciation,DEP-202504
102565,"Oct 07, 2025",ST-10,Revenue - Beverage,-20912400.0,Weekly POS sales Beverage,POS-10251001
102566,"May 10, 2026",ST-08,Revenue - Merchandise,-32292700.0,Weekly POS sales Merchandise,POS-08260504
102567,2025-11-23,ST-10,COGS - Food,18152044.0,Weekly COGS Food,INV-10251117
102568,30/04/2025,ST-07,Depreciation - Store Assets,17360000.0,Monthly depreciation,DEP-202504
102569,"Jan 19, 2025",ST-07,Revenue - Merchandise,-27789000.0,Weekly POS sales Merchandise,POS-07250113
102570,23/03/2025,ST-05,COGS - Beverage,17912431.0,Weekly COGS Beverage,INV-05250317
102571,2026-03-15,ST-09,COGS - Food,48581986.0,Weekly COGS Food,INV-09260309
102572,2026-03-31,ST-06,Repairs & Maintenance,13740000.0,R&M,RPM-202603
102573,2025-11-23,ST-04,COGS - Food,41182523.0,Weekly COGS Food,INV-04251117
102574,2025-08-24,ST-05,COGS - Food,41873769.0,Weekly COGS Food,INV-05250818
102575,2025-12-31,ST-03,COGS - Food,96490240.0,Weekly COGS Food,INV-03251229
102576,14/06/2026,ST-06,Revenue - Food,-78744600.0,Weekly POS sales Food,POS-06260608
102577,30/06/2025,ST-06,Delivery Platform Commission,37590971.0,Delivery aggregator fees,DLV-202506
102578,24/08/2025,ST-10,COGS - Food,13671903.0,Weekly COGS Food,INV-10250818
102579,"Feb 08, 2026",ST-11,COGS - Food,30680115.0,Weekly COGS Food,INV-11260202
102580,2025-04-20,ST-09,Revenue - Food,-44233900.0,Weekly POS sales Food,POS-09250414
102581,"Oct 19, 2025",ST-05,COGS - Food,43083122.0,Weekly COGS Food,INV-05251013
102582,"Jul 07, 2025",ST-08,COGS - Merchandise,17821703.0,Weekly COGS Merchandise,INV-08250701
102583,2026-02-28,ST-09,Utilities,19748451.0,Electricity & water,UTL-202602
102584,31/07/2025,ST-08,Revenue - Merchandise,-27442800.0,Weekly POS sales Merchandise,POS-08250728
102585,2025-10-31,ST-09,Marketing - Local,7008443.0,Local store marketing,MKT-202510
102586,18/05/2025,ST-09,COGS - Beverage,12002198.0,Weekly COGS Beverage,INV-09250512
102587,2025-11-16,ST-01,Revenue - Food,-132185700.0,Weekly POS sales Food,POS-01251110
102588,"May 07, 2026",ST-08,COGS - Beverage,12009804.0,Weekly COGS Beverage,INV-08260501
102589,"May 11, 2025",ST-03,Revenue - Merchandise,-74071800.0,Weekly POS sales Merchandise,POS-03250505
102590,31/07/2026,ST-12,COGS - Beverage,8872538.0,Weekly COGS Beverage,INV-12260727
102591,2025-03-31,ST-03,Revenue - Food,-108750600.0,Weekly POS sales Food,POS-03250331
102592,"Feb 09, 2025",ST-06,COGS - Food,63566154.0,Weekly COGS Food,INV-06250203
102593,13/07/2025,ST-05,COGS - Merchandise,34871903.0,Weekly COGS Merchandise,INV-05250707
102594,"Apr 19, 2026",ST-05,COGS - Merchandise,30393085.0,Weekly COGS Merchandise,INV-05260413
102595,31/10/2025,ST-03,  Payroll - Store Staff ,167922253.0,Monthly store payroll,PR-202510
102596,"Oct 07, 2025",ST-03,Revenue - Food,-85862100.0,Weekly POS sales Food,POS-03251001
102597,2026-06-14,ST-02,Revenue - Merchandise,-50935500.0,Weekly POS sales Merchandise,POS-02260608
102598,"Jan 26, 2025",ST-05,COGS - Merchandise,43393867.0,Weekly COGS Merchandise,INV-05250120
102599,"Jul 31, 2026",ST-05,Payroll - Store Staff,120529879.0,Monthly store payroll,PR-202607
102600,"Feb 28, 2025",ST-05,COGS - Merchandise,47447649.0,Weekly COGS Merchandise,INV-05250224
102601,2025-07-20,ST-01,Revenue - Beverage,-81093900.0,Weekly POS sales Beverage,POS-01250714
102602,2025-08-31,HQ,Marketing - Brand,112849683.0,Brand campaigns,MKT-HO-202508
102603,2026-08-16,ST-04,COGS - Beverage,21883229.0,Weekly COGS Beverage,INV-04260810
102604,2025-11-16,ST-09,COGS - Beverage,16453030.0,Weekly COGS Beverage,INV-09251110
102605,"Apr 26, 2026",ST-07,COGS - Food,27280852.0,Weekly COGS Food,INV-07260420
102606,20/07/2025,ST-09,Revenue - Beverage,-37532600.0,Weekly POS sales Beverage,POS-09250714
102607,2026-06-30,ST-01,Store Supplies,16306846.0,Packaging & supplies,SUP-202606
102608,"Aug 16, 2026",ST-07,COGS - Merchandise,23653814.0,Weekly COGS Merchandise,INV-07260810
102609,2025-11-30,ST-08,Revenue - Food,-49808000.0,Weekly POS sales Food,POS-08251124
102610,30/04/2025,ST-06,Rent Expense,64945000.0,Store rent,RNT-202504
102611,2025-06-30,ST-02,COGS - Beverage,18505847.0,Weekly COGS Beverage,INV-02250630
102612,"Jan 11, 2026",ST-02,COGS - Merchandise,37777938.0,Weekly COGS Merchandise,INV-02260105
102613,20/04/2025,ST-09,COGS - Beverage,11772071.0,Weekly COGS Beverage,INV-09250414
102614,2026-03-31,ST-11,Delivery Platform Commission,29068693.0,Delivery aggregator fees,DLV-202603
102615,24/08/2025,ST-07,  Revenue - Food ,-50600400.0,Weekly POS sales Food,POS-07250818
102616,2026-08-31,ST-03,Revenue - Beverage,-74655000.0,Weekly POS sales Beverage,POS-03260831
102617,2026-04-30,ST-09,COGS - Food,42129831.0,Weekly COGS Food,INV-09260427
102618,2026-01-18,ST-05,COGS - Food,60664202.0,Weekly COGS Food,INV-05260112
102619,"Feb 07, 2025",ST-06,COGS - Food,56733077.0,Weekly COGS Food,INV-06250201
102620,"Jun 30, 2025",ST-03,Utilities,24963956.0,Electricity & water,UTL-202506
102621,"Mar 09, 2025",ST-04,COGS - Beverage,18220450.0,Weekly COGS Beverage,INV-04250303
102622,30/09/2026,ST-03,Revenue - Beverage,-87145400.0,Weekly POS sales Beverage,POS-03260928
102623,"Jul 07, 2026",ST-03,Revenue - Beverage,-84537600.0,Weekly POS sales Beverage,POS-03260701
102624,"Jul 07, 2026",ST-07,Revenue - Beverage,-32171100.0,Weekly POS sales Beverage,POS-07260701
102625,30/06/2026,ST-04,Delivery Platform Commission,45886525.0,Delivery aggregator fees,DLV-202606
102626,31/01/2026,ST-05,Repairs & Maintenance,7754000.0,R&M,RPM-202601
102627,2025-08-31,ST-01,Payroll - Store Staff,175309554.0,Monthly store payroll,PR-202508
102628,"Jan 11, 2026",ST-02,Revenue - Food,-105049000.0,Weekly POS sales Food,POS-02260105
102629,"Oct 07, 2025",ST-07,Revenue - Merchandise,-28570500.0,Weekly POS sales Merchandise,POS-07251001
102630,13/04/2025,ST-05,Revenue - Beverage,-46699000.0,Weekly POS sales Beverage,POS-05250407
102631,"May 07, 2026",ST-04,COGS - Merchandise,36570546.0,Weekly COGS Merchandise,INV-04260501
102632,"Jan 12, 2025",ST-08,REVENUE - MERCHANDISE,-22011900.0,Weekly POS sales Merchandise,POS-08250106
102633,"Jul 07, 2026",ST-01,COGS - Food,87422180.0,Weekly COGS Food,INV-01260701
102634,2026-06-21,ST-12,Revenue - Food,-28052400.0,Weekly POS sales Food,POS-12260615
102635,"Aug 07, 2026",ST-02,  Revenue - Food ,-83448000.0,Weekly POS sales Food,POS-02260801
102636,2025-11-30,ST-01,Depreciation - Store Assets,43400000.0,Monthly depreciation,DEP-202511
102637,2025-09-28,ST-09,Revenue - Merchandise,-41762600.0,Weekly POS sales Merchandise,POS-09250922
102638,"May 07, 2026",ST-10,COGS - Beverage,13318451.0,Weekly COGS Beverage,INV-10260501
102639,"Feb 09, 2025",ST-02,Revenue - Merchandise,-47815200.0,Weekly POS sales Merchandise,POS-02250203
102640,2025-08-24,ST-05,Revenue - Beverage,-47840100.0,Weekly POS sales Beverage,POS-05250818
102641,16/11/2025,ST-02,COGS - Beverage,22418332.0,Weekly COGS Beverage,INV-02251110
102642,2025-09-30,ST-08,Payroll - Store Staff,71217619.0,Monthly store payroll,PR-202509
102643,29/06/2025,ST-03,COGS - Merchandise,56093901.0,Weekly COGS Merchandise,INV-03250623
102644,16/03/2025,ST-07,Revenue - Merchandise,-19604200.0,Weekly POS sales Merchandise,POS-07250310
102645,2025-01-19,ST-04,COGS - Food,51835149.0,Weekly COGS Food,INV-04250113
102646,"Jul 20, 2025",ST-03,Revenue - Beverage,-94997800.0,Weekly POS sales Beverage,POS-03250714
102647,30/06/2026,,Depreciation - Store Assets,28000000.0,Monthly depreciation,DEP-202606
102648,"Oct 07, 2025",ST-10,COGS - Beverage,7681213.0,Weekly COGS Beverage,INV-10251001
102649,"Jun 21, 2026",ST-04,COGS - Beverage,17873727.0,Weekly COGS Beverage,INV-04260615
102650,"Apr 19, 2026",ST-04,COGS - Beverage,18789630.0,Weekly COGS Beverage,INV-04260413
102651,28/02/2026,ST-11,Revenue - Merchandise,-31947600.0,Weekly POS sales Merchandise,POS-11260223
102652,"Apr 07, 2026",ST-01,Revenue - Merchandise,-66859000.0,Weekly POS sales Merchandise,POS-01260401
102653,"Jun 14, 2026",ST-05,Revenue - Food,-82427000.0,Weekly POS sales Food,POS-05260608
102654,"Jun 15, 2025",ST-07,COGS - Food,29469711.0,Weekly COGS Food,INV-07250609
102655,30/09/2026,ST-03,Revenue - Food,-106996500.0,Weekly POS sales Food,POS-03260928
102656,"Jan 07, 2025",ST-06,COGS - Merchandise,41228190.0,Weekly COGS Merchandise,INV-06250101
102657,"Aug 31, 2025",ST-01,Depreciation - Store Assets,43400000.0,Monthly depreciation,DEP-202508
102658,"Aug 07, 2026",ST-09,Revenue - Food,-68028300.0,Weekly POS sales Food,POS-09260801
102659,2026-06-30,ST-11,COGS - Merchandise,26243083.0,Weekly COGS Merchandise,INV-11260629
102660,2025-09-30,ST-04,Marketing - Local,"5,548,207",Local store marketing,MKT-202509
102661,"May 31, 2026",ST-08,Utilities,10916749.0,Electricity & water,UTL-202605
102662,"Mar 08, 2026",ST-9,Revenue - Beverage,-45572300.0,Weekly POS sales Beverage,POS-09260302
102663,"Jul 07, 2025",ST-09,Revenue - Food,-57621600.0,Weekly POS sales Food,POS-09250701
102664,"Mar 08, 2026",ST-07,COGS - Beverage,15141542.0,Weekly COGS Beverage,INV-07260302
102665,"Sep 07, 2025",ST-07,Revenue - Merchandise,-27178800.0,Weekly POS sales Merchandise,POS-07250901
102666,2026-04-30,ST-04,Depreciation - Store Assets,28000000.0,Monthly depreciation,DEP-202604
102667,"Feb 09, 2025",ST-07,Revenue - Merchandise,-28145500.0,Weekly POS sales Merchandise,POS-07250203
102668,13/09/2026,ST-10,COGS - Merchandise,23137462.0,Weekly COGS Merchandise,INV-10260907
102669,2026-09-30,ST-07,Depreciation - Store Assets,17360000.0,Monthly depreciation,DEP-202609
102670,2026-08-30,ST-04,COGS - Food,46204955.0,Weekly COGS Food,INV-04260824
102671,"Oct 12, 2025",ST-07,Revenue - Merchandise,-32518000.0,Weekly POS sales Merchandise,POS-07251006
102672,2026-09-20,ST-10,Revenue - Food,-51478900.0,Weekly POS sales Food,POS-10260914
102673,2025-05-31,ST-01,Rent Expense,107263000.0,Store rent,RNT-202505
102674,30/06/2026,ST-10,Delivery Platform Commission,27359415.0,Delivery aggregator fees,DLV-202606
102675,17/05/2026,ST-12,Revenue - Merchandise,-18411600.0,Weekly POS sales Merchandise,POS-12260511
102676,2025-09-30,HQ,Payroll - Head Office,311728000.0,HO payroll,PR-HO-202509
102677,2026-07-31,ST-06,Rent Expense,68682000.0,Store rent,RNT-202607
102678,"May 07, 2026",ST-05,Revenue - Merchandise,"-52,224,400",Weekly POS sales Merchandise,POS-05260501
102679,"Dec 07, 2025",ST-02,Revenue - Food,-93978700.0,Weekly POS sales Food,POS-02251201
102680,2026-01-18,ST-01,COGS - Food,96458967.0,Weekly COGS Food,INV-01260112
102681,31/12/2025,HQ,Professional Fees,52461000.0,Audit/legal/consulting,PRF-202512
102682,"Nov 09, 2025",ST-09,Revenue - Beverage,-57004400.0,Weekly POS sales Beverage,POS-09251103
102683,2026-08-31,ST-11,Rent Expense,68459000.0,Store rent,RNT-202608
102684,26/01/2025,ST-01,Revenue - Merchandise,-87702000.0,Weekly POS sales Merchandise,POS-01250120
102685,2025-03-31,ST-08,Revenue - Beverage,-18130400.0,Weekly POS sales Beverage,POS-08250331
102686,"Nov 07, 2025",ST-02,COGS - Beverage,19625706.0,Weekly COGS Beverage,INV-02251101
102687,2025-04-30,ST-04,Repairs & Maintenance,9901000.0,R&M,RPM-202504
102688,"Mar 09, 2025",ST-07,COGS - Beverage,9953266.0,Weekly COGS Beverage,INV-07250303
102689,2025-10-19,ST-08,COGS - Food,33587683.0,Weekly COGS Food,INV-08251013
102690,"Sep 21, 2025",ST-01,COGS - Beverage,30000004.0,Weekly COGS Beverage,INV-01250915
102691,2026-01-31,ST-06,Payroll - Store Staff,142116252.0,Monthly store payroll,PR-202601
102692,2026-05-24,ST-09,Revenue - Beverage,-52722000.0,Weekly POS sales Beverage,POS-09260518
102693,"Sep 13, 2026",ST-07,COGS - Beverage,11816580.0,Weekly COGS Beverage,INV-07260907
102694,30/06/2025,ST-05,Repairs & Maintenance,21258000.0,R&M,RPM-202506
102695,"Aug 07, 2026",ST-01,COGS - Food,78961738.0,Weekly COGS Food,INV-01260801
102696,26/04/2026,ST-11,COGS - Beverage,11812364.0,Weekly COGS Beverage,INV-11260420
102697,29/03/2026,ST-09,COGS - Beverage,20355456.0,Weekly COGS Beverage,INV-09260323
102698,"May 10, 2026",ST-12,COGS - FOOD,15917861.0,Weekly COGS Food,INV-12260504
102699,"Feb 07, 2026",ST-11,COGS - Beverage,13455462.0,Weekly COGS Beverage,INV-11260201
102700,2026-05-24,ST-12,COGS - Beverage,7078034.0,Weekly COGS Beverage,INV-12260518
102701,"May 31, 2025",ST-04,Store Supplies,9855461.0,Packaging & supplies,SUP-202505
102702,2026-01-25,ST-01,Revenue - Food,-188356000.0,Weekly POS sales Food,POS-01260119
102703,30/06/2026,ST-09,Delivery Platform Commission,38299298.0,Delivery aggregator fees,DLV-202606
102704,2025-12-31,ST-02,Store Supplies,7483768.0,Packaging & supplies,SUP-202512
102705,2025-10-31,ST-10,COGS - Merchandise,12593241.0,Weekly COGS Merchandise,INV-10251027
102706,"Jul 31, 2025",ST-07,COGS - Beverage,12127268.0,Weekly COGS Beverage,INV-07250728
102707,2025-03-31,ST-05,Depreciation - Store Assets,28000000.0,Monthly depreciation,DEP-202503
102708,27/04/2025,ST-07,COGS - Merchandise,"22,907,593",Weekly COGS Merchandise,INV-07250421
102709,"Jun 08, 2025",ST-02,Revenue - Food,-78028200.0,Weekly POS sales Food,POS-02250602
102710,2026-08-31,ST-05,COGS - Merchandise,41728471.0,Weekly COGS Merchandise,INV-05260831
102711,"Apr 12, 2026",ST-06,COGS - Merchandise,32166695.0,Weekly COGS Merchandise,INV-06260406
102712,2026-04-30,ST-09,Store Supplies,7005492.0,Packaging & supplies,SUP-202604
102713,31/07/2026,ST-10,Repairs & Maintenance,7987000.0,R&M,RPM-202607
102714,2025-07-31,ST-03,COGS - Beverage,33802187.0,Weekly COGS Beverage,INV-03250728
102715,2026-07-19,ST-08,Revenue - Merchandise,-29171600.0,Weekly POS sales Merchandise,POS-08260713
102716,"Nov 07, 2025",ST-06,COGS - Merchandise,34439049.0,Weekly COGS Merchandise,INV-06251101
102717,2025-06-22,ST-08,Revenue - Merchandise,-27106800.0,Weekly POS sales Merchandise,POS-08250616
102718,"May 07, 2026",ST-04,COGS - Beverage,16537030.0,Weekly COGS Beverage,INV-04260501
102719,2026-03-15,ST-03 ,COGS - Food,67925261.0,Weekly COGS Food,INV-03260309
102720,23/11/2025,ST-04,Revenue - Food,-71040000.0,Weekly POS sales Food,POS-04251117
102721,27/09/2026,ST-10,COGS - Beverage,10900345.0,Weekly COGS Beverage,INV-10260921
102722,28/09/2025,ST-06,Revenue - Food,-80712000.0,Weekly POS sales Food,POS-06250922
102723,14/06/2026,ST-03,Revenue - Beverage,-89414900.0,Weekly POS sales Beverage,POS-03260608
102724,2025-08-24,ST-10,Revenue - Beverage,-16807000.0,Weekly POS sales Beverage,POS-10250818
102725,2026-02-15,ST-11,Revenue - Food,-62658300.0,Weekly POS sales Food,POS-11260209
102726,31/03/2026,ST-11,Revenue - Merchandise,-27601700.0,Weekly POS sales Merchandise,POS-11260330
102727,"Nov 07, 2025",ST-07,COGS - Merchandise,24269060.0,Weekly COGS Merchandise,INV-07251101
102728,"Jun 07, 2026",ST-12,  Revenue - Beverage ,-19526400.0,Weekly POS sales Beverage,POS-12260601
102729,31/10/2025,ST-3,COGS - Beverage,28407392.0,Weekly COGS Beverage,INV-03251027
102730,31/08/2025,ST-10,Revenue - Beverage,-15458400.0,Weekly POS sales Beverage,POS-10250825
102731,2025-12-21,ST-02,COGS - Food,57015971.0,Weekly COGS Food,INV-02251215
102732,"Sep 07, 2026",ST-12,COGS - Beverage,10219583.0,Weekly COGS Beverage,INV-12260901
102733,2025-07-20,ST-09,COGS - Merchandise,25967995.0,Weekly COGS Merchandise,INV-09250714
102734,"Sep 30, 2026",HQ,Professional Fees,61055000.0,Audit/legal/consulting,PRF-202609
102735,2025-03-23,ST-06,Revenue - Food,-85442700.0,Weekly POS sales Food,POS-06250317
102736,"Aug 07, 2025",ST-05,COGS - Food,44436566.0,Weekly COGS Food,INV-05250801
102737,30/04/2026,ST-05,COGS - Food,47000792.0,Weekly COGS Food,INV-05260427
102738,"Jan 07, 2025",ST-02,Revenue - Merchandise,-57512000.0,Weekly POS sales Merchandise,POS-02250101
102739,"Nov 09, 2025",ST-08,Revenue - Food,-61977600.0,Weekly POS sales Food,POS-08251103
102740,31/10/2025,ST-01,COGS - Food,77978707.0,Weekly COGS Food,INV-01251027
102741,"Jan 31, 2026",HQ,Depreciation - HO Assets,40926000.0,HO depreciation,DEP-HO-202601
102742,2026-04-26,ST-07,REVENUE - BEVERAGE,-32327400.0,Weekly POS sales Beverage,POS-07260420
102743,31/10/2025,ST-04,Repairs & Maintenance,14829000.0,R&M,RPM-202510
102744,28/02/2026,ST-03,Payroll - Store Staff,210507946.0,Monthly store payroll,PR-202602
102745,2026-08-23,ST-04,COGS - Beverage,22283965.0,Weekly COGS Beverage,INV-04260817
102746,"Oct 07, 2025",ST-06,COGS - Beverage,20775612.0,Weekly COGS Beverage,INV-06251001
102747,"Feb 08, 2026",ST-10,COGS - Merchandise,25843238.0,Weekly COGS Merchandise,INV-10260202
102748,2025-12-31,ST-05,MARKETING - LOCAL,16658332.0,Local store marketing,MKT-202512
102749,"Jul 20, 2025",ST-04,COGS - Food,47600823.0,Weekly COGS Food,INV-04250714
102750,26/10/2025,ST-5,COGS - Merchandise,37838820.0,Weekly COGS Merchandise,INV-05251020
102751,"Apr 07, 2026",ST-04,Revenue - Food,-82450500.0,Weekly POS sales Food,POS-04260401
102752,"May 07, 2025",ST-08,REVENUE - FOOD,-36850400.0,Weekly POS sales Food,POS-08250501
102753,21/09/2025,ST-05,COGS - Beverage,21502930.0,Weekly COGS Beverage,INV-05250915
102754,2026-06-28,ST-04,COGS - Beverage,22418776.0,Weekly COGS Beverage,INV-04260622
102755,2025-02-28,ST-01,Rent Expense,105356000.0,Store rent,RNT-202502
102756,"Aug 17, 2025",ST-02,COGS - Beverage,20266491.0,Weekly COGS Beverage,INV-02250811
102757,17/05/2026,ST-06,COGS - Beverage,21729649.0,Weekly COGS Beverage,INV-06260511
102758,"Feb 08, 2026",,COGS - Merchandise,25027941.0,Weekly COGS Merchandise,INV-07260202
102759,"Jan 12, 2025",ST-02,Revenue - Food,-96307200.0,Weekly POS sales Food,POS-02250106
102760,13/07/2025,ST-09,Revenue - Merchandise,-35126000.0,Weekly POS sales Merchandise,POS-09250707
102761,28/02/2026,ST-02,COGS - Beverage,"24,321,820",Weekly COGS Beverage,INV-02260223
102762,30/04/2026,ST-06,COGS - Beverage,20590514.0,Weekly COGS Beverage,INV-06260427
102763,"Mar 15, 2026",ST-11,Revenue - Merchandise,-28799000.0,Weekly POS sales Merchandise,POS-11260309
102764,"Feb 28, 2025",ST-07,COGS - Food,31276125.0,Weekly COGS Food,INV-07250224
102765,2026-05-24,ST-01,Revenue - Merchandise,-86986200.0,Weekly POS sales Merchandise,POS-01260518
102766,"Feb 28, 2026",ST-05,COGS - Merchandise,38133562.0,Weekly COGS Merchandise,INV-05260223
102767,2025-05-25,ST-08,COGS - Food,21869196.0,Weekly COGS Food,INV-08250519
102768,27/07/2025,ST-02,COGS - Merchandise,37398603.0,Weekly COGS Merchandise,INV-02250721
102769,2026-02-28,ST-06,Revenue - Merchandise,"-68,919,600",Weekly POS sales Merchandise,POS-06260223
102770,22/03/2026,ST-09,Revenue - Merchandise,-45357300.0,Weekly POS sales Merchandise,POS-09260316
102771,"Mar 07, 2025",ST-02,COGS - Merchandise,29161007.0,Weekly COGS Merchandise,INV-02250301
102772,31/08/2026,HQ,Marketing - Brand,112403956.0,Brand campaigns,MKT-HO-202608
102773,"Mar 09, 2025",ST-07,Revenue - Merchandise,-28339200.0,Weekly POS sales Merchandise,POS-07250303
102774,"Dec 07, 2025",ST-02,COGS - Merchandise,42726184.0,Weekly COGS Merchandise,INV-02251201
102775,22/03/2026,ST-03,Revenue - Food,-121824000.0,Weekly POS sales Food,POS-03260316
102776,"Jun 21, 2026",ST-06,Revenue - Beverage,-57012100.0,Weekly POS sales Beverage,POS-06260615
102777,28/09/2025,ST-04,COGS - Beverage,17462081.0,Weekly COGS Beverage,INV-04250922
102778,2025-09-30,ST-09,Depreciation - Store Assets,28000000.0,Monthly depreciation,DEP-202509
102779,"Jun 08, 2025",ST-04,Revenue - Beverage,-49491000.0,Weekly POS sales Beverage,POS-04250602
102780,2026-07-26,ST-01,COGS - Beverage,"28,994,582",Weekly COGS Beverage,INV-01260720
102781,2025-11-16,ST-07,Revenue - Food,-52426400.0,Weekly POS sales Food,POS-07251110
102782,"Feb 08, 2026",ST-09,COGS - Beverage,25040682.0,Weekly COGS Beverage,INV-09260202
102783,2026-09-27,ST-09,COGS - FOOD,48368668.0,Weekly COGS Food,INV-09260921
102784,"Jan 12, 2025",ST-01,COGS - Food,74959713.0,Weekly COGS Food,INV-01250106
102785,16/03/2025,ST-01,  Revenue - Food ,-117479100.0,Weekly POS sales Food,POS-01250310
102786,2026-01-31,ST-01,Revenue - Merchandise,-84162400.0,Weekly POS sales Merchandise,POS-01260126
102787,2026-04-26,ST-01,COGS - Food,77270204.0,Weekly COGS Food,INV-01260420
102788,31/10/2025,ST-05 ,Marketing - Local,8622495.0,Local store marketing,MKT-202510
102789,2025-05-31,ST-01,Payroll - Store Staff,143678827.0,Monthly store payroll,PR-202505
102790,2026-04-26,ST-06,Revenue - Merchandise,-59275200.0,Weekly POS sales Merchandise,POS-06260420
102791,2025-12-28,ST-07,Revenue - Merchandise,-32972800.0,Weekly POS sales Merchandise,POS-07251222
102792,24/08/2025,ST-04,COGS - Merchandise,32227441.0,Weekly COGS Merchandise,INV-04250818
102793,"May 31, 2026",ST-01,COGS - Beverage,31610836.0,Weekly COGS Beverage,INV-01260525
102794,2025-01-26,ST-08,Revenue - Food,-36360800.0,Weekly POS sales Food,POS-08250120
102795,"Mar 07, 2025",ST-04,Revenue - Beverage,-40514400.0,Weekly POS sales Beverage,POS-04250301
102796,"Jan 31, 2025",ST-03,Depreciation - Store Assets,43400000.0,Monthly depreciation,DEP-202501
102797,31/12/2025,ST-01,COGS - Merchandise,61471023.0,Weekly COGS Merchandise,INV-01251229
102798,"Aug 10, 2025",ST-05,COGS - FOOD,35992820.0,Weekly COGS Food,INV-05250804
102799,14/09/2025,ST-10,REVENUE - FOOD,-27706400.0,Weekly POS sales Food,POS-10250908
102800,2025-10-31,ST-07,Marketing - Local,5793094.0,Local store marketing,MKT-202510
102801,"Jun 07, 2026",ST-12,COGS - Food,23400216.0,Weekly COGS Food,INV-12260601
102802,"Mar 23, 2025",ST-07,Revenue - Merchandise,-27209000.0,Weekly POS sales Merchandise,POS-07250317
102803,2026-06-28,ST-04,COGS - Food,56050802.0,Weekly COGS Food,INV-04260622
102804,25/05/2025,ST-04,COGS - Beverage,16462854.0,Weekly COGS Beverage,INV-04250519
102805,"Jun 30, 2025",ST-04,COGS - Merchandise,39812673.0,Weekly COGS Merchandise,INV-04250630
102806,"Apr 07, 2026",ST-02,Revenue - Merchandise,-46947600.0,Weekly POS sales Merchandise,POS-02260401
102807,2025-01-31,ST-05,Rent Expense,68804000.0,Store rent,RNT-202501
102808,"May 10, 2026",ST-01,COGS - Merchandise,51482475.0,Weekly COGS Merchandise,INV-01260504
102809,"Nov 30, 2025",ST-01,COGS - Merchandise,50009826.0,Weekly COGS Merchandise,INV-01251124
102810,"Jul 31, 2026",ST-08,Revenue - Beverage,-45105200.0,Weekly POS sales Beverage,POS-08260727
102811,"May 11, 2025",ST-02,Revenue - Beverage,-49269400.0,Weekly POS sales Beverage,POS-02250505
102812,"May 10, 2026",ST-11,COGS - Merchandise,23007814.0,Weekly COGS Merchandise,INV-11260504
102813,2025-03-23,ST-09,Revenue - Food,-38960100.0,Weekly POS sales Food,POS-09250317
102814,"Jan 11, 2026",ST-05,COGS - Food,57678614.0,Weekly COGS Food,INV-05260105
102815,2026-05-17,ST-05,COGS - Food,46470231.0,Weekly COGS Food,INV-05260511
102816,31/10/2025,ST-07,Rent Expense,41130000.0,Store rent,RNT-202510
102817,30/09/2025,ST-04,COGS - Merchandise,30198505.0,Weekly COGS Merchandise,INV-04250929
102818,2025-06-30,ST-04,Repairs & Maintenance,15201000.0,R&M,RPM-202506
102819,23/03/2025,ST-04,Revenue - Merchandise,-39411000.0,Weekly POS sales Merchandise,POS-04250317
102820,"Jun 07, 2025",ST-02,Revenue - Merchandise,-39953700.0,Weekly POS sales Merchandise,POS-02250601
102821,"Sep 20, 2026",ST-05,COGS - Merchandise,40806513.0,Weekly COGS Merchandise,INV-05260914
102822,31/05/2026,ST-08,Revenue - Merchandise,-30719500.0,Weekly POS sales Merchandise,POS-08260525
102823,2026-07-26,ST-09,COGS - Beverage,21695223.0,Weekly COGS Beverage,INV-09260720
102824,2026-04-26,ST-09,Revenue - Beverage,-56532600.0,Weekly POS sales Beverage,POS-09260420
102825,"Feb 08, 2026",ST-05,COGS - Merchandise,41447879.0,Weekly COGS Merchandise,INV-05260202
102826,"Aug 07, 2025",ST-01,COGS - Merchandise,52538318.0,Weekly COGS Merchandise,INV-01250801
102827,2025-07-31,ST-03,Payroll - Store Staff,207100713.0,Monthly store payroll,PR-202507
102828,30/11/2025,ST-01,Revenue - Food,-123120000.0,Weekly POS sales Food,POS-01251124
102829,16/11/2025,ST-06,Revenue - Merchandise,-51627300.0,Weekly POS sales Merchandise,POS-06251110
102830,2025-10-19,ST-03,COGS - Food,72934293.0,Weekly COGS Food,INV-03251013
102831,2026-06-21,ST-12,COGS - Beverage,7537035.0,Weekly COGS Beverage,INV-12260615
102832,2025-11-30,ST-07,Repairs & Maintenance,10270000.0,R&M,RPM-202511
102833,2026-09-13,ST-10,Revenue - Merchandise,-31535100.0,Weekly POS sales Merchandise,POS-10260907
102834,2025-06-30,ST-07,COGS - Merchandise,21017255.0,Weekly COGS Merchandise,INV-07250630
102835,2026-03-31,ST-05,COGS - Food,45342325.0,Weekly COGS Food,INV-05260330
102836,2026-01-31,ST-03,COGS - Beverage,41159235.0,Weekly COGS Beverage,INV-03260126
102837,28/02/2025,ST-03,Utilities,31377597.0,Electricity & water,UTL-202502
102838,"Apr 07, 2025",ST-07,Revenue - Food,"-39,078,400",Weekly POS sales Food,POS-07250401
102839,31/07/2026,ST-08,Repairs & Maintenance,4948000.0,R&M,RPM-202607
102840,"Jun 07, 2026",ST-09,Revenue - Beverage,-63385000.0,Weekly POS sales Beverage,POS-09260601
102841,28/09/2025,ST-08,COGS - Beverage,11275647.0,Weekly COGS Beverage,INV-08250922
102842,"Apr 30, 2026",ST-07,COGS - Beverage,13005784.0,Weekly COGS Beverage,INV-07260427
102843,2025-08-24,ST-01,Revenue - Beverage,-77963900.0,Weekly POS sales Beverage,POS-01250818
102844,2026-08-31,ST-05,Depreciation - Store Assets,28000000.0,Monthly depreciation,DEP-202608
102845,2025-10-31,ST-08,Revenue - Food,-44198000.0,Weekly POS sales Food,POS-08251027
102846,"Jun 07, 2026",ST-09,Revenue - Merchandise,-49570400.0,Weekly POS sales Merchandise,POS-09260601
102847,"Sep 30, 2026",ST-03,Rent Expense,101996000.0,Store rent,RNT-202609
102848,2025-06-22,ST-01,COGS - Merchandise,52902842.0,Weekly COGS Merchandise,INV-01250616
102849,2025-06-22,ST-07,Revenue - Food,-48087000.0,Weekly POS sales Food,POS-07250616
102850,"Feb 07, 2026",ST-03,COGS - Merchandise,61796336.0,Weekly COGS Merchandise,INV-03260201
102851,21/12/2025,ST-06,Revenue - Merchandise,-52887900.0,Weekly POS sales Merchandise,POS-06251215
102852,22/06/2025,ST-04,COGS - Merchandise,34975926.0,Weekly COGS Merchandise,INV-04250616
102853,"Mar 08, 2026",ST-04,Revenue - Food,-72953400.0,Weekly POS sales Food,POS-04260302
102854,"May 31, 2025",ST-06,Marketing - Local,10082736.0,Local store marketing,MKT-202505
102855,28/06/2026,ST-06,COGS - Food,52090276.0,Weekly COGS Food,INV-06260622
102856,"Jun 29, 2025",ST-04,COGS - Food,45722761.0,Weekly COGS Food,INV-04250623
102857,"Apr 27, 2025",ST-01,Revenue - Merchandise,-68704000.0,Weekly POS sales Merchandise,POS-01250421
102858,2025-01-26,ST-04,  Revenue - Merchandise ,-51652400.0,Weekly POS sales Merchandise,POS-04250120
102859,2025-01-31,ST-05,Utilities,19584251.0,Electricity & water,UTL-202501
102860,"Apr 07, 2025",ST-03,Revenue - Food,-115726400.0,Weekly POS sales Food,POS-03250401
102861,2025-08-24,ST-07,Revenue - Beverage,-31820000.0,Weekly POS sales Beverage,POS-07250818
102862,2026-08-30,ST-12,COGS - Merchandise,16051750.0,Weekly COGS Merchandise,INV-12260824
102863,2025-11-30,ST-09,Repairs & Maintenance,10950000.0,R&M,RPM-202511
102864,"Feb 08, 2026",ST-02,COGS - Food,59905214.0,Weekly COGS Food,INV-02260202
102865,"Sep 07, 2025",ST-08,Revenue - Beverage,-30677400.0,Weekly POS sales Beverage,POS-08250901
102866,2026-06-14,ST-07,COGS - Food,32658551.0,Weekly COGS Food,INV-07260608
102867,"Jan 07, 2026",ST-02,COGS - Merchandise,38205505.0,Weekly COGS Merchandise,INV-02260101
102868,"Jul 13, 2025",ST-02,COGS - Food,45244219.0,Weekly COGS Food,INV-02250707
102869,"Mar 15, 2026",ST-03,COGS - Merchandise,54975682.0,Weekly COGS Merchandise,INV-03260309
102870,2025-03-30,ST-09,Revenue - Beverage,-26420800.0,Weekly POS sales Beverage,POS-09250324
102871,2026-08-31,ST-05,COGS - Food,55441207.0,Weekly COGS Food,INV-05260831
102872,"Aug 31, 2026",ST-06,Revenue - Food,-81794400.0,Weekly POS sales Food,POS-06260831
102873,"Dec 07, 2025",ST-04,COGS - Food,53813067.0,Weekly COGS Food,INV-04251201
102874,"Apr 12, 2026",ST-07,Revenue - Food,-53074000.0,Weekly POS sales Food,POS-07260406
102875,"Aug 09, 2026",ST-12,COGS - Merchandise,15843010.0,Weekly COGS Merchandise,INV-12260803
102876,"Apr 07, 2026",ST-06,Revenue - Merchandise,-47672000.0,Weekly POS sales Merchandise,POS-06260401
102877,27/09/2026,ST-08,COGS - Merchandise,20119481.0,Weekly COGS Merchandise,INV-08260921
102878,30/04/2026,ST-04,COGS - Food,46090080.0,Weekly COGS Food,INV-04260427
102879,2026-01-18,ST-02,COGS - Beverage,23941582.0,Weekly COGS Beverage,INV-02260112
102880,2026-07-31,ST-05,Revenue - Merchandise,-50285700.0,Weekly POS sales Merchandise,POS-05260727
102881,"Apr 07, 2026",ST-02,COGS - Food,52392899.0,Weekly COGS Food,INV-02260401
102882,"May 10, 2026",ST-11,COGS - BEVERAGE,14619645.0,Weekly COGS Beverage,INV-11260504
102883,15/03/2026,ST-03,Revenue - Food,-122839200.0,Weekly POS sales Food,POS-03260309
102884,2025-10-31,ST-01,Marketing - Local,13657795.0,Local store marketing,MKT-202510
102885,"Dec 28, 2025",ST-09,  COGS - Merchandise ,42148459.0,Weekly COGS Merchandise,INV-09251222
102886,2025-02-23,ST-06,COGS - Merchandise,37886095.0,Weekly COGS Merchandise,INV-06250217
102887,2026-07-26,ST-11,Revenue - Food,-68737500.0,Weekly POS sales Food,POS-11260720
102888,"Aug 07, 2026",ST-03,Revenue - Merchandise,-87328400.0,Weekly POS sales Merchandise,POS-03260801
102889,"Apr 30, 2025",ST-08,Depreciation - Store Assets,17360000.0,Monthly depreciation,DEP-202504
102890,2026-06-28,ST-01,COGS - Beverage,35450682.0,Weekly COGS Beverage,INV-01260622
102891,2025-12-31,ST-03,Revenue - Food,-161617700.0,Weekly POS sales Food,POS-03251229
102892,2025-09-14,ST-01,Revenue - Beverage,-76094600.0,Weekly POS sales Beverage,POS-01250908
102893,2025-03-30,ST-06,COGS - Beverage,13901973.0,Weekly COGS Beverage,INV-06250324
102894,"Aug 07, 2026",ST-02,Revenue - Merchandise,-51435800.0,Weekly POS sales Merchandise,POS-02260801
102895,31/12/2025,ST-06,Payroll - Store Staff,115961664.0,Monthly store payroll,PR-202512
102896,26/07/2026,ST-05,Revenue - Beverage,-61492600.0,Weekly POS sales Beverage,POS-05260720
102897,"Aug 09, 2026",ST-06,Revenue - Food,-95210100.0,Weekly POS sales Food,POS-06260803
102898,"Jun 07, 2026",ST-08,Revenue - Merchandise,-31221900.0,Weekly POS sales Merchandise,POS-08260601
102899,"Nov 09, 2025",ST-04,COGS - Beverage,21023012.0,Weekly COGS Beverage,INV-04251103
102900,"Sep 27, 2026",ST-07,Revenue - Food,-48579400.0,Weekly POS sales Food,POS-07260921
102901,"Dec 31, 2025",ST-06,COGS - Merchandise,47098236.0,Weekly COGS Merchandise,INV-06251229
102902,"Aug 07, 2025",ST-06,COGS - Beverage,17422426.0,Weekly COGS Beverage,INV-06250801
102903,"Jun 07, 2025",ST-09,Revenue - Food,-57974000.0,Weekly POS sales Food,POS-09250601
102904,"Aug 31, 2026",ST-12,Revenue - Beverage,-26129100.0,Weekly POS sales Beverage,POS-12260831
102905,2026-06-30,ST-11,Store Supplies,6519949.0,Packaging & supplies,SUP-202606
102906,"Aug 07, 2026",ST-06,Revenue - Merchandise,-58484400.0,Weekly POS sales Merchandise,POS-06260801
102907,2025-04-30,ST-06,Marketing - Local,13423658.0,Local store marketing,MKT-202504
102908,2025-03-23,ST-09,Revenue - Beverage,-27738000.0,Weekly POS sales Beverage,POS-09250317
102909,"Sep 30, 2025",ST-02,Payroll - Store Staff,95680140.0,Monthly store payroll,PR-202509
102910,"Sep 07, 2025",ST-07,COGS - Merchandise,19494596.0,Weekly COGS Merchandise,INV-07250901
102911,"Jan 11, 2026",ST-10,Revenue - Merchandise,-30146400.0,Weekly POS sales Merchandise,POS-10260105
102912,14/12/2025,ST-07,COGS - Merchandise,24152231.0,Weekly COGS Merchandise,INV-07251208
102913,2025-06-30,ST-01,Depreciation - Store Assets,43400000.0,Monthly depreciation,DEP-202506
102914,"Feb 07, 2025",ST-04,Revenue - Beverage,-63795200.0,Weekly POS sales Beverage,POS-04250201
102915,"Jul 07, 2025",ST-4,COGS - Beverage,"20,869,075",Weekly COGS Beverage,INV-04250701
102916,"May 07, 2025",ST-09,Revenue - Beverage,-33520200.0,Weekly POS sales Beverage,POS-09250501
102917,"Mar 09, 2025",ST-07,COGS - Merchandise,19985064.0,Weekly COGS Merchandise,INV-07250303
102918,2026-08-16,ST-04,Revenue - Food,"-86,732,800",Weekly POS sales Food,POS-04260810
102919,"Jul 12, 2026",ST-06,COGS - Beverage,20978107.0,Weekly COGS Beverage,INV-06260706
102920,19/04/2026,ST-08,COGS - Beverage,10781046.0,Weekly COGS Beverage,INV-08260413
102921,2026-01-31,ST-02,Rent Expense,68572000.0,Store rent,RNT-202601
102922,2025-08-24,ST-10,COGS - Merchandise,11936930.0,Weekly COGS Merchandise,INV-10250818
102923,31/07/2026,ST-07,COGS - Food,31058497.0,Weekly COGS Food,INV-07260727
102924,2026-05-24,ST-05,COGS - Beverage,20995120.0,Weekly COGS Beverage,INV-05260518
102925,"Jan 18, 2026",ST-07,Revenue - Merchandise,-34346500.0,Weekly POS sales Merchandise,POS-07260112
102926,17/08/2025,ST-03,COGS - Merchandise,54292344.0,Weekly COGS Merchandise,INV-03250811
102927,2025-09-14,ST-07,Revenue - Food,-50444800.0,Weekly POS sales Food,POS-07250908
102928,"Aug 07, 2025",ST-08,Revenue - Food,-42877800.0,Weekly POS sales Food,POS-08250801
102929,"Feb 07, 2026",ST-08,Revenue - Beverage,-46958100.0,Weekly POS sales Beverage,POS-08260201
102930,2026-08-16,ST-05,Revenue - Merchandise,-48901800.0,Weekly POS sales Merchandise,POS-05260810
102931,2026-08-31,ST-05,Utilities,21544171.0,Electricity & water,UTL-202608
102932,2026-05-17,ST-12,COGS - Merchandise,13668904.0,Weekly COGS Merchandise,INV-12260511
102933,"Aug 09, 2026",ST-10,COGS - Food,30924144.0,Weekly COGS Food,INV-10260803
102934,2025-05-31,ST-03,Rent Expense,111631000.0,Store rent,RNT-202505
102935,16/11/2025,ST-07,COGS - Merchandise,23509614.0,Weekly COGS Merchandise,INV-07251110
102936,"Mar 09, 2025",ST-06,COGS - Food,29697056.0,Weekly COGS Food,INV-06250303
102937,"May 18, 2025",ST-01,Revenue - Merchandise,-63708800.0,Weekly POS sales Merchandise,POS-01250512
102938,30/11/2025,ST-06,Payroll - Store Staff,"110,104,716",Monthly store payroll,PR-202511
102939,2026-09-30,ST-12,Payroll - Store Staff,46552771.0,Monthly store payroll,PR-202609
102940,2026-02-28,ST-08,Payroll - Store Staff,87585965.0,Monthly store payroll,PR-202602
102941,2025-01-26,ST-03,Revenue - Merchandise,-73313900.0,Weekly POS sales Merchandise,POS-03250120
102942,28/02/2026,ST-09,Repairs & Maintenance,4037000.0,R&M,RPM-202602
102943,2025-08-31,ST-09,Revenue - Food,"-67,155,600",Weekly POS sales Food,POS-09250825
102944,"Nov 30, 2025",ST-05,Store Supplies,6978308.0,Packaging & supplies,SUP-202511
102945,31/08/2025,ST-01,COGS - Merchandise,50817845.0,Weekly COGS Merchandise,INV-01250825
102946,2025-12-21,ST-04,COGS - Merchandise,45615435.0,Weekly COGS Merchandise,INV-04251215
102947,"Mar 23, 2025",ST-08,Revenue - Beverage,-18755000.0,Weekly POS sales Beverage,POS-08250317
102948,2026-03-31,ST-08,Delivery Platform Commission,24478349.0,Delivery aggregator fees,DLV-202603
102949,2026-07-31,ST-02,Utilities,19110511.0,Electricity & water,UTL-202607
102950,"Jun 22, 2025",ST-06,COGS - Beverage,23761993.0,Weekly COGS Beverage,INV-06250616
102951,2025-05-25,ST-08,COGS - Beverage,9786642.0,Weekly COGS Beverage,INV-08250519
102952,"Aug 31, 2026",ST-05,Revenue - Merchandise,-55188000.0,Weekly POS sales Merchandise,POS-05260831
102953,31/08/2026,ST-04,Marketing - Local,16235935.0,Local store marketing,MKT-202608
102954,"Sep 07, 2026",ST-03,COGS - Food,75146756.0,Weekly COGS Food,INV-03260901
102955,2026-09-13,ST-12,COGS - Food,21614626.0,Weekly COGS Food,INV-12260907
102956,2025-12-31,ST-03,Delivery Platform Commission,82927064.0,Delivery aggregator fees,DLV-202512
102957,21/09/2025,ST-06,Revenue - Beverage,-47670500.0,Weekly POS sales Beverage,POS-06250915
102958,"Apr 07, 2026",ST-11,COGS - Food,28761760.0,Weekly COGS Food,INV-11260401
102959,2025-10-26,ST-08,COGS - Merchandise,20022159.0,Weekly COGS Merchandise,INV-08251020
102960,2026-04-30,ST-11,COGS - Beverage,11579756.0,Weekly COGS Beverage,INV-11260427
102961,"Nov 09, 2025",ST-08,COGS - Food,35275991.0,Weekly COGS Food,INV-08251103
102962,16/03/2025,ST-01,Revenue - Merchandise,-66176000.0,Weekly POS sales Merchandise,POS-01250310
102963,30/09/2025,ST-09,Revenue - Food,-61436800.0,Weekly POS sales Food,POS-09250929
102964,"May 31, 2025",ST-05,DELIVERY PLATFORM COMMISSION,46424556.0,Delivery aggregator fees,DLV-202505
102965,15/03/2026,ST-06,COGS - Beverage,17726704.0,Weekly COGS Beverage,INV-06260309
102966,2026-02-28,ST-07,Revenue - Merchandise,-38298700.0,Weekly POS sales Merchandise,POS-07260223
102967,"Feb 09, 2025",ST-01,Revenue - Beverage,-101649600.0,Weekly POS sales Beverage,POS-01250203
102968,"Mar 09, 2025",ST-04,Revenue - Beverage,-47874400.0,Weekly POS sales Beverage,POS-04250303
102969,13/04/2025,ST-02,COGS - Beverage,18205656.0,Weekly COGS Beverage,INV-02250407
102970,"May 24, 2026",ST-12,Revenue - Food,-28984200.0,Weekly POS sales Food,POS-12260518
102971,31/03/2026,ST-05,COGS - Merchandise,34304766.0,Weekly COGS Merchandise,INV-05260330
102972,2026-03-29,ST-11,Revenue - Merchandise,-21898800.0,Weekly POS sales Merchandise,POS-11260323
102973,2026-08-31,ST-01,Marketing - Local,28273753.0,Local store marketing,MKT-202608
102974,2025-04-30,ST-04,Revenue - Beverage,-46364000.0,Weekly POS sales Beverage,POS-04250428
102975,2026-09-30,ST-04,Delivery Platform Commission,46320973.0,Delivery aggregator fees,DLV-202609
102976,"May 07, 2026",ST-07,Revenue - Food,-54346500.0,Weekly POS sales Food,POS-07260501
102977,"Feb 09, 2025",ST-07,  COGS - Food ,"29,457,265",Weekly COGS Food,INV-07250203
102978,"Nov 30, 2025",ST-10,Revenue - Beverage,-21750000.0,Weekly POS sales Beverage,POS-10251124
102979,2025-01-31,ST-06,Marketing - Local,12272548.0,Local store marketing,MKT-202501
102980,2026-02-22,ST-10,Revenue - Beverage,-37852400.0,Weekly POS sales Beverage,POS-10260216
102981,30/06/2026,ST-06,COGS - Merchandise,42107532.0,Weekly COGS Merchandise,INV-06260629
102982,30/08/2026,ST-07,Revenue - Beverage,-35457600.0,Weekly POS sales Beverage,POS-07260824
102983,"Apr 07, 2025",ST-08,Revenue - Beverage,-20106800.0,Weekly POS sales Beverage,POS-08250401
102984,2025-03-30,ST-04,Revenue - Food,-75951000.0,Weekly POS sales Food,POS-04250324
102985,30/04/2026,ST-10,COGS - Food,24581489.0,Weekly COGS Food,INV-10260427
102986,"Jan 25, 2026",ST-09,Revenue - Merchandise,-67521000.0,Weekly POS sales Merchandise,POS-09260119
102987,30/06/2026,ST-01,Revenue - Beverage,-101179000.0,Weekly POS sales Beverage,POS-01260629
102988,2025-10-26,ST-04,Revenue - Beverage,-55628500.0,Weekly POS sales Beverage,POS-04251020
102989,"Sep 30, 2025",HQ,Depreciation - HO Assets,41495000.0,HO depreciation,DEP-HO-202509
102990,2025-09-28,ST-06,COGS - Food,46048435.0,Weekly COGS Food,INV-06250922
102991,2026-01-31,ST-06,Revenue - Food,-109397600.0,Weekly POS sales Food,POS-06260126
102992,"Mar 09, 2025",ST-08,Revenue - Food,"-29,412,400",Weekly POS sales Food,POS-08250303
102993,30/11/2025,ST-08,Rent Expense,42226000.0,Store rent,RNT-202511
102994,"Sep 07, 2026",ST-06,Revenue - Food,-84475500.0,Weekly POS sales Food,POS-06260901
102995,2026-02-22,ST-02,Revenue - Beverage,-70224000.0,Weekly POS sales Beverage,POS-02260216
102996,"Feb 09, 2025",ST-03,Revenue - Beverage,-89880600.0,Weekly POS sales Beverage,POS-03250203
102997,2025-09-30,ST-05,Store Supplies,6402483.0,Packaging & supplies,SUP-202509
102998,2026-08-16,ST-06,Revenue - Merchandise,-51566800.0,Weekly POS sales Merchandise,POS-06260810
102999,2025-02-23,ST-05,Revenue - Beverage,-62982700.0,Weekly POS sales Beverage,POS-05250217
103000,"Mar 07, 2025",ST-06,COGS - Merchandise,30501975.0,Weekly COGS Merchandise,INV-06250301
103001,"May 25, 2025",ST-09,COGS - Merchandise,22240050.0,Weekly COGS Merchandise,INV-09250519
103002,2026-01-31,ST-04,COGS - Merchandise,43829311.0,Weekly COGS Merchandise,INV-04260126
103003,"Apr 13, 2025",ST-09,Revenue - Food,-42056000.0,Weekly POS sales Food,POS-09250407
103004,"May 07, 2025",ST-04,COGS - Beverage,18075853.0,Weekly COGS Beverage,INV-04250501
103005,2026-06-30,ST-03,Revenue - Beverage,-77190300.0,Weekly POS sales Beverage,POS-03260629
103006,2025-08-31,ST-09,Revenue - Beverage,-38624000.0,Weekly POS sales Beverage,POS-09250825
103007,31/10/2025,ST-01,REVENUE - MERCHANDISE,-72198000.0,Weekly POS sales Merchandise,POS-01251027
103008,31/03/2026,ST-11,Repairs & Maintenance,4538000.0,R&M,RPM-202603
103009,30/09/2026,ST-02,Marketing - Local,7799853.0,Local store marketing,MKT-202609
103010,2026-06-30,ST-09,COGS - Beverage,17889901.0,Weekly COGS Beverage,INV-09260629
103011,2025-12-14,ST-04,COGS - Merchandise,43750871.0,Weekly COGS Merchandise,INV-04251208
103012,2025-11-16,ST-10,COGS - Food,21280789.0,Weekly COGS Food,INV-10251110
103013,2025-05-31,ST-09,COGS - Food,29552293.0,Weekly COGS Food,INV-09250526
103014,2026-08-30,ST-11,Revenue - Merchandise,-38764000.0,Weekly POS sales Merchandise,POS-11260824
103015,"Feb 07, 2025",ST-02,COGS - Food,58463196.0,Weekly COGS Food,INV-02250201
103016,"Sep 07, 2026",ST-02,COGS - Merchandise,40064649.0,Weekly COGS Merchandise,INV-02260901
103017,2026-02-28,ST-02,Marketing - Local,14910209.0,Local store marketing,MKT-202602
103018,"Jul 12, 2026",ST-12,Revenue - Food,-30157600.0,Weekly POS sales Food,POS-12260706
103019,2025-08-17,ST-03,Revenue - Food,-117911500.0,Weekly POS sales Food,POS-03250811
103020,2025-12-14,ST-04,  COGS - Food ,55613158.0,Weekly COGS Food,INV-04251208
103021,2026-03-31,ST-05,Revenue - Merchandise,-47574500.0,Weekly POS sales Merchandise,POS-05260330
103022,2026-04-26,ST-05,Revenue - Food,-84420000.0,Weekly POS sales Food,POS-05260420
103023,"May 31, 2025",ST-05,Repairs & Maintenance,9644000.0,R&M,RPM-202505
103024,30/09/2026,ST-03,COGS - Food,61316206.0,Weekly COGS Food,INV-03260928
103025,"Aug 07, 2025",ST-10,COGS - Merchandise,10704694.0,Weekly COGS Merchandise,INV-10250801
103026,"Mar 08, 2026",ST-09,Revenue - Merchandise,-46802200.0,Weekly POS sales Merchandise,POS-09260302
103027,31/01/2025,ST-04,Store Supplies,11012099.0,Packaging & supplies,SUP-202501
103028,2025-06-30,ST-02,Utilities,22103653.0,Electricity & water,UTL-202506
103029,"Sep 27, 2026",ST-01,Revenue - Food,"-129,712,800",Weekly POS sales Food,POS-01260921
103030,2025-05-31,ST-06,COGS - Beverage,19728006.0,Weekly COGS Beverage,INV-06250526
103031,"Aug 07, 2026",ST-09,Revenue - Beverage,-52086600.0,Weekly POS sales Beverage,POS-09260801
103032,19/07/2026,ST-04,REVENUE - FOOD,-98838600.0,Weekly POS sales Food,POS-04260713
103033,30/09/2025,HQ,IT & Software,82551000.0,SaaS & IT,ITS-202509
103034,"Nov 09, 2025",ST-02,Revenue - Food,-81060000.0,Weekly POS sales Food,POS-02251103
103035,"Feb 07, 2026",ST-08,COGS - Food,38466123.0,Weekly COGS Food,INV-08260201
103036,2025-11-30,ST-08,COGS - Beverage,13672815.0,Weekly COGS Beverage,INV-08251124
103037,2025-01-31,ST-04,Rent Expense,64945000.0,Store rent,RNT-202501
103038,"Aug 09, 2026",ST-05,Revenue - Merchandise,-49884800.0,Weekly POS sales Merchandise,POS-05260803
103039,2026-06-28,ST-08,Revenue - Beverage,-36884500.0,Weekly POS sales Beverage,POS-08260622
103040,2025-07-27,ST-05,COGS - Beverage,16319452.0,Weekly COGS Beverage,INV-05250721
103041,"May 24, 2026",ST-11,Revenue - Merchandise,-30629900.0,Weekly POS sales Merchandise,POS-11260518
103042,"Dec 31, 2025",ST-01,Store Supplies,18658308.0,Packaging & supplies,SUP-202512
103043,"Jul 07, 2025",ST-01,Revenue - Food,-123671000.0,Weekly POS sales Food,POS-01250701
103044,31/03/2026,HQ,Professional Fees,79074000.0,Audit/legal/consulting,PRF-202603
103045,2025-03-16,ST-09,Revenue - Beverage,-21238200.0,Weekly POS sales Beverage,POS-09250310
103046,2025-03-30,ST-08,Revenue - Food,-33567100.0,Weekly POS sales Food,POS-08250324
103047,2026-07-31,ST-12,Store Supplies,3781682.0,Packaging & supplies,SUP-202607
103048,"Apr 19, 2026",ST-09,COGS - Merchandise,32945842.0,Weekly COGS Merchandise,INV-09260413
103049,2026-09-27,ST-09,COGS - Beverage,19636886.0,Weekly COGS Beverage,INV-09260921
103050,"Apr 07, 2025",ST-05,Revenue - Beverage,-53454600.0,Weekly POS sales Beverage,POS-05250401
103051,2026-03-29,ST-03,Revenue - Merchandise,-71314600.0,Weekly POS sales Merchandise,POS-03260323
103052,2025-03-23,ST-08,Revenue - Merchandise,"-21,667,000",Weekly POS sales Merchandise,POS-08250317
103053,"May 10, 2026",ST-06,Revenue - Beverage,-52220000.0,Weekly POS sales Beverage,POS-06260504
103054,"Feb 09, 2025",ST-08,COGS - Beverage,9759547.0,Weekly COGS Beverage,INV-08250203
103055,2025-03-31,ST-09,Depreciation - Store Assets,28000000.0,Monthly depreciation,DEP-202503
103056,2025-05-25,ST-05,Revenue - Beverage,-44886400.0,Weekly POS sales Beverage,POS-05250519
103057,"Aug 07, 2025",ST-10,Revenue - Food,-28997700.0,Weekly POS sales Food,POS-10250801
103058,31/07/2026,ST-01 ,Delivery Platform Commission,72119964.0,Delivery aggregator fees,DLV-202607
103059,2025-11-23,ST-07,COGS - Merchandise,20270428.0,Weekly COGS Merchandise,INV-07251117
103060,"Mar 07, 2026",ST-04,COGS - Beverage,19657074.0,Weekly COGS Beverage,INV-04260301
103061,2025-11-30,ST-02,Utilities,12374652.0,Electricity & water,UTL-202511
103062,2025-07-27,ST-06,Revenue - Beverage,-56280000.0,Weekly POS sales Beverage,POS-06250721
103063,2026-03-31,ST-01,Repairs & Maintenance,9008000.0,R&M,RPM-202603
103064,"Oct 12, 2025",ST-08,COGS - Food,29425526.0,Weekly COGS Food,INV-08251006
103065,2026-03-15,ST-02,COGS - Beverage,16539268.0,Weekly COGS Beverage,INV-02260309
103066,22/03/2026,ST-04,Revenue - Merchandise,-51724000.0,Weekly POS sales Merchandise,POS-04260316
103067,2026-05-31,ST-06,Rent Expense,64956000.0,Store rent,RNT-202605
103068,"Apr 26, 2026",ST-05,Revenue - Beverage,-50552000.0,Weekly POS sales Beverage,POS-05260420
103069,14/06/2026,ST-03,Revenue - Food,-138945100.0,Weekly POS sales Food,POS-03260608
103070,2025-08-24,ST-06,Revenue - Food,-75675600.0,Weekly POS sales Food,POS-06250818
103071,"Nov 23, 2025",ST-09,Revenue - Beverage,-52073000.0,Weekly POS sales Beverage,POS-09251117
103072,15/03/2026,ST-04,Revenue - Food,-80334600.0,Weekly POS sales Food,POS-04260309
103073,31/05/2026,ST-12,Rent Expense,40269000.0,Store rent,RNT-202605
103074,2025-11-30,ST-10,Payroll - Store Staff,"44,771,536",Monthly store payroll,PR-202511
103075,2025-02-23,ST-01,COGS - Merchandise,54989176.0,Weekly COGS Merchandise,INV-01250217
103076,30/04/2026,ST-01,Store Supplies,9625788.0,Packaging & supplies,SUP-202604
103077,31/07/2025,ST-01,COGS - Merchandise,44083838.0,Weekly COGS Merchandise,INV-01250728
103078,2026-09-20,ST-03,COGS - Food,82277143.0,Weekly COGS Food,INV-03260914
103079,23/03/2025,ST-02,Revenue - Merchandise,-43555800.0,Weekly POS sales Merchandise,POS-02250317
103080,2025-06-30,ST-04,Rent Expense,63859000.0,Store rent,RNT-202506
103081,"Mar 07, 2026",ST-08,COGS - Beverage,11931816.0,Weekly COGS Beverage,INV-08260301
103082,2025-02-16,,COGS - Food,56837393.0,Weekly COGS Food,INV-06250210
103083,"Feb 16, 2025",ST-07,Revenue - Merchandise,-30036600.0,Weekly POS sales Merchandise,POS-07250210
103084,31/07/2026,ST-11,Depreciation - Store Assets,28000000.0,Monthly depreciation,DEP-202607
103085,2026-09-30,ST-05,Revenue - Food,"-82,844,000",Weekly POS sales Food,POS-05260928
103086,"Mar 31, 2026",ST-04,Marketing - Local,18686438.0,Local store marketing,MKT-202603
103087,"Oct 07, 2025",ST-10,Revenue - Merchandise,-16478700.0,Weekly POS sales Merchandise,POS-10251001
103088,21/09/2025,ST-01,Revenue - Merchandise,-64864800.0,Weekly POS sales Merchandise,POS-01250915
103089,2025-07-31,ST-07,Delivery Platform Commission,25620383.0,Delivery aggregator fees,DLV-202507
103090,2026-03-31,ST-06,Revenue - Merchandise,-52372200.0,Weekly POS sales Merchandise,POS-06260330
103091,"Apr 07, 2025",ST-07,COGS - Beverage,10431247.0,Weekly COGS Beverage,INV-07250401
103092,2026-06-30,ST-09,Repairs & Maintenance,"11,251,000",R&M,RPM-202606
103093,2025-06-15,ST-05,COGS - Food,49052649.0,Weekly COGS Food,INV-05250609
103094,30/06/2025,ST-03,Rent Expense,104072000.0,Store rent,RNT-202506
103095,30/09/2026,HQ,Interest Expense,185507000.0,Loan interest,INT-202609
103096,2025-08-31,ST-09,Delivery Platform Commission,24571860.0,Delivery aggregator fees,DLV-202508
103097,28/02/2026,ST-05,Revenue - Merchandise,-55360800.0,Weekly POS sales Merchandise,POS-05260223
103098,2025-07-13,ST-04,COGS - Merchandise,33912623.0,Weekly COGS Merchandise,INV-04250707
103099,"Sep 07, 2025",ST-10,Revenue - Beverage,-17438400.0,Weekly POS sales Beverage,POS-10250901
103100,15/06/2025,ST-04,COGS - Food,50568483.0,Weekly COGS Food,INV-04250609
103101,"Apr 07, 2025",ST-09,Revenue - Beverage,-25555200.0,Weekly POS sales Beverage,POS-09250401
103102,31/08/2025,ST-02,COGS - Food,46178841.0,Weekly COGS Food,INV-02250825
103103,2026-02-22,ST-02,COGS - Merchandise,42698421.0,Weekly COGS Merchandise,INV-02260216
103104,2026-06-28,ST-04,Revenue - Food,-92293800.0,Weekly POS sales Food,POS-04260622
103105,2025-07-13,ST-02,COGS - Merchandise,40121979.0,Weekly COGS Merchandise,INV-02250707
103106,"Aug 07, 2025",ST-09,COGS - Merchandise,28041107.0,Weekly COGS Merchandise,INV-09250801
103107,30/06/2026,ST-11,Revenue - Food,-59454600.0,Weekly POS sales Food,POS-11260629
103108,"Mar 07, 2025",ST-03,COGS - Food,55269450.0,Weekly COGS Food,INV-03250301
103109,"Jun 30, 2026",ST-10,Repairs & Maintenance,10827000.0,R&M,RPM-202606
103110,2025-09-30,ST-08,Revenue - Beverage,-34302600.0,Weekly POS sales Beverage,POS-08250929
103111,2025-05-31,ST-08,COGS - Food,23525512.0,Weekly COGS Food,INV-08250526
103112,"Mar 07, 2025",ST-06,Revenue - Beverage,-49576500.0,Weekly POS sales Beverage,POS-06250301
103113,"Apr 12, 2026",ST-09,COGS - Food,50969753.0,Weekly COGS Food,INV-09260406
103114,14/06/2026,ST-05,COGS - Merchandise,31144684.0,Weekly COGS Merchandise,INV-05260608
103115,28/02/2025,ST-05,Store Supplies,8188247.0,Packaging & supplies,SUP-202502
103116,"Apr 07, 2026",ST-04,Revenue - Merchandise,-51755000.0,Weekly POS sales Merchandise,POS-04260401
103117,"Jun 21, 2026",ST-08,COGS - Merchandise,22754016.0,Weekly COGS Merchandise,INV-08260615
103118,2025-05-31,ST-08,Revenue - Beverage,-26532000.0,Weekly POS sales Beverage,POS-08250526
103119,"Nov 09, 2025",ST-06,COGS - Beverage,22275462.0,Weekly COGS Beverage,INV-06251103
103120,2025-04-30,ST-04,Store Supplies,6745366.0,Packaging & supplies,SUP-202504
103121,"Apr 07, 2026",ST-11,Revenue - Beverage,-33871500.0,Weekly POS sales Beverage,POS-11260401
103122,31/05/2026,ST-10,Rent Expense,42193000.0,Store rent,RNT-202605
103123,31/07/2026,ST-12,Delivery Platform Commission,18311782.0,Delivery aggregator fees,DLV-202607
103124,14/09/2025,ST-09,COGS - Food,36124855.0,Weekly COGS Food,INV-09250908
103125,2026-02-22,ST-07,COGS - Beverage,15221909.0,Weekly COGS Beverage,INV-07260216
103126,2025-09-30,ST-08,Repairs & Maintenance,10862000.0,R&M,RPM-202509
103127,"Feb 08, 2026",ST-07,Revenue - Beverage,-42362000.0,Weekly POS sales Beverage,POS-07260202
103128,31/05/2025,HQ,Marketing - Brand,113702042.0,Brand campaigns,MKT-HO-202505
103129,"Sep 30, 2026",ST-04,COGS - Beverage,17392964.0,Weekly COGS Beverage,INV-04260928
103130,2025-12-31,ST-02,Revenue - Beverage,-60265400.0,Weekly POS sales Beverage,POS-02251229
103131,"May 07, 2025",ST-06,Revenue - Food,-80541800.0,Weekly POS sales Food,POS-06250501
103132,31/08/2026,ST-08,Repairs & Maintenance,11703000.0,R&M,RPM-202608
103133,31/03/2026,ST-07,COGS - Beverage,13751515.0,Weekly COGS Beverage,INV-07260330
103134,2026-07-26,ST-06,  COGS - Food ,"51,683,346",Weekly COGS Food,INV-06260720
103135,2025-12-14,ST-09,Revenue - Beverage,-66792000.0,Weekly POS sales Beverage,POS-09251208
103136,"Jan 12, 2025",ST-05,COGS - Food,55372248.0,Weekly COGS Food,INV-05250106
103137,"Jun 07, 2025",ST-05,COGS - Beverage,17394108.0,Weekly COGS Beverage,INV-05250601
103138,31/08/2025,ST-05,Store Supplies,8039045.0,Packaging & supplies,SUP-202508
103139,"Jun 22, 2025",ST-03,COGS - Food,54838082.0,Weekly COGS Food,INV-03250616
103140,2025-09-30,ST-10,COGS - Beverage,7264428.0,Weekly COGS Beverage,INV-10250929
103141,2026-07-31,ST-08,Delivery Platform Commission,26243077.0,Delivery aggregator fees,DLV-202607
103142,2026-09-13,ST-03,Revenue - Food,-138920000.0,Weekly POS sales Food,POS-03260907
103143,"Mar 09, 2025",ST-08,COGS - Beverage,7472999.0,Weekly COGS Beverage,INV-08250303
103144,2026-03-22,ST-03,Revenue - Merchandise,-69933200.0,Weekly POS sales Merchandise,POS-03260316
103145,30/08/2026,ST-07,COGS - Beverage,13041369.0,Weekly COGS Beverage,INV-07260824
103146,"May 07, 2026",ST-11,Revenue - Food,-59455800.0,Weekly POS sales Food,POS-11260501
103147,2026-07-26,ST-08,Revenue - Food,-55435600.0,Weekly POS sales Food,POS-08260720
103148,"Aug 07, 2026",ST-07,Revenue - Beverage,-33224800.0,Weekly POS sales Beverage,POS-07260801
103149,"Feb 08, 2026",ST-06,COGS - Food,49072356.0,Weekly COGS Food,INV-06260202
103150,2025-09-28,ST-02,Revenue - Beverage,-51188000.0,Weekly POS sales Beverage,POS-02250922
103151,"Jul 26, 2026",ST-07,Revenue - Beverage,-31946400.0,Weekly POS sales Beverage,POS-07260720
103152,31/01/2025,ST-01,Revenue - Beverage,-97578300.0,Weekly POS sales Beverage,POS-01250127
103153,2025-11-16,ST-10,Revenue - Beverage,-22329800.0,Weekly POS sales Beverage,POS-10251110
103154,"Mar 07, 2025",ST-07,Revenue - Merchandise,-26592600.0,Weekly POS sales Merchandise,POS-07250301
103155,2025-03-31,ST-01,Utilities,24414023.0,Electricity & water,UTL-202503
103156,2026-02-15,ST-02,COGS - Beverage,27690880.0,Weekly COGS Beverage,INV-02260209
103157,"Aug 07, 2026",ST-03,Revenue - Beverage,-78613100.0,Weekly POS sales Beverage,POS-03260801
103158,2025-09-14,ST-04,COGS - Beverage,17862484.0,Weekly COGS Beverage,INV-04250908
103159,"Jan 11, 2026",ST-04,COGS - Merchandise,45760044.0,Weekly COGS Merchandise,INV-04260105
103160,2026-03-31,ST-03,Revenue - Food,-123708500.0,Weekly POS sales Food,POS-03260330
103161,22/06/2025,ST-08,Revenue - Food,-33727200.0,Weekly POS sales Food,POS-08250616
103162,"Jul 26, 2026",ST-05,COGS - Merchandise,"40,863,018",Weekly COGS Merchandise,INV-05260720
103163,22/03/2026,ST-01,COGS - Beverage,33249817.0,Weekly COGS Beverage,INV-01260316
103164,"Jun 08, 2025",ST-05,Revenue - Merchandise,-49501500.0,Weekly POS sales Merchandise,POS-05250602
103165,"Jan 12, 2025",ST-08,Revenue - Food,-39618000.0,Weekly POS sales Food,POS-08250106
103166,30/06/2025,ST-01,Store Supplies,17162482.0,Packaging & supplies,SUP-202506
103167,"Sep 07, 2025",ST-06,COGS - Merchandise,33326322.0,Weekly COGS Merchandise,INV-06250901
103168,"Jan 11, 2026",ST-06,COGS - Merchandise,37093944.0,Weekly COGS Merchandise,INV-06260105
103169,2025-11-23,ST-09,COGS - Food,40512190.0,Weekly COGS Food,INV-09251117
103170,31/08/2025,ST-07,Delivery Platform Commission,26382542.0,Delivery aggregator fees,DLV-202508
103171,29/03/2026,ST-01,COGS - Merchandise,52845970.0,Weekly COGS Merchandise,INV-01260323
103172,2026-09-13,ST-12,Revenue - Merchandise,-21574800.0,Weekly POS sales Merchandise,POS-12260907
103173,31/05/2026,ST-3,COGS - Beverage,31361406.0,Weekly COGS Beverage,INV-03260525
103174,2026-08-30,ST-09 ,Revenue - Beverage,-60167600.0,Weekly POS sales Beverage,POS-09260824
103175,31/08/2026,ST-09,Delivery Platform Commission,54331707.0,Delivery aggregator fees,DLV-202608
103176,"Mar 09, 2025",ST-07,COGS - Food,27365991.0,Weekly COGS Food,INV-07250303
103177,"Sep 28, 2025",ST-05,Revenue - Merchandise,-45944800.0,Weekly POS sales Merchandise,POS-05250922
103178,2026-07-31,ST-04,  Rent Expense ,70798000.0,Store rent,RNT-202607
103179,28/02/2026,ST-08,COGS - Beverage,16016843.0,Weekly COGS Beverage,INV-08260223
103180,"Mar 23, 2025",ST-08,Revenue - Food,-30659200.0,Weekly POS sales Food,POS-08250317
103181,31/03/2026,HQ,Marketing - Brand,74466929.0,Brand campaigns,MKT-HO-202603
103182,2026-02-15,ST-04,COGS - Food,62605463.0,Weekly COGS Food,INV-04260209
103183,"Apr 07, 2025",ST-03,COGS - Food,67349500.0,Weekly COGS Food,INV-03250401
103184,"Feb 08, 2026",ST-05,COGS - Food,51571595.0,Weekly COGS Food,INV-05260202
103185,"Jun 08, 2025",ST-07,Revenue - Food,-42056000.0,Weekly POS sales Food,POS-07250602
103186,2025-04-13,ST-06,Revenue - Merchandise,-37642400.0,Weekly POS sales Merchandise,POS-06250407
103187,23/08/2026,ST-07,Revenue - Merchandise,-30101000.0,Weekly POS sales Merchandise,POS-07260817
103188,"Aug 09, 2026",ST-10,Revenue - Food,-54999000.0,Weekly POS sales Food,POS-10260803
103189,2025-02-16,ST-07,COGS - Food,31907727.0,Weekly COGS Food,INV-07250210
103190,"May 10, 2026",ST-07,Revenue - Food,-60722100.0,Weekly POS sales Food,POS-07260504
103191,2026-02-28,ST-03,COGS - Food,102463026.0,Weekly COGS Food,INV-03260223
103192,"May 07, 2026",ST-04,COGS - Food,45664088.0,Weekly COGS Food,INV-04260501
103193,"Jan 12, 2025",ST-06,Revenue - Merchandise,-55030400.0,Weekly POS sales Merchandise,POS-06250106
103194,"Jul 07, 2025",ST-03,Revenue - Merchandise,-79173000.0,Weekly POS sales Merchandise,POS-03250701
103195,"Jan 12, 2025",ST-03,Revenue - Food,-141847200.0,Weekly POS sales Food,POS-03250106
103196,"Dec 14, 2025",ST-02 ,COGS - Food,59135630.0,Weekly COGS Food,INV-02251208
103197,2026-01-18,ST-01,Revenue - Beverage,-94094000.0,Weekly POS sales Beverage,POS-01260112
103198,19/04/2026,ST-07,COGS - Merchandise,21473649.0,Weekly COGS Merchandise,INV-07260413
103199,"Nov 09, 2025",ST-10,COGS - Merchandise,15619043.0,Weekly COGS Merchandise,INV-10251103
103200,"Nov 30, 2025",ST-10,Revenue - Food,-35880000.0,Weekly POS sales Food,POS-10251124
103201,2026-06-21,ST-03,COGS - Beverage,37121963.0,Weekly COGS Beverage,INV-03260615
103202,"Jun 07, 2026",ST-04,Revenue - Merchandise,-55606800.0,Weekly POS sales Merchandise,POS-04260601
103203,2025-11-23,ST-01,COGS - Merchandise,56090252.0,Weekly COGS Merchandise,INV-01251117
103204,"Jun 07, 2025",ST-01,COGS - Beverage,"32,665,613",Weekly COGS Beverage,INV-01250601
103205,2025-09-14,ST-02,COGS - Merchandise,34814546.0,Weekly COGS Merchandise,INV-02250908
103206,27/04/2025,ST-02,Revenue - Beverage,-47847900.0,Weekly POS sales Beverage,POS-02250421
103207,21/09/2025,ST-10,COGS - Beverage,6702548.0,Weekly COGS Beverage,INV-10250915
103208,"Jan 07, 2025",ST-07,Revenue - Merchandise,-30816000.0,Weekly POS sales Merchandise,POS-07250101
103209,20/09/2026,ST-12,COGS - Merchandise,14610801.0,Weekly COGS Merchandise,INV-12260914
103210,"Jan 31, 2026",ST-06,Rent Expense,68530000.0,Store rent,RNT-202601
103211,2025-09-14,ST-07,COGS - Beverage,11930806.0,Weekly COGS Beverage,INV-07250908
103212,"May 07, 2026",ST-12,  Revenue - Beverage ,-19113600.0,Weekly POS sales Beverage,POS-12260501
103213,2025-04-13,ST-05,COGS - Merchandise,30755942.0,Weekly COGS Merchandise,INV-05250407
103214,"May 07, 2025",ST-09,Revenue - Food,-49927200.0,Weekly POS sales Food,POS-09250501
103215,2026-02-22,ST-07,Revenue - Beverage,-41701200.0,Weekly POS sales Beverage,POS-07260216
103216,"Aug 07, 2025",ST-05,Revenue - Food,-80850000.0,Weekly POS sales Food,POS-05250801
103217,28/02/2026,ST-04,Marketing - Local,18601463.0,Local store marketing,MKT-202602
103218,2026-02-15,ST-10,COGS - Merchandise,25089995.0,Weekly COGS Merchandise,INV-10260209
103219,2025-08-17,ST-08,COGS - Merchandise,20470345.0,Weekly COGS Merchandise,INV-08250811
103220,"Apr 12, 2026",ST-10,COGS - Food,26319422.0,Weekly COGS Food,INV-10260406
103221,31/05/2026,ST-04,Store Supplies,8760440.0,Packaging & supplies,SUP-202605
103222,"Apr 12, 2026",ST-01,COGS - Food,60646049.0,Weekly COGS Food,INV-01260406
103223,2025-08-24,ST-08,Revenue - Merchandise,"-24,227,200",Weekly POS sales Merchandise,POS-08250818
103224,"Feb 09, 2025",ST-06,COGS - Beverage,22729503.0,Weekly COGS Beverage,INV-06250203
103225,"Jan 11, 2026",ST-01,Revenue - Food,-156452100.0,Weekly POS sales Food,POS-01260105
103226,"Aug 10, 2025",ST-04,Revenue - Merchandise,-51115200.0,Weekly POS sales Merchandise,POS-04250804
103227,"Jun 07, 2026",ST-11,COGS - Merchandise,24198588.0,Weekly COGS Merchandise,INV-11260601
103228,2025-07-31,ST-01,COGS - Beverage,25953570.0,Weekly COGS Beverage,INV-01250728
103229,2026-08-31,ST-09,Rent Expense,67910000.0,Store rent,RNT-202608
103230,2026-08-30,ST-01,COGS - Food,78237519.0,Weekly COGS Food,INV-01260824
103231,"Aug 09, 2026",ST-08,COGS - Food,32520771.0,Weekly COGS Food,INV-08260803
103232,2026-08-16,ST-02,Revenue - Beverage,-55463100.0,Weekly POS sales Beverage,POS-02260810
103233,"Apr 07, 2026",ST-05,Revenue - Beverage,"-52,830,400",Weekly POS sales Beverage,POS-05260401
103234,27/07/2025,ST-04,Revenue - Merchandise,-53461100.0,Weekly POS sales Merchandise,POS-04250721
103235,2025-01-31,ST-05,Store Supplies,8982766.0,Packaging & supplies,SUP-202501
103236,"Feb 07, 2025",ST-01,COGS - Beverage,31736196.0,Weekly COGS Beverage,INV-01250201
103237,"Jan 11, 2026",ST-09,COGS - Food,58730224.0,Weekly COGS Food,INV-09260105
103238,"Feb 16, 2025",ST-02,Revenue - Beverage,-63932400.0,Weekly POS sales Beverage,POS-02250210
103239,"Mar 31, 2026",ST-11,Utilities,10615424.0,Electricity & water,UTL-202603
103240,2026-04-26,ST-06,Revenue - Food,-93780000.0,Weekly POS sales Food,POS-06260420
103241,2026-09-13,ST-03,COGS - Food,82472858.0,Weekly COGS Food,INV-03260907
103242,31/03/2026,ST-06,Marketing - Local,11172663.0,Local store marketing,MKT-202603
103243,30/04/2025,ST-03,Delivery Platform Commission,60941875.0,Delivery aggregator fees,DLV-202504
103244,"Jun 08, 2025",ST-08,COGS - Beverage,10619374.0,Weekly COGS Beverage,INV-08250602
103245,"Apr 07, 2025",ST-06,COGS - Beverage,18420812.0,Weekly COGS Beverage,INV-06250401
103246,2026-05-31,ST-01,Revenue - Merchandise,-72072000.0,Weekly POS sales Merchandise,POS-01260525
103247,"Sep 30, 2025",ST-04,COGS - Beverage,16212882.0,Weekly COGS Beverage,INV-04250929
103248,"Jun 30, 2026",ST-02,Revenue - Merchandise,-62465000.0,Weekly POS sales Merchandise,POS-02260629
103249,"Aug 07, 2025",ST-01,Revenue - Beverage,-91577600.0,Weekly POS sales Beverage,POS-01250801
103250,"Jan 07, 2025",ST-07,COGS - Beverage,11905703.0,Weekly COGS Beverage,INV-07250101
103251,"Mar 07, 2026",ST-08,COGS - Food,27788282.0,Weekly COGS Food,INV-08260301
103252,"Jun 08, 2025",ST-08,Revenue - Beverage,-27885000.0,Weekly POS sales Beverage,POS-08250602
103253,2025-04-30,ST-01 ,COGS - Food,66156014.0,Weekly COGS Food,INV-01250428
103254,"Apr 26, 2026",ST-11,Revenue - Food,-55214800.0,Weekly POS sales Food,POS-11260420
103255,"Feb 09, 2025",ST-03,COGS - Beverage,33648597.0,Weekly COGS Beverage,INV-03250203
103256,2025-10-31,ST-01,Rent Expense,107221000.0,Store rent,RNT-202510
103257,2026-09-13,ST-06,Revenue - Merchandise,"-51,138,000",Weekly POS sales Merchandise,POS-06260907
103258,"Mar 09, 2025",ST-08,Revenue - Beverage,-20862000.0,Weekly POS sales Beverage,POS-08250303
103259,"May 07, 2026",ST-04,Revenue - Beverage,-44598400.0,Weekly POS sales Beverage,POS-04260501
103260,"Jun 30, 2026",ST-04,COGS - Food,41916684.0,Weekly COGS Food,INV-04260629
103261,28/12/2025,ST-10,COGS - Food,20926589.0,Weekly COGS Food,INV-10251222
103262,2025-07-13,ST-09,COGS - Food,34589806.0,Weekly COGS Food,INV-09250707
103263,31/03/2025,ST-04,Depreciation - Store Assets,28000000.0,Monthly depreciation,DEP-202503
103264,30/04/2025,ST-05,COGS - Beverage,14045863.0,Weekly COGS Beverage,INV-05250428
103265,"Jan 07, 2026",ST-08,COGS - Beverage,16382880.0,Weekly COGS Beverage,INV-08260101
103266,2025-04-20,ST-07,Revenue - Food,-50161600.0,Weekly POS sales Food,POS-07250414
103267,"Nov 23, 2025",ST-08,Revenue - Food,-47050400.0,Weekly POS sales Food,POS-08251117
103268,2026-07-26,ST-07,Revenue - Food,-47246400.0,Weekly POS sales Food,POS-07260720
103269,2026-09-13,ST-01,REVENUE - BEVERAGE,-75349100.0,Weekly POS sales Beverage,POS-01260907
103270,2025-06-30,,Revenue - Beverage,-73312500.0,Weekly POS sales Beverage,POS-01250630
103271,2025-11-16,ST-01,COGS - Merchandise,51494503.0,Weekly COGS Merchandise,INV-01251110
103272,"Feb 15, 2026",ST-10,COGS - BEVERAGE,16241775.0,Weekly COGS Beverage,INV-10260209
103273,2026-05-31,ST-02,Rent Expense,68356000.0,Store rent,RNT-202605
103274,25/01/2026,ST-02,COGS - Beverage,21295244.0,Weekly COGS Beverage,INV-02260119
103275,2026-08-16,ST-08,Revenue - Merchandise,-35174700.0,Weekly POS sales Merchandise,POS-08260810
103276,2026-03-22,ST-03,COGS - Merchandise,50208500.0,Weekly COGS Merchandise,INV-03260316
103277,"Jul 31, 2025",ST-05,Payroll - Store Staff,105762125.0,Monthly store payroll,PR-202507
103278,2025-03-23,ST-07,COGS - Beverage,8967469.0,Weekly COGS Beverage,INV-07250317
103279,2026-09-30,ST-10,Delivery Platform Commission,24474955.0,Delivery aggregator fees,DLV-202609
103280,2025-05-31,HQ,IT & Software,60575000.0,SaaS & IT,ITS-202505
103281,"Jan 12, 2025",ST-06,Revenue - Food,-96106000.0,Weekly POS sales Food,POS-06250106
103282,"Nov 09, 2025",ST-09,COGS - Beverage,21260685.0,Weekly COGS Beverage,INV-09251103
103283,"Jul 12, 2026",ST-11,Revenue - Food,-74054000.0,Weekly POS sales Food,POS-11260706
103284,"Aug 31, 2026",ST-04,COGS - Food,48562406.0,Weekly COGS Food,INV-04260831
103285,2025-07-13,ST-08,COGS - Merchandise,20293575.0,Weekly COGS Merchandise,INV-08250707
103286,2026-09-30,ST-10,Revenue - Merchandise,-32473600.0,Weekly POS sales Merchandise,POS-10260928
103287,"Nov 16, 2025",ST-06,COGS - Beverage,20691550.0,Weekly COGS Beverage,INV-06251110
103288,2025-03-23,ST-08,COGS - Food,17784831.0,Weekly COGS Food,INV-08250317
103289,"Mar 09, 2025",ST-02,Revenue - Food,-67961600.0,Weekly POS sales Food,POS-02250303
103290,22/06/2025,ST-04,Revenue - Food,-73011900.0,Weekly POS sales Food,POS-04250616
103291,"Nov 07, 2025",ST-01,Revenue - Food,-127680200.0,Weekly POS sales Food,POS-01251101
103292,15/02/2026,ST-01,COGS - Food,94609313.0,Weekly COGS Food,INV-01260209
103293,2025-11-30,ST-01,Utilities,23152664.0,Electricity & water,UTL-202511
103294,"Jun 07, 2026",ST-10,COGS - Merchandise,20289323.0,Weekly COGS Merchandise,INV-10260601
103295,2026-03-15,ST-02,Revenue - Beverage,-43707600.0,Weekly POS sales Beverage,POS-02260309
103296,2025-04-20,ST-01,Revenue - Food,-118027600.0,Weekly POS sales Food,POS-01250414
103297,2025-03-31,ST-05,Repairs & Maintenance,12872000.0,R&M,RPM-202503
103298,31/05/2025,HQ,Bank Charges,14594000.0,Bank fees,BNK-202505
103299,2026-06-21,ST-06,Revenue - Merchandise,-50761600.0,Weekly POS sales Merchandise,POS-06260615
103300,2026-09-27,ST-04,Revenue - Merchandise,-57400000.0,Weekly POS sales Merchandise,POS-04260921
103301,2025-03-16,ST-07,COGS - Food,24874369.0,Weekly COGS Food,INV-07250310
103302,2026-02-28,ST-02,Revenue - Beverage,-66552200.0,Weekly POS sales Beverage,POS-02260223
103303,"May 11, 2025",ST-04,COGS - Food,38318975.0,Weekly COGS Food,INV-04250505
103304,2026-04-30,HQ,  Depreciation - HO Assets ,47025000.0,HO depreciation,DEP-HO-202604
103305,31/12/2025,HQ,Office Rent & Admin,105047000.0,HO rent & admin,ADM-202512
103306,19/01/2025,ST-05,COGS - Beverage,20931153.0,Weekly COGS Beverage,INV-05250113
103307,"Oct 12, 2025",ST-03,COGS - Food,66858449.0,Weekly COGS Food,INV-03251006
103308,"May 07, 2026",ST-02,Revenue - Merchandise,-54872700.0,Weekly POS sales Merchandise,POS-02260501
103309,2026-01-31,ST-10,Revenue - Food,-46880000.0,Weekly POS sales Food,POS-10260126
103310,"Jun 28, 2026",ST-07,Revenue - Beverage,-35152200.0,Weekly POS sales Beverage,POS-07260622
103311,31/07/2025,ST-05,Marketing - Local,10748534.0,Local store marketing,MKT-202507
103312,2026-05-17,ST-11,COGS - Beverage,12050352.0,Weekly COGS Beverage,INV-11260511
103313,31/01/2026,ST-02,Revenue - Merchandise,-54836100.0,Weekly POS sales Merchandise,POS-02260126
103314,2026-04-19,ST-01,Revenue - Food,-118665000.0,Weekly POS sales Food,POS-01260413
103315,"Jan 31, 2026",ST-09,Revenue - Beverage,-65907800.0,Weekly POS sales Beverage,POS-09260126
103316,"Jan 07, 2025",ST-07,COGS - Merchandise,21376238.0,Weekly COGS Merchandise,INV-07250101
103317,14/06/2026,ST-08,COGS - Beverage,12799188.0,Weekly COGS Beverage,INV-08260608
103318,2026-08-30,ST-12,Revenue - Beverage,-25323000.0,Weekly POS sales Beverage,POS-12260824
103319,2025-12-28,ST-06,COGS - Beverage,23995545.0,Weekly COGS Beverage,INV-06251222
103320,30/06/2025,ST-02,COGS - Food,48691535.0,Weekly COGS Food,INV-02250630
103321,"Apr 30, 2026",ST-09,COGS - Beverage,18601359.0,Weekly COGS Beverage,INV-09260427
103322,19/04/2026,ST-04,Revenue - Merchandise,-43020000.0,Weekly POS sales Merchandise,POS-04260413
103323,31/07/2026,ST-01,Rent Expense,106641000.0,Store rent,RNT-202607
103324,2026-05-17,ST-09,COGS - Beverage,19858298.0,Weekly COGS Beverage,INV-09260511
103325,30/08/2026,ST-02,Revenue - Beverage,-55454000.0,Weekly POS sales Beverage,POS-02260824
103326,26/01/2025,ST-05,COGS - Beverage,20770579.0,Weekly COGS Beverage,INV-05250120
103327,17/08/2025,ST-07,COGS - Food,26656943.0,Weekly COGS Food,INV-07250811
103328,28/06/2026,ST-12,COGS - Food,19409312.0,Weekly COGS Food,INV-12260622
103329,"Feb 07, 2025",ST-08,COGS - Merchandise,16941133.0,Weekly COGS Merchandise,INV-08250201
103330,"Feb 09, 2025",ST-05,COGS - Merchandise,40809534.0,Weekly COGS Merchandise,INV-05250203
103331,30/11/2025,ST-05,Repairs & Maintenance,10787000.0,R&M,RPM-202511
103332,"May 10, 2026",ST-04,Revenue - Beverage,-56721600.0,Weekly POS sales Beverage,POS-04260504
103333,"Jul 07, 2026",ST-07,Revenue - Merchandise,-34189000.0,Weekly POS sales Merchandise,POS-07260701
103334,"Jun 21, 2026",ST-09,Revenue - Beverage,-51785100.0,Weekly POS sales Beverage,POS-09260615
103335,2025-07-31,ST-09,REVENUE - BEVERAGE,-36366000.0,Weekly POS sales Beverage,POS-09250728
103336,2026-05-31,ST-07,Rent Expense,43342000.0,Store rent,RNT-202605
103337,2026-07-31,ST-10,Marketing - Local,7809859.0,Local store marketing,MKT-202607
103338,24/05/2026,ST-09,Revenue - Merchandise,-48958200.0,Weekly POS sales Merchandise,POS-09260518
103339,2025-08-24,ST-03,COGS - Beverage,33501385.0,Weekly COGS Beverage,INV-03250818
103340,23/02/2025,ST-08,Revenue - Beverage,-31721600.0,Weekly POS sales Beverage,POS-08250217
103341,2026-06-28,ST-09,COGS - Merchandise,35398091.0,Weekly COGS Merchandise,INV-09260622
103342,"Mar 08, 2026",ST-05,COGS - Food,48618042.0,Weekly COGS Food,INV-05260302
103343,2025-06-22,ST-07,Revenue - Merchandise,-29672400.0,Weekly POS sales Merchandise,POS-07250616
103344,30/06/2025,ST-04,Delivery Platform Commission,43863955.0,Delivery aggregator fees,DLV-202506
103345,"Feb 28, 2026",ST-07,COGS - Beverage,15678463.0,Weekly COGS Beverage,INV-07260223
103346,30/06/2026,ST-07,Revenue - Beverage,-37262700.0,Weekly POS sales Beverage,POS-07260629
103347,15/03/2026,ST-05,REVENUE - BEVERAGE,-46571600.0,Weekly POS sales Beverage,POS-05260309
103348,"Aug 09, 2026",ST-01,Revenue - Beverage,-84696300.0,Weekly POS sales Beverage,POS-01260803
103349,"Nov 30, 2025",ST-09,Delivery Platform Commission,37977125.0,Delivery aggregator fees,DLV-202511
103350,2025-11-16,ST-04,Revenue - Beverage,-55831200.0,Weekly POS sales Beverage,POS-04251110
103351,2025-10-31,ST-05,Repairs & Maintenance,6046000.0,R&M,RPM-202510
103352,2026-01-31,ST-08,COGS - Merchandise,24947034.0,Weekly COGS Merchandise,INV-08260126
103353,2025-06-29,ST-04,Revenue - Food,-76148100.0,Weekly POS sales Food,POS-04250623
103354,2026-02-22,ST-04,Revenue - Merchandise,-54721500.0,Weekly POS sales Merchandise,POS-04260216
103355,"Oct 12, 2025",ST-02,COGS - Food,45567129.0,Weekly COGS Food,INV-02251006
103356,2026-03-31,ST-11,Revenue - Beverage,-29495000.0,Weekly POS sales Beverage,POS-11260330
103357,"Jun 07, 2025",ST-05,Revenue - Merchandise,-47567300.0,Weekly POS sales Merchandise,POS-05250601
103358,"May 31, 2026",ST-09,COGS - Food,41125640.0,Weekly COGS Food,INV-09260525
103359,"Jul 07, 2025",ST-06,COGS - Merchandise,29729945.0,Weekly COGS Merchandise,INV-06250701
103360,31/10/2025,ST-04,COGS - Beverage,17327367.0,Weekly COGS Beverage,INV-04251027
103361,"May 31, 2026",ST-03,Depreciation - Store Assets,43400000.0,Monthly depreciation,DEP-202605
103362,30/08/2026,ST-05,Revenue - Merchandise,-37252900.0,Weekly POS sales Merchandise,POS-05260824
103363,2025-12-14,ST-08,COGS - Beverage,12434502.0,Weekly COGS Beverage,INV-08251208
103364,2025-06-30,ST-03,Revenue - Food,-109804000.0,Weekly POS sales Food,POS-03250630
103365,2026-01-18,ST-10 ,Revenue - Food,-47956200.0,Weekly POS sales Food,POS-10260112
103366,"Jun 07, 2026",ST-01,Revenue - Food,-136532000.0,Weekly POS sales Food,POS-01260601
103367,2025-10-31,ST-08,COGS - Beverage,13525657.0,Weekly COGS Beverage,INV-08251027
103368,2025-12-28,ST-10,COGS - Merchandise,21559449.0,Weekly COGS Merchandise,INV-10251222
103369,2025-10-19,ST-10,COGS - Merchandise,11600184.0,Weekly COGS Merchandise,INV-10251013
103370,2026-09-30,ST-02,COGS - Merchandise,41411523.0,Weekly COGS Merchandise,INV-02260928
103371,31/08/2026,ST-11,COGS - Food,40086467.0,Weekly COGS Food,INV-11260831
103372,2025-01-31,ST-06,Revenue - Merchandise,-49081800.0,Weekly POS sales Merchandise,POS-06250127
103373,2026-06-14,ST-11,Revenue - Food,-73502300.0,Weekly POS sales Food,POS-11260608
103374,30/04/2025,ST-08,COGS - Merchandise,16728414.0,Weekly COGS Merchandise,INV-08250428
103375,"Dec 31, 2025",ST-05,COGS - Beverage,19914871.0,Weekly COGS Beverage,INV-05251229
103376,"Aug 07, 2026",ST-10,Revenue - Beverage,"-40,983,600",Weekly POS sales Beverage,POS-10260801
103377,31/03/2025,ST-09,Utilities,7374642.0,Electricity & water,UTL-202503
103378,"Apr 13, 2025",ST-02,Revenue - Beverage,-49878000.0,Weekly POS sales Beverage,POS-02250407
103379,"Oct 07, 2025",ST-01,Revenue - Beverage,-72003600.0,Weekly POS sales Beverage,POS-01251001
103380,14/09/2025,ST-01,Revenue - Food,-117500800.0,Weekly POS sales Food,POS-01250908
103381,2026-07-31,ST-06,Revenue - Food,-94680000.0,Weekly POS sales Food,POS-06260727
103382,2026-04-26,ST-06,Revenue - Beverage,-47158000.0,Weekly POS sales Beverage,POS-06260420
103383,"May 31, 2025",HQ,Payroll - Head Office,299572000.0,HO payroll,PR-HO-202505
103384,30/11/2025,ST-08,Depreciation - Store Assets,17360000.0,Monthly depreciation,DEP-202511
103385,2025-09-30,ST-04,Store Supplies,"8,046,877",Packaging & supplies,SUP-202509
103386,2025-04-20,ST-07,Revenue - Beverage,-33124000.0,Weekly POS sales Beverage,POS-07250414
103387,31/03/2025,ST-02,Delivery Platform Commission,35682297.0,Delivery aggregator fees,DLV-202503
103388,2025-03-23,ST-09,Revenue - Merchandise,-21539000.0,Weekly POS sales Merchandise,POS-09250317
103389,"Mar 07, 2025",ST-03,COGS - Merchandise,52537144.0,Weekly COGS Merchandise,INV-03250301
103390,"Jan 07, 2025",ST-04,COGS - Merchandise,41747513.0,Weekly COGS Merchandise,INV-04250101
103391,29/03/2026,ST-04,Revenue - Beverage,-52882800.0,Weekly POS sales Beverage,POS-04260323
103392,"Feb 28, 2026",ST-06,COGS - Food,55863162.0,Weekly COGS Food,INV-06260223
103393,30/06/2025,HQ,Bank Charges,20532000.0,Bank fees,BNK-202506
103394,"Apr 30, 2025",ST-07,Revenue - Beverage,-29624400.0,Weekly POS sales Beverage,POS-07250428
103395,"Jan 12, 2025",ST-05,Revenue - Merchandise,-56917800.0,Weekly POS sales Merchandise,POS-05250106
103396,"Feb 07, 2025",ST-01,COGS - Merchandise,66848439.0,Weekly COGS Merchandise,INV-01250201
103397,"Jul 07, 2025",ST-06,Revenue - Food,-81357000.0,Weekly POS sales Food,POS-06250701
103398,2026-03-31,ST-06,Depreciation - Store Assets,28000000.0,Monthly depreciation,DEP-202603
103399,2026-03-31,ST-09,Depreciation - Store Assets,28000000.0,Monthly depreciation,DEP-202603
103400,2026-03-15,ST-04,COGS - Food,46134524.0,Weekly COGS Food,INV-04260309
103401,"Feb 22, 2026",ST-11,Revenue - Food,-53086200.0,Weekly POS sales Food,POS-11260216
103402,31/12/2025,ST-07,Repairs & Maintenance,12248000.0,R&M,RPM-202512
103403,"Oct 07, 2025",ST-02,COGS - Beverage,17852415.0,Weekly COGS Beverage,INV-02251001
103404,"Jan 07, 2026",ST-03,Revenue - Merchandise,-87830600.0,Weekly POS sales Merchandise,POS-03260101
103405,23/08/2026,ST-08,Revenue - Beverage,-28983600.0,Weekly POS sales Beverage,POS-08260817
103406,2025-12-31,ST-08,Marketing - Local,4006090.0,Local store marketing,MKT-202512
103407,"Jan 07, 2026",ST-01,COGS - Food,93038349.0,Weekly COGS Food,INV-01260101
103408,2026-09-27,ST-12,Revenue - Food,-34615000.0,Weekly POS sales Food,POS-12260921
103409,"Jun 14, 2026",ST-11,COGS - Beverage,14334215.0,Weekly COGS Beverage,INV-11260608
103410,2025-08-31,ST-06,Payroll - Store Staff,101583841.0,Monthly store payroll,PR-202508
103411,31/07/2026,ST-09,Payroll - Store Staff,118373295.0,Monthly store payroll,PR-202607
103412,2025-07-13,ST-07,Revenue - Merchandise,-32561700.0,Weekly POS sales Merchandise,POS-07250707
103413,"May 17, 2026",ST-02,COGS - Food,52837719.0,Weekly COGS Food,INV-02260511
103414,30/04/2025,ST-01,Store Supplies,10374909.0,Packaging & supplies,SUP-202504
103415,"Aug 07, 2025",ST-03,COGS - Food,69076915.0,Weekly COGS Food,INV-03250801
103416,"Jul 07, 2026",ST-01,Revenue - Beverage,-93702000.0,Weekly POS sales Beverage,POS-01260701
103417,"May 10, 2026",ST-01,Revenue - Food,-132336400.0,Weekly POS sales Food,POS-01260504
103418,"Apr 27, 2025",ST-04,COGS - Food,39949391.0,Weekly COGS Food,INV-04250421
103419,"Jun 07, 2026",ST-10,Revenue - Merchandise,"-28,985,200",Weekly POS sales Merchandise,POS-10260601
103420,22/03/2026,ST-01,COGS - Merchandise,46713230.0,Weekly COGS Merchandise,INV-01260316
103421,23/11/2025,ST-05,Revenue - Beverage,-52920000.0,Weekly POS sales Beverage,POS-05251117
103422,2025-04-20,ST-04,COGS - Merchandise,30552401.0,Weekly COGS Merchandise,INV-04250414
103423,31/08/2026,ST-02,Payroll - Store Staff,134004876.0,Monthly store payroll,PR-202608
103424,"May 24, 2026",ST-11,COGS - Food,33330591.0,Weekly COGS Food,INV-11260518
103425,2026-05-31,ST-10,Revenue - Food,-47478000.0,Weekly POS sales Food,POS-10260525
103426,2026-06-30,HQ,Bank Charges,16049000.0,Bank fees,BNK-202606
103427,2025-11-30,ST-01,Repairs & Maintenance,9434000.0,R&M,RPM-202511
103428,2026-08-23,ST-03,COGS - Food,86520609.0,Weekly COGS Food,INV-03260817
103429,2025-06-22,ST-09,Revenue - Merchandise,-27030000.0,Weekly POS sales Merchandise,POS-09250616
103430,2026-09-13,ST-08,Revenue - Beverage,-33499700.0,Weekly POS sales Beverage,POS-08260907
103431,2026-04-30,HQ,Marketing - Brand,95503931.0,Brand campaigns,MKT-HO-202604
103432,31/08/2026,ST-10,Payroll - Store Staff,102881532.0,Monthly store payroll,PR-202608
103433,2026-09-13,ST-12,COGS - Merchandise,15983719.0,Weekly COGS Merchandise,INV-12260907
103434,2025-03-31,ST-05,Utilities,19836117.0,Electricity & water,UTL-202503
103435,2025-11-30,ST-03,  Revenue - Beverage ,-90602800.0,Weekly POS sales Beverage,POS-03251124
103436,"Mar 07, 2025",ST-09,COGS - Merchandise,15991472.0,Weekly COGS Merchandise,INV-09250301
103437,2025-01-26,ST-08,Revenue - Beverage,-23254400.0,Weekly POS sales Beverage,POS-08250120
103438,22/06/2025,ST-09,Revenue - Food,-63691600.0,Weekly POS sales Food,POS-09250616
103439,2025-08-31,ST-01,Revenue - Merchandise,-69030000.0,Weekly POS sales Merchandise,POS-01250825
103440,"May 18, 2025",ST-05,Revenue - Merchandise,-52675200.0,Weekly POS sales Merchandise,POS-05250512
103441,15/06/2025,ST-08,COGS - Merchandise,"14,504,671",Weekly COGS Merchandise,INV-08250609
103442,17/05/2026,ST-08,Revenue - Merchandise,-27492000.0,Weekly POS sales Merchandise,POS-08260511
103443,30/09/2025,ST-04,Revenue - Merchandise,-41349000.0,Weekly POS sales Merchandise,POS-04250929
103444,2026-09-20,ST-04,COGS - Food,45350804.0,Weekly COGS Food,INV-04260914
103445,2026-07-26,ST-12,Revenue - Food,-39014100.0,Weekly POS sales Food,POS-12260720
103446,"Jun 21, 2026",ST-03,COGS - Merchandise,61131526.0,Weekly COGS Merchandise,INV-03260615
103447,"Jul 31, 2026",,Rent Expense,40009000.0,Store rent,RNT-202607
103448,2026-06-14,ST-11,COGS - Food,44464560.0,Weekly COGS Food,INV-11260608
103449,30/04/2025,,Repairs & Maintenance,9574000.0,R&M,RPM-202504
103450,"Jul 12, 2026",ST-04,Revenue - Beverage,-55158400.0,Weekly POS sales Beverage,POS-04260706
103451,"Apr 30, 2026",ST-08,COGS - Merchandise,22182743.0,Weekly COGS Merchandise,INV-08260427
103452,31/03/2026,ST-10,COGS - Food,24671403.0,Weekly COGS Food,INV-10260330
103453,2026-03-31,ST-08,Payroll - Store Staff,76444744.0,Monthly store payroll,PR-202603
103454,2026-06-21,ST-11,COGS - Beverage,13723951.0,Weekly COGS Beverage,INV-11260615
103455,"Jan 07, 2026",ST-01,REVENUE - MERCHANDISE,-83702900.0,Weekly POS sales Merchandise,POS-01260101
103456,"Aug 10, 2025",ST-03,Revenue - Merchandise,-66291800.0,Weekly POS sales Merchandise,POS-03250804
103457,31/07/2025,ST-02,COGS - Merchandise,27108808.0,Weekly COGS Merchandise,INV-02250728
103458,15/03/2026,ST-05,Revenue - Food,-92055700.0,Weekly POS sales Food,POS-05260309
103459,2026-04-30,ST-06,Delivery Platform Commission,34113383.0,Delivery aggregator fees,DLV-202604
103460,"Feb 08, 2026",ST-02,Revenue - Beverage,-63809200.0,Weekly POS sales Beverage,POS-02260202
103461,2026-04-30,ST-08,Store Supplies,4940529.0,Packaging & supplies,SUP-202604
103462,"Jan 26, 2025",ST-07,COGS - Merchandise,21300106.0,Weekly COGS Merchandise,INV-07250120
103463,2025-07-27,ST-03,COGS - FOOD,72147783.0,Weekly COGS Food,INV-03250721
103464,30/06/2026,ST-05,Revenue - Beverage,-58647000.0,Weekly POS sales Beverage,POS-05260629
103465,13/07/2025,ST-08,Revenue - Merchandise,-28641600.0,Weekly POS sales Merchandise,POS-08250707
103466,31/05/2025,ST-01 ,Delivery Platform Commission,55549207.0,Delivery aggregator fees,DLV-202505
103467,2025-09-30,ST-05,Payroll - Store Staff,101095278.0,Monthly store payroll,PR-202509
103468,"Feb 08, 2026",ST-01,Revenue - Beverage,-104466000.0,Weekly POS sales Beverage,POS-01260202
103469,2026-08-30,ST-10,Revenue - Beverage,-30139200.0,Weekly POS sales Beverage,POS-10260824
103470,"May 07, 2025",ST-07,COGS - Food,28018551.0,Weekly COGS Food,INV-07250501
103471,2025-04-30,ST-02,  Payroll - Store Staff ,102466146.0,Monthly store payroll,PR-202504
103472,"Oct 07, 2025",ST-07,Revenue - Beverage,-28527200.0,Weekly POS sales Beverage,POS-07251001
103473,2025-09-28,ST-03,Revenue - Beverage,-72930000.0,Weekly POS sales Beverage,POS-03250922
103474,2026-01-31,ST-08,Marketing - Local,9708101.0,Local store marketing,MKT-202601
103475,"May 11, 2025",ST-09,  Revenue - Beverage ,-29104200.0,Weekly POS sales Beverage,POS-09250505
103476,2025-11-23,ST-09,Revenue - Merchandise,-48230400.0,Weekly POS sales Merchandise,POS-09251117
103477,2026-06-30,ST-12,Rent Expense,41201000.0,Store rent,RNT-202606
103478,2025-05-25,ST-07,COGS - Beverage,9537342.0,Weekly COGS Beverage,INV-07250519
103479,"Oct 31, 2025",ST-09,Revenue - Merchandise,-42263500.0,Weekly POS sales Merchandise,POS-09251027
103480,2026-09-27,ST-07,Revenue - Beverage,-34747200.0,Weekly POS sales Beverage,POS-07260921
103481,"Jul 12, 2026",ST-12,Revenue - Beverage,-22968500.0,Weekly POS sales Beverage,POS-12260706
103482,"Apr 27, 2025",ST-09,Revenue - Merchandise,-27324900.0,Weekly POS sales Merchandise,POS-09250421
103483,"Jan 18, 2026",ST-08,Revenue - Merchandise,-37789400.0,Weekly POS sales Merchandise,POS-08260112
103484,"Mar 07, 2026",ST-10,Revenue - Food,"-42,401,500",Weekly POS sales Food,POS-10260301
103485,2025-08-17,ST-02,Revenue - Beverage,-54159700.0,Weekly POS sales Beverage,POS-02250811
103486,2026-06-30,ST-02,Marketing - Local,14298974.0,Local store marketing,MKT-202606
103487,29/03/2026,ST-05,COGS - Merchandise,"29,896,299",Weekly COGS Merchandise,INV-05260323
103488,25/01/2026,ST-06,Revenue - Merchandise,-53016000.0,Weekly POS sales Merchandise,POS-06260119
103489,2025-11-16,ST-05,Revenue - Beverage,-58955300.0,Weekly POS sales Beverage,POS-05251110
103490,2026-07-31,ST-09,Store Supplies,10671008.0,Packaging & supplies,SUP-202607
103491,"Aug 07, 2025",ST-04,COGS - Food,53725889.0,Weekly COGS Food,INV-04250801
103492,2025-09-21,ST-07,COGS - Food,29991491.0,Weekly COGS Food,INV-07250915
103493,2025-12-21,ST-03,Revenue - Merchandise,-89554400.0,Weekly POS sales Merchandise,POS-03251215
103494,2026-03-29,ST-06,  COGS - Merchandise ,36771060.0,Weekly COGS Merchandise,INV-06260323
103495,14/12/2025,ST-04,Revenue - Beverage,-68681000.0,Weekly POS sales Beverage,POS-04251208
103496,2026-05-31,ST-06,Payroll - Store Staff,111368094.0,Monthly store payroll,PR-202605
103497,2026-06-14,ST-01,COGS - Merchandise,53065818.0,Weekly COGS Merchandise,INV-01260608
103498,"Jun 07, 2026",ST-05,COGS - Beverage,23794679.0,Weekly COGS Beverage,INV-05260601
103499,2025-04-30,ST-09,Revenue - Merchandise,-24812400.0,Weekly POS sales Merchandise,POS-09250428
103500,"Aug 09, 2026",ST-05,Revenue - Food,-92289600.0,Weekly POS sales Food,POS-05260803
103501,2025-07-31,ST-04,  Revenue - Beverage ,-53796600.0,Weekly POS sales Beverage,POS-04250728
103502,"May 11, 2025",ST-03,COGS - Beverage,27158653.0,Weekly COGS Beverage,INV-03250505
103503,17/05/2026,ST-11,Revenue - Food,-59373200.0,Weekly POS sales Food,POS-11260511
103504,2026-06-14,ST-01,Revenue - Merchandise,"-76,575,600",Weekly POS sales Merchandise,POS-01260608
103505,2026-09-30,ST-01,Delivery Platform Commission,57875170.0,Delivery aggregator fees,DLV-202609
103506,"Feb 09, 2025",ST-04,COGS - Beverage,"21,122,753",Weekly COGS Beverage,INV-04250203
103507,"Apr 12, 2026",ST-07,COGS - Beverage,12986781.0,Weekly COGS Beverage,INV-07260406
103508,"May 07, 2025",ST-03,COGS - Merchandise,56679871.0,Weekly COGS Merchandise,INV-03250501
103509,2026-09-27,ST-01,COGS - Food,77021937.0,Weekly COGS Food,INV-01260921
103510,2025-03-16,ST-07,COGS - Beverage,"10,137,480",Weekly COGS Beverage,INV-07250310
103511,28/02/2026,ST-11,Utilities,12001467.0,Electricity & water,UTL-202602
103512,30/09/2026,ST-11,COGS - Merchandise,"30,314,951",Weekly COGS Merchandise,INV-11260928
103513,2026-09-20,ST-10,COGS - Food,28131152.0,Weekly COGS Food,INV-10260914
103514,30/11/2025,ST-04,Revenue - Beverage,-46137300.0,Weekly POS sales Beverage,POS-04251124
103515,30/08/2026,ST-09,COGS - Merchandise,33243523.0,Weekly COGS Merchandise,INV-09260824
103516,2025-03-31,ST-03,COGS - Merchandise,54083470.0,Weekly COGS Merchandise,INV-03250331
103517,2025-12-31,ST-01,Payroll - Store Staff,203131949.0,Monthly store payroll,PR-202512
103518,2025-12-21,ST-05,Revenue - Food,-96993000.0,Weekly POS sales Food,POS-05251215
103519,2025-03-16,ST-06,Revenue - Beverage,-53889000.0,Weekly POS sales Beverage,POS-06250310
103520,14/12/2025,ST-06,COGS - FOOD,49200697.0,Weekly COGS Food,INV-06251208
103521,"Sep 07, 2026",ST-04,Revenue - Food,-81064700.0,Weekly POS sales Food,POS-04260901
103522,2025-04-13,ST-04,COGS - Food,42534011.0,Weekly COGS Food,INV-04250407
103523,2026-04-26,ST-10,Revenue - Merchandise,-24325200.0,Weekly POS sales Merchandise,POS-10260420
103524,2025-03-30,ST-04,COGS - Beverage,17152960.0,Weekly COGS Beverage,INV-04250324
103525,2026-01-25,ST-06,Revenue - Food,-99076000.0,Weekly POS sales Food,POS-06260119
103526,31/10/2025,ST-02,Payroll - Store Staff,103084162.0,Monthly store payroll,PR-202510
103527,2025-02-28,ST-05,Marketing - Local,8403735.0,Local store marketing,MKT-202502
103528,2026-06-28,ST-03,Revenue - Beverage,-103702800.0,Weekly POS sales Beverage,POS-03260622
103529,2025-09-30,ST-01,Revenue - Food,-109670400.0,Weekly POS sales Food,POS-01250929
103530,"Jun 07, 2026",ST-05,Revenue - Merchandise,-43245000.0,Weekly POS sales Merchandise,POS-05260601
103531,2025-12-31,ST-10,COGS - Merchandise,17697502.0,Weekly COGS Merchandise,INV-10251229
103532,"Feb 28, 2026",ST-08,Store Supplies,4075839.0,Packaging & supplies,SUP-202602
103533,"Mar 09, 2025",ST-04,Revenue - Food,-64011000.0,Weekly POS sales Food,POS-04250303
103534,21/12/2025,ST-04,Revenue - Merchandise,-62775000.0,Weekly POS sales Merchandise,POS-04251215
103535,"Nov 07, 2025",ST-09,COGS - Beverage,20865024.0,Weekly COGS Beverage,INV-09251101
103536,"Dec 07, 2025",ST-05,Revenue - Food,-87313200.0,Weekly POS sales Food,POS-05251201
103537,2025-06-22,ST-06,Revenue - Beverage,-63743200.0,Weekly POS sales Beverage,POS-06250616
103538,2026-01-31,ST-06,Delivery Platform Commission,35809510.0,Delivery aggregator fees,DLV-202601
103539,15/03/2026,ST-08,Revenue - Food,-50615200.0,Weekly POS sales Food,POS-08260309
103540,2026-07-31,ST-07,Depreciation - Store Assets,17360000.0,Monthly depreciation,DEP-202607
103541,25/01/2026,ST-03,Revenue - Merchandise,-85822000.0,Weekly POS sales Merchandise,POS-03260119
103542,2026-05-31,ST-11,Depreciation - Store Assets,28000000.0,Monthly depreciation,DEP-202605
103543,2026-06-28,ST-01,COGS - Food,81885797.0,Weekly COGS Food,INV-01260622
103544,21/06/2026,ST-12,COGS - Food,16930182.0,Weekly COGS Food,INV-12260615
103545,"Apr 07, 2026",ST-10,Revenue - Food,-50696800.0,Weekly POS sales Food,POS-10260401
103546,"Jun 30, 2026",ST-02,COGS - Food,47131233.0,Weekly COGS Food,INV-02260629
103547,"Jul 07, 2026",ST-03,Revenue - Merchandise,-79990000.0,Weekly POS sales Merchandise,POS-03260701
103548,"Dec 07, 2025",ST-09,COGS - Food,48565141.0,Weekly COGS Food,INV-09251201
103549,2025-12-31,ST-06,Depreciation - Store Assets,28000000.0,Monthly depreciation,DEP-202512
103550,2025-02-16,ST-01,Revenue - Food,-142139200.0,Weekly POS sales Food,POS-01250210
103551,2026-05-17,ST-02,COGS - Merchandise,34978378.0,Weekly COGS Merchandise,INV-02260511
103552,2026-04-30,ST-10,Repairs & Maintenance,10248000.0,R&M,RPM-202604
103553,2025-03-30,ST-03,COGS - Food,63396529.0,Weekly COGS Food,INV-03250324
103554,2025-06-15,ST-06,Revenue - Food,-77375700.0,Weekly POS sales Food,POS-06250609
103555,16/11/2025,ST-08,COGS - Beverage,12301667.0,Weekly COGS Beverage,INV-08251110
103556,"Aug 31, 2026",ST-11,  Utilities ,18138386.0,Electricity & water,UTL-202608
103557,"Jan 07, 2026",ST-03,COGS - Merchandise,62532473.0,Weekly COGS Merchandise,INV-03260101
103558,31/07/2025,HQ,Payroll - Head Office,341232000.0,HO payroll,PR-HO-202507
103559,2025-03-16,ST-07,Revenue - Food,-43348500.0,Weekly POS sales Food,POS-07250310
103560,"Jun 08, 2025",ST-09,COGS - Beverage,16550584.0,Weekly COGS Beverage,INV-09250602
103561,2026-03-22,ST-01,Revenue - Beverage,-86586900.0,Weekly POS sales Beverage,POS-01260316
103562,13/09/2026,ST-07,Revenue - Merchandise,-25712100.0,Weekly POS sales Merchandise,POS-07260907
103563,26/07/2026,ST-07,COGS - Food,28061853.0,Weekly COGS Food,INV-07260720
103564,2025-05-18,ST-03,Revenue - Food,-121353000.0,Weekly POS sales Food,POS-03250512
103565,"Nov 09, 2025",ST-01,COGS - Merchandise,56283498.0,Weekly COGS Merchandise,INV-01251103
103566,31/08/2025,ST-07,COGS - Beverage,12021341.0,Weekly COGS Beverage,INV-07250825
103567,"Jan 07, 2026",ST-05,COGS - Beverage,24865742.0,Weekly COGS Beverage,INV-05260101
103568,16/08/2026,ST-12,COGS - Merchandise,15229087.0,Weekly COGS Merchandise,INV-12260810
103569,31/07/2025,ST-09,Utilities,12317914.0,Electricity & water,UTL-202507
103570,31/03/2025,ST-06,Revenue - Beverage,-41223700.0,Weekly POS sales Beverage,POS-06250331
103571,2025-03-31,ST-08,COGS - Beverage,6780148.0,Weekly COGS Beverage,INV-08250331
103572,2026-03-29,ST-10,COGS - Food,22968351.0,Weekly COGS Food,INV-10260323
103573,2026-07-26,ST-10,Revenue - Food,-53909700.0,Weekly POS sales Food,POS-10260720
103574,"Apr 30, 2026",ST-03,Store Supplies,"10,128,610",Packaging & supplies,SUP-202604
103575,2025-12-28,ST-10,COGS - Beverage,10926374.0,Weekly COGS Beverage,INV-10251222
103576,2026-05-31,ST-02,Payroll - Store Staff,132387991.0,Monthly store payroll,PR-202605
103577,"Jun 08, 2025",ST-08,COGS - Food,27126353.0,Weekly COGS Food,INV-08250602
103578,"Jul 12, 2026",ST-09,COGS - Merchandise,"33,519,806",Weekly COGS Merchandise,INV-09260706
103579,29/06/2025,ST-07,COGS - Food,33655186.0,Weekly COGS Food,INV-07250623
103580,"Mar 08, 2026",ST-03,COGS - Food,63946766.0,Weekly COGS Food,INV-03260302
103581,2026-03-15,ST-01,Revenue - Merchandise,-64953300.0,Weekly POS sales Merchandise,POS-01260309
103582,2026-07-19,ST-05,Revenue - Food,-89729100.0,Weekly POS sales Food,POS-05260713
103583,2025-06-30,ST-05,Marketing - Local,12396067.0,Local store marketing,MKT-202506
103584,"Jun 07, 2025",ST-08,COGS - Beverage,9727195.0,Weekly COGS Beverage,INV-08250601
103585,"Apr 30, 2025",ST-04,Delivery Platform Commission,38862994.0,Delivery aggregator fees,DLV-202504
103586,20/07/2025,ST-01,COGS - Merchandise,49879756.0,Weekly COGS Merchandise,INV-01250714
103587,"Dec 21, 2025",ST-08,Revenue - Food,-60320000.0,Weekly POS sales Food,POS-08251215
103588,14/06/2026,ST-01,COGS - Food,"85,989,167",Weekly COGS Food,INV-01260608
103589,"Jun 07, 2025",ST-02,COGS - Merchandise,30455203.0,Weekly COGS Merchandise,INV-02250601
103590,"Mar 09, 2025",ST-01,COGS - Food,72737869.0,Weekly COGS Food,INV-01250303
103591,"Apr 27, 2025",ST-05,  Revenue - Beverage ,-47215000.0,Weekly POS sales Beverage,POS-05250421
103592,2026-07-19,ST-11,Revenue - Merchandise,-40739200.0,Weekly POS sales Merchandise,POS-11260713
103593,2025-04-27,ST-07,COGS - Beverage,12622706.0,Weekly COGS Beverage,INV-07250421
103594,31/03/2025,ST-01,Revenue - Merchandise,-67412000.0,Weekly POS sales Merchandise,POS-01250331
103595,2025-08-31,ST-01,Store Supplies,10796001.0,Packaging & supplies,SUP-202508
103596,"Mar 07, 2026",ST-05,Revenue - Beverage,-41600800.0,Weekly POS sales Beverage,POS-05260301
103597,2026-04-30,ST-02,Revenue - Beverage,-55540800.0,Weekly POS sales Beverage,POS-02260427
103598,2026-04-30,ST-02,Revenue - Merchandise,-53447000.0,Weekly POS sales Merchandise,POS-02260427
103599,"Jul 07, 2025",ST-04,Revenue - Merchandise,-51760200.0,Weekly POS sales Merchandise,POS-04250701
103600,25/05/2025,ST-02,Revenue - Food,-69501600.0,Weekly POS sales Food,POS-02250519
103601,21/06/2026,ST-09,COGS - Food,43566716.0,Weekly COGS Food,INV-09260615
103602,2025-04-13,ST-01,Revenue - Merchandise,-65052000.0,Weekly POS sales Merchandise,POS-01250407
103603,"Oct 19, 2025",ST-06,Revenue - Food,-72900000.0,Weekly POS sales Food,POS-06251013
103604,"Mar 07, 2026",ST-06,Revenue - Beverage,"-46,705,900",Weekly POS sales Beverage,POS-06260301
103605,2026-08-16,ST-09,COGS - Merchandise,38828273.0,Weekly COGS Merchandise,INV-09260810
103606,2026-08-23,ST-03,Revenue - Beverage,-85884900.0,Weekly POS sales Beverage,POS-03260817
103607,2025-10-31,ST-02,Revenue - Food,-78859800.0,Weekly POS sales Food,POS-02251027
103608,"Aug 07, 2025",ST-03 ,Revenue - Food,-121601200.0,Weekly POS sales Food,POS-03250801
103609,2026-05-31,ST-01,Marketing - Local,17351005.0,Local store marketing,MKT-202605
103610,31/08/2025,ST-05,Revenue - Food,-75887000.0,Weekly POS sales Food,POS-05250825
103611,2025-05-31,ST-08,Depreciation - Store Assets,17360000.0,Monthly depreciation,DEP-202505
103612,2026-05-31,ST-02,COGS - Food,49840136.0,Weekly COGS Food,INV-02260525
103613,28/09/2025,ST-02,COGS - Food,41543381.0,Weekly COGS Food,INV-02250922
103614,"Oct 07, 2025",ST-06,Revenue - Beverage,-52612500.0,Weekly POS sales Beverage,POS-06251001
103615,2025-09-30,ST-06,Repairs & Maintenance,5502000.0,R&M,RPM-202509
103616,2025-01-31,ST-07,Revenue - Food,-46534600.0,Weekly POS sales Food,POS-07250127
103617,"Oct 12, 2025",ST-04,COGS - Beverage,17263131.0,Weekly COGS Beverage,INV-04251006
103618,"Jul 27, 2025",ST-04,COGS - Food,49305049.0,Weekly COGS Food,INV-04250721
103619,2026-06-28,ST-11,COGS - Food,36264850.0,Weekly COGS Food,INV-11260622
103620,"Jan 07, 2026",ST-01,Revenue - Beverage,-107237500.0,Weekly POS sales Beverage,POS-01260101
103621,"Jun 07, 2026",ST-05,Revenue - Food,-81006000.0,Weekly POS sales Food,POS-05260601
103622,"Aug 09, 2026",ST-12,Revenue - Merchandise,-22419600.0,Weekly POS sales Merchandise,POS-12260803
103623,"Feb 22, 2026",ST-09,COGS - Merchandise,42582907.0,Weekly COGS Merchandise,INV-09260216
103624,31/05/2026,ST-07,COGS - Food,29316219.0,Weekly COGS Food,INV-07260525
103625,30/06/2025,ST-02,COGS - Merchandise,37825717.0,Weekly COGS Merchandise,INV-02250630
103626,"Oct 31, 2025",ST-04,Delivery Platform Commission,47762296.0,Delivery aggregator fees,DLV-202510
103627,2025-10-31,ST-08,Store Supplies,5127198.0,Packaging & supplies,SUP-202510
103628,"Jul 07, 2025",ST-03,COGS - Food,85521006.0,Weekly COGS Food,INV-03250701
103629,18/01/2026,ST-10,COGS - Merchandise,17430846.0,Weekly COGS Merchandise,INV-10260112
103630,28/02/2026,ST-10,COGS - Food,33555961.0,Weekly COGS Food,INV-10260223
103631,"Nov 23, 2025",ST-05,COGS - Food,50586890.0,Weekly COGS Food,INV-05251117
103632,2025-02-16,ST-02,COGS - Food,57038112.0,Weekly COGS Food,INV-02250210
103633,28/12/2025,ST-08,Revenue - Beverage,-42326100.0,Weekly POS sales Beverage,POS-08251222
103634,2025-02-16,ST-03,Revenue - Beverage,-92336700.0,Weekly POS sales Beverage,POS-03250210
103635,"Dec 07, 2025",ST-08,COGS - Food,37586350.0,Weekly COGS Food,INV-08251201
103636,"Aug 09, 2026",ST-11,COGS - Food,40198431.0,Weekly COGS Food,INV-11260803
103637,2026-04-30,ST-10,Store Supplies,4633165.0,Packaging & supplies,SUP-202604
103638,2025-11-16,ST-03,Revenue - Food,-132003200.0,Weekly POS sales Food,POS-03251110
103639,2026-03-22,ST-10,Revenue - Food,-38006000.0,Weekly POS sales Food,POS-10260316
103640,2025-09-30,ST-10,Repairs & Maintenance,6960000.0,R&M,RPM-202509
103641,"Aug 07, 2025",ST-06,COGS - Merchandise,29779534.0,Weekly COGS Merchandise,INV-06250801
103642,2025-03-16,ST-03,Revenue - Food,-107780400.0,Weekly POS sales Food,POS-03250310
103643,2025-07-31,ST-08,Store Supplies,3834728.0,Packaging & supplies,SUP-202507
103644,"Aug 10, 2025",ST-08,COGS - Food,30898888.0,Weekly COGS Food,INV-08250804
103645,"Jul 07, 2025",ST-07,Revenue - Food,-54007200.0,Weekly POS sales Food,POS-07250701
103646,2025-02-23,ST-02,Revenue - Food,-102099200.0,Weekly POS sales Food,POS-02250217
103647,"Jan 07, 2026",ST-06,  COGS - Beverage ,23706414.0,Weekly COGS Beverage,INV-06260101
103648,31/08/2026,ST-01,Repairs & Maintenance,9666000.0,R&M,RPM-202608
103649,30/09/2026,ST-12,Store Supplies,3477749.0,Packaging & supplies,SUP-202609
103650,"Feb 07, 2026",ST-02,Revenue - Merchandise,-64206600.0,Weekly POS sales Merchandise,POS-02260201
103651,2025-01-26,ST-06,Revenue - Beverage,-71075400.0,Weekly POS sales Beverage,POS-06250120
103652,2025-12-28,ST-06,Revenue - Food,-88700400.0,Weekly POS sales Food,POS-06251222
103653,2026-02-28,ST-07,Utilities,12017062.0,Electricity & water,UTL-202602
103654,"Sep 27, 2026",ST-01,COGS - Merchandise,58946483.0,Weekly COGS Merchandise,INV-01260921
103655,"Sep 30, 2026",ST-06,Payroll - Store Staff,110226991.0,Monthly store payroll,PR-202609
103656,2026-07-31,ST-12,Rent Expense,41064000.0,Store rent,RNT-202607
103657,"Oct 12, 2025",ST-10,Revenue - Food,-30455400.0,Weekly POS sales Food,POS-10251006
103658,2026-03-31,ST-09,Utilities,12926289.0,Electricity & water,UTL-202603
103659,31/10/2025,ST-02,Delivery Platform Commission,38400212.0,Delivery aggregator fees,DLV-202510
103660,"Jan 07, 2026",ST-04,Revenue - Beverage,-67257600.0,Weekly POS sales Beverage,POS-04260101
103661,"Jan 11, 2026",ST-08,COGS - Beverage,14946469.0,Weekly COGS Beverage,INV-08260105
103662,"Jan 19, 2025",ST-08,Revenue - Merchandise,-18798500.0,Weekly POS sales Merchandise,POS-08250113
103663,31/07/2026,ST-03,Revenue - Merchandise,-74015500.0,Weekly POS sales Merchandise,POS-03260727
103664,2026-05-24,ST-02,Revenue - Merchandise,-50336000.0,Weekly POS sales Merchandise,POS-02260518
103665,"Mar 15, 2026",ST-04,Revenue - Beverage,-44272800.0,Weekly POS sales Beverage,POS-04260309
103666,"Oct 12, 2025",ST-07,Revenue - Food,-51504200.0,Weekly POS sales Food,POS-07251006
103667,31/12/2025,ST-04,Repairs & Maintenance,12714000.0,R&M,RPM-202512
103668,2026-03-29,ST-08,COGS - Merchandise,18981581.0,Weekly COGS Merchandise,INV-08260323
103669,"Mar 07, 2026",ST-05,COGS - Food,51379796.0,Weekly COGS Food,INV-05260301
103670,"May 31, 2025",ST-08,Revenue - Merchandise,-23088600.0,Weekly POS sales Merchandise,POS-08250526
103671,27/09/2026,ST-03,COGS - Merchandise,46044236.0,Weekly COGS Merchandise,INV-03260921
103672,"Apr 12, 2026",ST-06,Revenue - Merchandise,-44599500.0,Weekly POS sales Merchandise,POS-06260406
103673,2026-03-31,ST-08,Revenue - Food,-47268000.0,Weekly POS sales Food,POS-08260330
103674,21/12/2025,ST-07,Revenue - Merchandise,-37559600.0,Weekly POS sales Merchandise,POS-07251215
103675,2026-06-28,ST-01,COGS - Merchandise,63598800.0,Weekly COGS Merchandise,INV-01260622
103676,"Oct 19, 2025",,Revenue - Food,-54606900.0,Weekly POS sales Food,POS-09251013
103677,"Sep 27, 2026",ST-10,COGS - Merchandise,21481298.0,Weekly COGS Merchandise,INV-10260921
103678,"Mar 22, 2026",ST-08,Revenue - Merchandise,-30683600.0,Weekly POS sales Merchandise,POS-08260316
103679,"May 10, 2026",ST-11,Revenue - Merchandise,-32039600.0,Weekly POS sales Merchandise,POS-11260504
103680,19/07/2026,ST-11,Revenue - Food,-68731200.0,Weekly POS sales Food,POS-11260713
103681,"May 31, 2025",ST-01,Depreciation - Store Assets,43400000.0,Monthly depreciation,DEP-202505
103682,30/06/2026,ST-11,Depreciation - Store Assets,28000000.0,Monthly depreciation,DEP-202606
103683,"Jul 07, 2025",ST-02,Revenue - Merchandise,-45149400.0,Weekly POS sales Merchandise,POS-02250701
103684,"Jul 07, 2025",ST-01,Revenue - Beverage,-88803000.0,Weekly POS sales Beverage,POS-01250701
103685,"Feb 07, 2026",ST-07,COGS - Merchandise,25829756.0,Weekly COGS Merchandise,INV-07260201
103686,"Mar 07, 2025",ST-06,Revenue - Food,-65311200.0,Weekly POS sales Food,POS-06250301
103687,2026-03-31,ST-03,Rent Expense,107679000.0,Store rent,RNT-202603
103688,"Jul 07, 2025",ST-09,COGS - Food,33629312.0,Weekly COGS Food,INV-09250701
103689,28/06/2026,ST-02,Revenue - Beverage,-48350400.0,Weekly POS sales Beverage,POS-02260622
103690,14/06/2026,ST-07,COGS - Beverage,12913595.0,Weekly COGS Beverage,INV-07260608
103691,2025-01-26,ST-01,COGS - Beverage,29721692.0,Weekly COGS Beverage,INV-01250120
103692,30/03/2025,ST-01,COGS - Merchandise,56228586.0,Weekly COGS Merchandise,INV-01250324
103693,2025-02-16,ST-04,Revenue - Beverage,"-66,465,200",Weekly POS sales Beverage,POS-04250210
103694,"Jun 14, 2026",ST-11,Revenue - Beverage,-39655000.0,Weekly POS sales Beverage,POS-11260608
103695,2026-05-31,ST-05,Rent Expense,69752000.0,Store rent,RNT-202605
103696,"Mar 08, 2026",ST-10,Revenue - Food,-39479700.0,Weekly POS sales Food,POS-10260302
103697,2025-01-19,ST-04,Revenue - Food,-86609600.0,Weekly POS sales Food,POS-04250113
103698,2026-07-31,ST-10,Revenue - Merchandise,-36917800.0,Weekly POS sales Merchandise,POS-10260727
103699,2025-02-28,ST-04,Utilities,20239824.0,Electricity & water,UTL-202502
103700,"Oct 12, 2025",ST-07,COGS - Beverage,12282314.0,Weekly COGS Beverage,INV-07251006
103701,"Mar 29, 2026",ST-07,Revenue - Merchandise,-31263400.0,Weekly POS sales Merchandise,POS-07260323
103702,2026-05-24,ST-02,Revenue - Beverage,-60927800.0,Weekly POS sales Beverage,POS-02260518
103703,2026-07-31,ST-10,COGS - Food,29601349.0,Weekly COGS Food,INV-10260727
103704,2026-08-23,ST-01,COGS - Merchandise,59437050.0,Weekly COGS Merchandise,INV-01260817
103705,"Apr 07, 2025",ST-03,COGS - Beverage,"33,016,470",Weekly COGS Beverage,INV-03250401
103706,"Jul 07, 2025",ST-08,Revenue - Merchandise,-24551800.0,Weekly POS sales Merchandise,POS-08250701
103707,2026-01-18,ST-01,COGS - Beverage,36846675.0,Weekly COGS Beverage,INV-01260112
103708,"Apr 30, 2025",ST-08,Rent Expense,42972000.0,Store rent,RNT-202504
103709,2025-09-14,ST-06,Revenue - Merchandise,-36541800.0,Weekly POS sales Merchandise,POS-06250908
103710,"Jun 30, 2025",ST-05,Payroll - Store Staff,134119858.0,Monthly store payroll,PR-202506
103711,2026-08-31,ST-02,Revenue - Beverage,-64868100.0,Weekly POS sales Beverage,POS-02260831
103712,2026-08-16,ST-06,Revenue - Food,-87433200.0,Weekly POS sales Food,POS-06260810
103713,2026-02-28,ST-10,Depreciation - Store Assets,17360000.0,Monthly depreciation,DEP-202602
103714,2026-06-30,ST-12,COGS - Food,17328842.0,Weekly COGS Food,INV-12260629
103715,2025-05-25,ST-07,COGS - Food,27907738.0,Weekly COGS Food,INV-07250519
103716,2025-10-26,ST-01,Revenue - Beverage,-71474400.0,Weekly POS sales Beverage,POS-01251020
103717,2026-08-30,ST-02,COGS - Merchandise,35050524.0,Weekly COGS Merchandise,INV-02260824
103718,2025-11-23,ST-10,COGS - Beverage,9280284.0,Weekly COGS Beverage,INV-10251117
103719,"Feb 07, 2025",ST-03,COGS - Merchandise,64250185.0,Weekly COGS Merchandise,INV-03250201
103720,15/02/2026,ST-08,COGS - Food,39998873.0,Weekly COGS Food,INV-08260209
103721,"Mar 09, 2025",ST-09,Revenue - Food,-37302300.0,Weekly POS sales Food,POS-09250303
103722,"Aug 09, 2026",ST-12,Revenue - Beverage,-27198400.0,Weekly POS sales Beverage,POS-12260803
103723,2025-07-31,ST-06,COGS - Merchandise,28106730.0,Weekly COGS Merchandise,INV-06250728
103724,"Sep 30, 2026",ST-08,Rent Expense,41562000.0,Store rent,RNT-202609
103725,"Nov 07, 2025",ST-06,Revenue - Beverage,-54412200.0,Weekly POS sales Beverage,POS-06251101
103726,2026-04-26,ST-03,REVENUE - BEVERAGE,-93492000.0,Weekly POS sales Beverage,POS-03260420
103727,"Jun 15, 2025",ST-04,COGS - Beverage,17675577.0,Weekly COGS Beverage,INV-04250609
103728,"Aug 16, 2026",ST-02,Revenue - Merchandise,-53893200.0,Weekly POS sales Merchandise,POS-02260810
103729,"Apr 07, 2025",ST-03,Revenue - Beverage,-84692800.0,Weekly POS sales Beverage,POS-03250401
103730,"Sep 07, 2025",ST-02,Revenue - Merchandise,-46225700.0,Weekly POS sales Merchandise,POS-02250901
103731,"Aug 16, 2026",ST-08,Revenue - Food,-57551200.0,Weekly POS sales Food,POS-08260810
103732,28/12/2025,ST-01,COGS - Merchandise,59912652.0,Weekly COGS Merchandise,INV-01251222
103733,30/09/2026,ST-12,Revenue - Merchandise,-20805000.0,Weekly POS sales Merchandise,POS-12260928
103734,"Feb 09, 2025",ST-05,COGS - Beverage,26348107.0,Weekly COGS Beverage,INV-05250203
103735,23/11/2025,ST-01,COGS - Beverage,30575921.0,Weekly COGS Beverage,INV-01251117
103736,2026-04-19,ST-08,Revenue - Food,-47103300.0,Weekly POS sales Food,POS-08260413
103737,2026-04-19,ST-09 ,COGS - Food,46763848.0,Weekly COGS Food,INV-09260413
103738,2026-01-31,ST-04,Revenue - Food,-97626000.0,Weekly POS sales Food,POS-04260126
103739,"Mar 22, 2026",ST-05,Revenue - Food,-78079400.0,Weekly POS sales Food,POS-05260316
103740,"Feb 07, 2026",ST-07,Revenue - Beverage,-42325800.0,Weekly POS sales Beverage,POS-07260201
103741,"Apr 07, 2026",ST-09,Revenue - Beverage,-54357600.0,Weekly POS sales Beverage,POS-09260401
103742,2026-09-30,HQ,IT & Software,84292000.0,SaaS & IT,ITS-202609
103743,"May 10, 2026",ST-02,Revenue - Food,-83959200.0,Weekly POS sales Food,POS-02260504
103744,2026-09-30,ST-02,COGS - Food,47156762.0,Weekly COGS Food,INV-02260928
103745,2025-06-15,ST-07,COGS - Beverage,12450094.0,Weekly COGS Beverage,INV-07250609
103746,2026-08-31,ST-05,Store Supplies,9798458.0,Packaging & supplies,SUP-202608
103747,"Jul 12, 2026",ST-09,COGS - Beverage,23002128.0,Weekly COGS Beverage,INV-09260706
103748,"May 25, 2025",ST-03,COGS - Food,67661348.0,Weekly COGS Food,INV-03250519
103749,31/10/2025,ST-05,Revenue - Merchandise,-50361200.0,Weekly POS sales Merchandise,POS-05251027
103750,"Feb 07, 2026",ST-04,Revenue - Food,-110394900.0,Weekly POS sales Food,POS-04260201
103751,"Jan 11, 2026",ST-07,COGS - Food,33788508.0,Weekly COGS Food,INV-07260105
103752,30/06/2026,ST-07,COGS - Food,30265170.0,Weekly COGS Food,INV-07260629
103753,"Jan 07, 2026",ST-09,COGS - Food,62256833.0,Weekly COGS Food,INV-09260101
103754,"Jul 07, 2025",ST-04,Revenue - Beverage,-57218000.0,Weekly POS sales Beverage,POS-04250701
103755,"Feb 08, 2026",ST-10,Revenue - Food,-52971300.0,Weekly POS sales Food,POS-10260202
103756,30/06/2026,ST-06,Store Supplies,9725785.0,Packaging & supplies,SUP-202606
103757,"Apr 12, 2026",ST-01,Revenue - Merchandise,-84063300.0,Weekly POS sales Merchandise,POS-01260406
103758,2025-12-14,ST-04,Revenue - Food,-92204600.0,Weekly POS sales Food,POS-04251208
103759,"Mar 31, 2025",ST-01,Marketing - Local,7806095.0,Local store marketing,MKT-202503
103760,28/02/2026,ST-01,Payroll - Store Staff,213514119.0,Monthly store payroll,PR-202602
103761,2025-11-23,ST-09,Revenue - Food,-71027000.0,Weekly POS sales Food,POS-09251117
103762,2025-05-31,ST-04,Repairs & Maintenance,3017000.0,R&M,RPM-202505
103763,"May 18, 2025",ST-08,COGS - Merchandise,17279931.0,Weekly COGS Merchandise,INV-08250512
103764,"May 07, 2026",ST-02,COGS - Food,52680963.0,Weekly COGS Food,INV-02260501
103765,"Jan 11, 2026",ST-09,Revenue - Beverage,-72379500.0,Weekly POS sales Beverage,POS-09260105
103766,2025-10-31,,Repairs & Maintenance,10817000.0,R&M,RPM-202510
103767,2025-01-31,ST-07,Depreciation - Store Assets,17360000.0,Monthly depreciation,DEP-202501
103768,2025-03-31,ST-02,Store Supplies,8363653.0,Packaging & supplies,SUP-202503
103769,13/09/2026,ST-05,COGS - Merchandise,31959536.0,Weekly COGS Merchandise,INV-05260907
103770,2025-11-16,ST-02,Revenue - Food,-85351500.0,Weekly POS sales Food,POS-02251110
103771,30/09/2025,ST-06,Delivery Platform Commission,32332151.0,Delivery aggregator fees,DLV-202509
103772,31/10/2025,ST-01,Delivery Platform Commission,55181541.0,Delivery aggregator fees,DLV-202510
103773,2025-09-30,ST-08,COGS - Merchandise,20624576.0,Weekly COGS Merchandise,INV-08250929
103774,2025-11-30,ST-10,Revenue - Merchandise,-20601600.0,Weekly POS sales Merchandise,POS-10251124
103775,"Apr 07, 2026",ST-06,Revenue - Beverage,-61094400.0,Weekly POS sales Beverage,POS-06260401
103776,21/12/2025,ST-05,Revenue - Merchandise,-63206000.0,Weekly POS sales Merchandise,POS-05251215
103777,30/06/2025,ST-07 ,Store Supplies,4628607.0,Packaging & supplies,SUP-202506
103778,2025-05-25,ST-05,COGS - Food,43929333.0,Weekly COGS Food,INV-05250519
103779,31/07/2026,ST-09,Revenue - Merchandise,-57445200.0,Weekly POS sales Merchandise,POS-09260727
103780,31/01/2025,ST-06,Revenue - Food,-83006000.0,Weekly POS sales Food,POS-06250127
103781,31/12/2025,ST-06,COGS - Beverage,24064803.0,Weekly COGS Beverage,INV-06251229
103782,"Mar 08, 2026",ST-07,Revenue - Merchandise,-30060800.0,Weekly POS sales Merchandise,POS-07260302
103783,"Aug 16, 2026",ST-03,Revenue - Beverage,-91109300.0,Weekly POS sales Beverage,POS-03260810
103784,14/09/2025,ST-05,COGS - Beverage,17002270.0,Weekly COGS Beverage,INV-05250908
103785,"Jun 14, 2026",ST-09,COGS - Beverage,23560669.0,Weekly COGS Beverage,INV-09260608
103786,"Oct 12, 2025",ST-10,COGS - Merchandise,12140926.0,Weekly COGS Merchandise,INV-10251006
103787,"Mar 08, 2026",ST-06,COGS - Food,42036564.0,Weekly COGS Food,INV-06260302
103788,"Jun 14, 2026",ST-09,COGS - Food,50443598.0,Weekly COGS Food,INV-09260608
103789,"Sep 07, 2026",ST-07,Revenue - Merchandise,-31086000.0,Weekly POS sales Merchandise,POS-07260901
103790,2026-01-31,ST-01,Marketing - Local,30860479.0,Local store marketing,MKT-202601
103791,"Mar 09, 2025",ST-03,Revenue - Food,-101616000.0,Weekly POS sales Food,POS-03250303
103792,"Dec 07, 2025",ST-10,Revenue - Beverage,-34714000.0,Weekly POS sales Beverage,POS-10251201
103793,31/08/2026,ST-07,COGS - Food,31330558.0,Weekly COGS Food,INV-07260831
103794,"Aug 31, 2026",ST-09,Revenue - Beverage,-62471000.0,Weekly POS sales Beverage,POS-09260831
103795,"Apr 27, 2025",ST-07,Revenue - Merchandise,-30816100.0,Weekly POS sales Merchandise,POS-07250421
103796,"Jun 08, 2025",ST-03,COGS - Food,75888950.0,Weekly COGS Food,INV-03250602
103797,31/07/2025,ST-02 ,Revenue - Merchandise,-38188800.0,Weekly POS sales Merchandise,POS-02250728
103798,2026-06-30,ST-10,Store Supplies,5644514.0,Packaging & supplies,SUP-202606
103799,"May 10, 2026",ST-12,Revenue - Beverage,-16812900.0,Weekly POS sales Beverage,POS-12260504
103800,"Nov 09, 2025",ST-04 ,Revenue - Merchandise,-52361400.0,Weekly POS sales Merchandise,POS-04251103
103801,16/02/2025,ST-08,COGS - Beverage,9998860.0,Weekly COGS Beverage,INV-08250210
103802,"Jul 07, 2025",ST-05,Revenue - Beverage,-52113600.0,Weekly POS sales Beverage,POS-05250701
103803,2025-06-29,ST-06,Revenue - Food,-77220800.0,Weekly POS sales Food,POS-06250623
103804,2025-12-14,ST-03,Revenue - Beverage,-98963200.0,Weekly POS sales Beverage,POS-03251208
103805,2026-07-26,ST-03,COGS - Food,95553859.0,Weekly COGS Food,INV-03260720
103806,31/03/2026,ST-11,Store Supplies,6363925.0,Packaging & supplies,SUP-202603
103807,15/06/2025,ST-02,COGS - Food,40769707.0,Weekly COGS Food,INV-02250609
103808,2026-05-31,ST-08,Depreciation - Store Assets,17360000.0,Monthly depreciation,DEP-202605
103809,17/08/2025,ST-08,Revenue - Food,-51097200.0,Weekly POS sales Food,POS-08250811
103810,2025-06-15,ST-03,COGS - Beverage,29347834.0,Weekly COGS Beverage,INV-03250609
103811,2026-03-31,ST-02,Revenue - Food,"-73,463,800",Weekly POS sales Food,POS-02260330
103812,"Jan 07, 2026",ST-06,Revenue - Food,-108501900.0,Weekly POS sales Food,POS-06260101
103813,2025-09-14,ST-08,Revenue - Food,-49593800.0,Weekly POS sales Food,POS-08250908
103814,"Jul 12, 2026",ST-04,Revenue - Merchandise,-51870000.0,Weekly POS sales Merchandise,POS-04260706
103815,28/02/2026,ST-05,Payroll - Store Staff,136971948.0,Monthly store payroll,PR-202602
103816,2025-12-28,ST-02,Revenue - Food,-92862500.0,Weekly POS sales Food,POS-02251222
103817,2025-11-23,ST-01,Revenue - Merchandise,-79305000.0,Weekly POS sales Merchandise,POS-01251117
103818,2026-04-26,ST-04,Revenue - Beverage,-58197600.0,Weekly POS sales Beverage,POS-04260420
103819,2026-03-31,ST-06,Utilities,18730977.0,Electricity & water,UTL-202603
103820,25/05/2025,ST-09,COGS - Food,24002697.0,Weekly COGS Food,INV-09250519
103821,2025-07-31,ST-04,COGS - Merchandise,36873402.0,Weekly COGS Merchandise,INV-04250728
103822,2026-08-31,ST-01,COGS - Merchandise,46006439.0,Weekly COGS Merchandise,INV-01260831
103823,2026-05-24,ST-02,COGS - Beverage,22930900.0,Weekly COGS Beverage,INV-02260518
103824,2025-02-28,ST-03,Marketing - Local,23960121.0,Local store marketing,MKT-202502
103825,"Apr 07, 2026",ST-01,COGS - Food,71858578.0,Weekly COGS Food,INV-01260401
103826,23/08/2026,ST-12,Revenue - Food,-37617200.0,Weekly POS sales Food,POS-12260817
103827,"Sep 07, 2025",ST-04,Revenue - Beverage,-53585400.0,Weekly POS sales Beverage,POS-04250901
103828,2026-07-26,ST-09,Revenue - Food,-77912100.0,Weekly POS sales Food,POS-09260720
103829,"Jun 07, 2026",ST-04,COGS - Food,45857661.0,Weekly COGS Food,INV-04260601
103830,2026-06-30,ST-05,COGS - Food,50043111.0,Weekly COGS Food,INV-05260629
103831,28/02/2026,ST-03,Revenue - Food,-188270600.0,Weekly POS sales Food,POS-03260223
103832,"Feb 07, 2025",ST-08,Revenue - Merchandise,-25430500.0,Weekly POS sales Merchandise,POS-08250201
103833,2026-01-25,ST-01,COGS - Merchandise,74367192.0,Weekly COGS Merchandise,INV-01260119
103834,2025-06-30,ST-02,Revenue - Merchandise,-51958800.0,Weekly POS sales Merchandise,POS-02250630
103835,"Jun 30, 2025",ST-02,Payroll - Store Staff,128719596.0,Monthly store payroll,PR-202506
103836,"Jul 31, 2026",ST-11,Payroll - Store Staff,102899310.0,Monthly store payroll,PR-202607
103837,"Aug 07, 2025",ST-05,COGS - Beverage,20322130.0,Weekly COGS Beverage,INV-05250801
103838,2026-05-17,ST-07,COGS - Beverage,12909637.0,Weekly COGS Beverage,INV-07260511
103839,2026-01-31,ST-09,COGS - Beverage,24243100.0,Weekly COGS Beverage,INV-09260126
103840,2026-07-31,ST-01,Revenue - Beverage,-102150400.0,Weekly POS sales Beverage,POS-01260727
103841,2026-03-31,ST-09,COGS - Beverage,21138382.0,Weekly COGS Beverage,INV-09260330
103842,2025-04-27,ST-07,Revenue - Food,-50003200.0,Weekly POS sales Food,POS-07250421
103843,"Apr 20, 2025",ST-02,Revenue - Beverage,"-44,020,200",Weekly POS sales Beverage,POS-02250414
103844,2026-06-21,ST-02,COGS - Beverage,20088865.0,Weekly COGS Beverage,INV-02260615
103845,20/07/2025,ST-03,COGS - Beverage,37711161.0,Weekly COGS Beverage,INV-03250714
103846,13/09/2026,ST-08,Revenue - Food,-56667600.0,Weekly POS sales Food,POS-08260907
103847,31/03/2025,ST-04,COGS - Merchandise,30931016.0,Weekly COGS Merchandise,INV-04250331
103848,2026-03-31,ST-10,Store Supplies,4744205.0,Packaging & supplies,SUP-202603
103849,2026-09-30,ST-02,Delivery Platform Commission,45168220.0,Delivery aggregator fees,DLV-202609
103850,30/04/2025,ST-03,Depreciation - Store Assets,43400000.0,Monthly depreciation,DEP-202504
103851,2025-09-21,ST-03,COGS - Beverage,33323205.0,Weekly COGS Beverage,INV-03250915
103852,2025-08-31,ST-09,Store Supplies,6651658.0,Packaging & supplies,SUP-202508
103853,2025-05-31,ST-07,STORE SUPPLIES,5654298.0,Packaging & supplies,SUP-202505
103854,"Feb 07, 2025",ST-01,Revenue - Merchandise,-91857000.0,Weekly POS sales Merchandise,POS-01250201
103855,"May 11, 2025",ST-05,Revenue - Merchandise,-40269000.0,Weekly POS sales Merchandise,POS-05250505
103856,"Sep 07, 2026",ST-08,Revenue - Food,-55660000.0,Weekly POS sales Food,POS-08260901
103857,16/03/2025,ST-05,Revenue - Food,-77657400.0,Weekly POS sales Food,POS-05250310
103858,"Jun 14, 2026",ST-10,COGS - Merchandise,19134304.0,Weekly COGS Merchandise,INV-10260608
103859,2025-05-18,ST-05,Revenue - Beverage,-41855400.0,Weekly POS sales Beverage,POS-05250512
103860,31/08/2025,ST-10,Utilities,5581401.0,Electricity & water,UTL-202508
103861,2026-02-22,ST-5,Revenue - Food,-104775000.0,Weekly POS sales Food,POS-05260216
103862,2026-01-31,ST-01,Revenue - Beverage,-112098000.0,Weekly POS sales Beverage,POS-01260126
103863,"Jun 07, 2026",ST-12,Revenue - Food,-37451900.0,Weekly POS sales Food,POS-12260601
103864,21/06/2026,ST-08,Revenue - Merchandise,-31407200.0,Weekly POS sales Merchandise,POS-08260615
103865,30/09/2025,ST-05,COGS - Beverage,17733740.0,Weekly COGS Beverage,INV-05250929
103866,31/08/2026,ST-11,Payroll - Store Staff,121885890.0,Monthly store payroll,PR-202608
103867,"Aug 07, 2026",ST-02,COGS - Merchandise,37340589.0,Weekly COGS Merchandise,INV-02260801
103868,"Nov 09, 2025",ST-04,Revenue - Beverage,-57594000.0,Weekly POS sales Beverage,POS-04251103
103869,"Mar 31, 2026",ST-01,Utilities,28225286.0,Electricity & water,UTL-202603
103870,2026-08-30,ST-05,COGS - Food,55436980.0,Weekly COGS Food,INV-05260824
103871,"Jun 07, 2026",ST-02,COGS - Beverage,"21,210,822",Weekly COGS Beverage,INV-02260601
103872,"Apr 07, 2026",ST-05,REVENUE - MERCHANDISE,-42853800.0,Weekly POS sales Merchandise,POS-05260401
103873,2026-05-17,ST-01,COGS - Food,71057049.0,Weekly COGS Food,INV-01260511
103874,23/03/2025,ST-08,COGS - Merchandise,15081960.0,Weekly COGS Merchandise,INV-08250317
103875,2026-08-30,ST-10,COGS - Merchandise,19861131.0,Weekly COGS Merchandise,INV-10260824
103876,2026-06-30,ST-05,Store Supplies,7417318.0,Packaging & supplies,SUP-202606
103877,2026-09-30,ST-08,COGS - Food,31342918.0,Weekly COGS Food,INV-08260928
103878,2026-01-25,ST-02,REVENUE - MERCHANDISE,-48833500.0,Weekly POS sales Merchandise,POS-02260119
103879,"May 10, 2026",ST-05,COGS - Merchandise,35969445.0,Weekly COGS Merchandise,INV-05260504
103880,"Oct 12, 2025",ST-06,Revenue - Beverage,-51934800.0,Weekly POS sales Beverage,POS-06251006
103881,28/02/2025,ST-05,Depreciation - Store Assets,28000000.0,Monthly depreciation,DEP-202502
103882,"Feb 08, 2026",ST-01,Revenue - Merchandise,-98651500.0,Weekly POS sales Merchandise,POS-01260202
103883,"Mar 07, 2025",ST-09,COGS - Beverage,9253131.0,Weekly COGS Beverage,INV-09250301
103884,2026-05-31,ST-02,COGS - Merchandise,35397722.0,Weekly COGS Merchandise,INV-02260525
103885,"Oct 19, 2025",ST-07,COGS - Food,29515348.0,Weekly COGS Food,INV-07251013
103886,"Jul 12, 2026",ST-04,Revenue - Food,-90018300.0,Weekly POS sales Food,POS-04260706
103887,2025-10-31,ST-03,Utilities,27832370.0,Electricity & water,UTL-202510
103888,26/04/2026,ST-09,COGS - Food,40628869.0,Weekly COGS Food,INV-09260420
103889,2026-08-31,ST-11,REVENUE - BEVERAGE,-44194500.0,Weekly POS sales Beverage,POS-11260831
103890,2026-09-13,ST-10,COGS - Beverage,12252298.0,Weekly COGS Beverage,INV-10260907
103891,26/01/2025,ST-06,COGS - Beverage,25190558.0,Weekly COGS Beverage,INV-06250120
103892,"May 07, 2025",ST-07,COGS - Merchandise,20550076.0,Weekly COGS Merchandise,INV-07250501
103893,17/08/2025,ST-09,Revenue - Beverage,-45724600.0,Weekly POS sales Beverage,POS-09250811
103894,"Mar 08, 2026",ST-07,Revenue - Beverage,-38771400.0,Weekly POS sales Beverage,POS-07260302
103895,"Jun 07, 2026",ST-01,Revenue - Merchandise,-71459600.0,Weekly POS sales Merchandise,POS-01260601
103896,2026-07-19,ST-03,COGS - Merchandise,"75,220,534",Weekly COGS Merchandise,INV-03260713
103897,"Apr 26, 2026",ST-01,COGS - Merchandise,52504186.0,Weekly COGS Merchandise,INV-01260420
103898,2026-03-31,ST-10,Marketing - Local,5874885.0,Local store marketing,MKT-202603
103899,2026-05-31,ST-11,COGS - Beverage,12577360.0,Weekly COGS Beverage,INV-11260525
103900,2025-04-30,ST-05,Store Supplies,7446882.0,Packaging & supplies,SUP-202504
103901,"Aug 10, 2025",ST-10,Revenue - Food,-23927500.0,Weekly POS sales Food,POS-10250804
103902,2026-04-30,ST-07,Revenue - Merchandise,-32722700.0,Weekly POS sales Merchandise,POS-07260427
103903,2025-05-31,ST-01,Utilities,24533873.0,Electricity & water,UTL-202505
103904,"Jun 07, 2026",ST-10,Revenue - Food,-62324400.0,Weekly POS sales Food,POS-10260601
103905,31/01/2026,ST-03,Delivery Platform Commission,84737155.0,Delivery aggregator fees,DLV-202601
103906,31/08/2026,ST-12,Revenue - Merchandise,-22235900.0,Weekly POS sales Merchandise,POS-12260831
103907,2025-06-30,ST-01,COGS - Food,75530156.0,Weekly COGS Food,INV-01250630
103908,"Apr 30, 2026",ST-01,Utilities,25429948.0,Electricity & water,UTL-202604
103909,"Jan 11, 2026",ST-07,COGS - Merchandise,31069672.0,Weekly COGS Merchandise,INV-07260105
103910,31/01/2026,ST-01,Utilities,36667056.0,Electricity & water,UTL-202601
103911,"Sep 07, 2025",ST-09,COGS - Beverage,15538421.0,Weekly COGS Beverage,INV-09250901
103912,2026-01-31,ST-03,Repairs & Maintenance,7895000.0,R&M,RPM-202601
103913,2026-07-19,ST-03,Revenue - Food,-138040000.0,Weekly POS sales Food,POS-03260713
103914,2026-08-31,ST-10,COGS - Merchandise,25111495.0,Weekly COGS Merchandise,INV-10260831
103915,2025-02-16,ST-08,COGS - Merchandise,16743160.0,Weekly COGS Merchandise,INV-08250210
103916,2026-04-19,ST-10,Revenue - Food,-44999600.0,Weekly POS sales Food,POS-10260413
103917,"Jun 30, 2026",ST-11,Delivery Platform Commission,32802478.0,Delivery aggregator fees,DLV-202606
103918,2025-09-30,ST-09,Store Supplies,6842399.0,Packaging & supplies,SUP-202509
103919,30/09/2026,ST-11,Payroll - Store Staff,104032158.0,Monthly store payroll,PR-202609
103920,2026-01-25,ST-10,COGS - Food,27974842.0,Weekly COGS Food,INV-10260119
103921,"Mar 31, 2025",ST-01,Delivery Platform Commission,66172598.0,Delivery aggregator fees,DLV-202503
103922,"May 07, 2026",ST-09,Revenue - Merchandise,-44745000.0,Weekly POS sales Merchandise,POS-09260501
103923,2026-05-17,ST-10,Revenue - Food,-44922500.0,Weekly POS sales Food,POS-10260511
103924,"Nov 07, 2025",ST-07,Revenue - Food,-56527800.0,Weekly POS sales Food,POS-07251101
103925,"Oct 07, 2025",ST-05,COGS - Food,45332116.0,Weekly COGS Food,INV-05251001
103926,"Nov 09, 2025",ST-04,COGS - Merchandise,38133154.0,Weekly COGS Merchandise,INV-04251103
103927,"Jul 12, 2026",ST-05,Revenue - Food,-85263000.0,Weekly POS sales Food,POS-05260706
103928,"May 17, 2026",ST-05,Revenue - Beverage,-57281400.0,Weekly POS sales Beverage,POS-05260511
103929,2025-12-31,ST-10,Utilities,7831357.0,Electricity & water,UTL-202512
103930,"Sep 20, 2026",ST-09,COGS - Beverage,20214838.0,Weekly COGS Beverage,INV-09260914
103931,31/03/2026,ST-04,Rent Expense,67569000.0,Store rent,RNT-202603
103932,2025-02-28,ST-05,Utilities,18811034.0,Electricity & water,UTL-202502
103933,"Oct 19, 2025",ST-04,Revenue - Beverage,-49100500.0,Weekly POS sales Beverage,POS-04251013
103934,15/06/2025,ST-01,COGS - Merchandise,63417484.0,Weekly COGS Merchandise,INV-01250609
103935,31/05/2026,ST-10,Delivery Platform Commission,25958564.0,Delivery aggregator fees,DLV-202605
103936,"May 11, 2025",ST-03,Revenue - Food,-113282100.0,Weekly POS sales Food,POS-03250505
103937,2026-06-30,ST-10,COGS - Merchandise,24757497.0,Weekly COGS Merchandise,INV-10260629
103938,2025-06-30,ST-08,Repairs & Maintenance,10463000.0,R&M,RPM-202506
103939,"Jul 07, 2026",ST-06,Revenue - Merchandise,-49749000.0,Weekly POS sales Merchandise,POS-06260701
103940,2026-08-30,ST-08,COGS - Food,34240707.0,Weekly COGS Food,INV-08260824
103941,2025-08-24,ST-09,COGS - Beverage,15406214.0,Weekly COGS Beverage,INV-09250818
103942,2025-12-28,ST-09,REVENUE - FOOD,-94745700.0,Weekly POS sales Food,POS-09251222
103943,28/06/2026,ST-10,COGS - Food,30755571.0,Weekly COGS Food,INV-10260622
103944,28/02/2026,ST-03,Utilities,30310497.0,Electricity & water,UTL-202602
103945,2025-07-31,ST-07,Marketing - Local,7880171.0,Local store marketing,MKT-202507
103946,2025-08-17,ST-08,COGS - Food,29388555.0,Weekly COGS Food,INV-08250811
103947,2025-04-27,ST-05,Revenue - Food,-66335200.0,Weekly POS sales Food,POS-05250421
103948,"May 11, 2025",ST-05,COGS - Merchandise,27064481.0,Weekly COGS Merchandise,INV-05250505
103949,"Oct 31, 2025",ST-05,Rent Expense,69790000.0,Store rent,RNT-202510
103950,"Jun 07, 2026",ST-01,COGS - Beverage,34072237.0,Weekly COGS Beverage,INV-01260601
103951,19/10/2025,ST-01,COGS - Beverage,26368067.0,Weekly COGS Beverage,INV-01251013
103952,31/07/2025,ST-03,Depreciation - Store Assets,43400000.0,Monthly depreciation,DEP-202507
103953,2025-03-31,ST-07,Revenue - Merchandise,-30749900.0,Weekly POS sales Merchandise,POS-07250331
103954,2025-05-31,ST-03,Store Supplies,12025175.0,Packaging & supplies,SUP-202505
103955,2026-08-16,ST-07,Revenue - Food,-49915300.0,Weekly POS sales Food,POS-07260810
103956,2025-04-27,ST-03,COGS - Beverage,24320144.0,Weekly COGS Beverage,INV-03250421
103957,"Aug 09, 2026",ST-03,COGS - Merchandise,57036148.0,Weekly COGS Merchandise,INV-03260803
103958,2026-04-30,ST-05,Marketing - Local,12092701.0,Local store marketing,MKT-202604
103959,"Feb 28, 2026",ST-08,Revenue - Beverage,-43099200.0,Weekly POS sales Beverage,POS-08260223
103960,2025-12-21,ST-08,COGS - Food,34931470.0,Weekly COGS Food,INV-08251215
103961,"Jan 07, 2026",ST-10,Revenue - Merchandise,-26535600.0,Weekly POS sales Merchandise,POS-10260101
103962,2025-09-30,ST-10,Revenue - Merchandise,-14060200.0,Weekly POS sales Merchandise,POS-10250929
103963,"Jul 31, 2026",ST-01,Payroll - Store Staff,190264939.0,Monthly store payroll,PR-202607
103964,"Oct 07, 2025",ST-05,COGS - Beverage,17566266.0,Weekly COGS Beverage,INV-05251001
103965,"Aug 07, 2025",ST-08,COGS - Beverage,12186787.0,Weekly COGS Beverage,INV-08250801
103966,2025-04-20,ST-01,Revenue - Beverage,-71694300.0,Weekly POS sales Beverage,POS-01250414
103967,"Jan 07, 2025",ST-07,Revenue - Food,-46057000.0,Weekly POS sales Food,POS-07250101
103968,2026-01-18,ST-04,Revenue - Merchandise,-62712000.0,Weekly POS sales Merchandise,POS-04260112
103969,"Feb 07, 2025",ST-02,COGS - MERCHANDISE,42034483.0,Weekly COGS Merchandise,INV-02250201
103970,29/03/2026,ST-05,COGS - BEVERAGE,19630315.0,Weekly COGS Beverage,INV-05260323
103971,30/09/2025,ST-03,Payroll - Store Staff,164868393.0,Monthly store payroll,PR-202509
103972,"Feb 08, 2026",ST-08,COGS - Beverage,15659700.0,Weekly COGS Beverage,INV-08260202
103973,30/09/2026,ST-03,Repairs & Maintenance,6693000.0,R&M,RPM-202609
103974,2025-07-27,ST-08,COGS - Merchandise,20157597.0,Weekly COGS Merchandise,INV-08250721
103975,"Nov 07, 2025",ST-05,Revenue - Beverage,-57934800.0,Weekly POS sales Beverage,POS-05251101
103976,"Aug 09, 2026",ST-12,COGS - Beverage,9944267.0,Weekly COGS Beverage,INV-12260803
103977,"Jul 31, 2026",ST-05,COGS - Food,42978512.0,Weekly COGS Food,INV-05260727
103978,"May 07, 2026",ST-06,Revenue - Merchandise,-48984000.0,Weekly POS sales Merchandise,POS-06260501
103979,2025-05-18,ST-01,COGS - Merchandise,46500700.0,Weekly COGS Merchandise,INV-01250512
103980,2025-02-28,HQ,Interest Expense,177213000.0,Loan interest,INT-202502
103981,15/03/2026,ST-11,COGS - Beverage,11631347.0,Weekly COGS Beverage,INV-11260309
103982,2026-07-19,ST-01,COGS - Merchandise,58736737.0,Weekly COGS Merchandise,INV-01260713
103983,2025-12-21,ST-06,COGS - Food,57995293.0,Weekly COGS Food,INV-06251215
103984,2025-12-31,ST-08,Payroll - Store Staff,84924181.0,Monthly store payroll,PR-202512
103985,2026-07-31,ST-03,Revenue - Beverage,-98557600.0,Weekly POS sales Beverage,POS-03260727
103986,2025-09-30,ST-04,Revenue - Food,-58245200.0,Weekly POS sales Food,POS-04250929
103987,30/06/2025,ST-08,Utilities,9745764.0,Electricity & water,UTL-202506
103988,2025-08-24,ST-08,COGS - Food,28206056.0,Weekly COGS Food,INV-08250818
103989,2026-02-22,ST-10,COGS - Food,28607746.0,Weekly COGS Food,INV-10260216
103990,2025-09-21,ST-03,Revenue - Food,-117331200.0,Weekly POS sales Food,POS-03250915
103991,31/07/2025,ST-02,Delivery Platform Commission,"44,512,050",Delivery aggregator fees,DLV-202507
103992,"May 07, 2026",ST-02,Revenue - Beverage,-56175200.0,Weekly POS sales Beverage,POS-02260501
103993,2025-05-18,ST-06,Revenue - Merchandise,-51494400.0,Weekly POS sales Merchandise,POS-06250512
103994,"Mar 07, 2025",ST-07,COGS - Beverage,11396968.0,Weekly COGS Beverage,INV-07250301
103995,16/08/2026,ST-05,COGS - Food,52438906.0,Weekly COGS Food,INV-05260810
103996,"Aug 31, 2026",ST-08,  COGS - Merchandise ,23552102.0,Weekly COGS Merchandise,INV-08260831
103997,15/06/2025,ST-08,COGS - Food,25486062.0,Weekly COGS Food,INV-08250609
103998,2026-09-27,ST-12,Revenue - Beverage,-24061800.0,Weekly POS sales Beverage,POS-12260921
103999,2025-06-15,ST-09,Revenue - Food,-56061600.0,Weekly POS sales Food,POS-09250609
104000,31/03/2026,ST-07,Revenue - Beverage,-36608000.0,Weekly POS sales Beverage,POS-07260330
104001,2026-02-22,ST-08,Revenue - Merchandise,-36523800.0,Weekly POS sales Merchandise,POS-08260216
104002,30/03/2025,ST-01,Revenue - Beverage,-73349600.0,Weekly POS sales Beverage,POS-01250324
104003,"Jul 12, 2026",ST-04,COGS - Food,51966700.0,Weekly COGS Food,INV-04260706
104004,2026-08-23,ST-08,Revenue - Merchandise,-29667000.0,Weekly POS sales Merchandise,POS-08260817
104005,"Mar 31, 2025",ST-04,Revenue - Merchandise,-44237600.0,Weekly POS sales Merchandise,POS-04250331
104006,2026-01-31,ST-08,Revenue - Food,-55873200.0,Weekly POS sales Food,POS-08260126
104007,2025-09-28,ST-10,COGS - Merchandise,11072809.0,Weekly COGS Merchandise,INV-10250922
104008,"Sep 07, 2026",ST-01,Revenue - Beverage,-80168400.0,Weekly POS sales Beverage,POS-01260901
104009,"Jun 30, 2026",ST-04,Revenue - Food,-74271000.0,Weekly POS sales Food,POS-04260629
104010,2026-08-16,ST-12,Revenue - Merchandise,"-20,962,000",Weekly POS sales Merchandise,POS-12260810
104011,2026-01-25,ST-03,Revenue - Food,-153996000.0,Weekly POS sales Food,POS-03260119
104012,2026-05-24,ST-05,Revenue - Food,-102218800.0,Weekly POS sales Food,POS-05260518
104013,2026-05-24,ST-09,COGS - Food,46485138.0,Weekly COGS Food,INV-09260518
104014,2025-09-30,ST-04,Rent Expense,69012000.0,Store rent,RNT-202509
104015,2026-03-29,ST-07,COGS - Beverage,12507207.0,Weekly COGS Beverage,INV-07260323
104016,"May 10, 2026",ST-04,COGS - Beverage,20866016.0,Weekly COGS Beverage,INV-04260504
104017,2026-09-20,ST-12,Revenue - Beverage,-21123600.0,Weekly POS sales Beverage,POS-12260914
104018,30/06/2026,ST-05,Revenue - Merchandise,-51366700.0,Weekly POS sales Merchandise,POS-05260629
104019,2025-01-26,ST-04,COGS - Beverage,20292383.0,Weekly COGS Beverage,INV-04250120
104020,2025-05-31,ST-07,Repairs & Maintenance,7372000.0,R&M,RPM-202505
104021,2025-03-16,ST-06,Revenue - Merchandise,-48581400.0,Weekly POS sales Merchandise,POS-06250310
104022,26/01/2025,ST-01,COGS - Food,67185070.0,Weekly COGS Food,INV-01250120
104023,"Jul 31, 2025",ST-08,Utilities,8514388.0,Electricity & water,UTL-202507
104024,"Sep 30, 2025",ST-02,Depreciation - Store Assets,28000000.0,Monthly depreciation,DEP-202509
104025,2025-02-23,ST-08,Revenue - Merchandise,-26848100.0,Weekly POS sales Merchandise,POS-08250217
104026,2026-07-31,ST-09,Revenue - Beverage,-55060500.0,Weekly POS sales Beverage,POS-09260727
104027,2026-09-30,ST-08,Revenue - Merchandise,-35777300.0,Weekly POS sales Merchandise,POS-08260928
104028,"Apr 27, 2025",ST-09,COGS - Merchandise,19664562.0,Weekly COGS Merchandise,INV-09250421
104029,"Jun 08, 2025",ST-05,Revenue - Beverage,-48831300.0,Weekly POS sales Beverage,POS-05250602
104030,"Mar 16, 2025",ST-04,Revenue - Food,-62988000.0,Weekly POS sales Food,POS-04250310
104031,2026-07-19,ST-11,COGS - Food,39887221.0,Weekly COGS Food,INV-11260713
104032,"Jul 12, 2026",ST-03,COGS - Merchandise,47467423.0,Weekly COGS Merchandise,INV-03260706
104033,2025-02-23,ST-04,Revenue - Food,-83671500.0,Weekly POS sales Food,POS-04250217
104034,31/03/2026,ST-09,Revenue - Food,-66540000.0,Weekly POS sales Food,POS-09260330
104035,2026-07-26,ST-12,COGS - Food,22406496.0,Weekly COGS Food,INV-12260720
104036,"Dec 31, 2025",ST-08,COGS - Food,32102784.0,Weekly COGS Food,INV-08251229
104037,2026-02-15,ST-05,COGS - Beverage,23656341.0,Weekly COGS Beverage,INV-05260209
104038,"Aug 09, 2026",ST-10,COGS - Merchandise,21861459.0,Weekly COGS Merchandise,INV-10260803
104039,"Sep 07, 2026",ST-10,COGS - Food,32665502.0,Weekly COGS Food,INV-10260901
104040,"Apr 07, 2026",ST-03,COGS - Beverage,31838203.0,Weekly COGS Beverage,INV-03260401
104041,31/10/2025,ST-02,Marketing - Local,4111621.0,Local store marketing,MKT-202510
104042,2026-05-31,ST-03,Revenue - Merchandise,-71440000.0,Weekly POS sales Merchandise,POS-03260525
104043,"Mar 07, 2026",ST-05,COGS - Beverage,15417818.0,Weekly COGS Beverage,INV-05260301
104044,30/09/2025,ST-04,Utilities,15395372.0,Electricity & water,UTL-202509
104045,"Dec 31, 2025",ST-03,Store Supplies,12794536.0,Packaging & supplies,SUP-202512
104046,2025-01-19,ST-06,COGS - Beverage,24441371.0,Weekly COGS Beverage,INV-06250113
104047,2025-02-23,ST-07,Revenue - Beverage,-38329200.0,Weekly POS sales Beverage,POS-07250217
104048,"Oct 12, 2025",ST-01,Revenue - Beverage,"-84,648,600",Weekly POS sales Beverage,POS-01251006
104049,"Jul 07, 2026",ST-04,Revenue - Food,-75957500.0,Weekly POS sales Food,POS-04260701
104050,2025-11-30,ST-09,COGS - Food,40208420.0,Weekly COGS Food,INV-09251124
104051,"Aug 07, 2025",ST-09,Revenue - Beverage,-47196000.0,Weekly POS sales Beverage,POS-09250801
104052,"Feb 07, 2025",ST-06,Revenue - Beverage,-57454800.0,Weekly POS sales Beverage,POS-06250201
104053,2026-05-31,ST-11,Repairs & Maintenance,10302000.0,R&M,RPM-202605
104054,2025-08-31,ST-08,COGS - Beverage,9657743.0,Weekly COGS Beverage,INV-08250825
104055,"Jun 07, 2026",,COGS - Merchandise,66897312.0,Weekly COGS Merchandise,INV-03260601
104056,"Dec 07, 2025",ST-03,Revenue - Food,-151134200.0,Weekly POS sales Food,POS-03251201
104057,"Aug 10, 2025",ST-06,Revenue - Food,-94631300.0,Weekly POS sales Food,POS-06250804
104058,2025-10-19,ST-03,COGS - Merchandise,56323943.0,Weekly COGS Merchandise,INV-03251013
104059,31/07/2025,ST-02,COGS - Food,41097397.0,Weekly COGS Food,INV-02250728
104060,2025-02-28,ST-06,Revenue - Merchandise,-62392500.0,Weekly POS sales Merchandise,POS-06250224
104061,"Mar 31, 2026",ST-04,COGS - Beverage,19141343.0,Weekly COGS Beverage,INV-04260330
104062,26/01/2025,ST-05,Revenue - Food,-92299200.0,Weekly POS sales Food,POS-05250120
104063,"Oct 07, 2025",ST-01,COGS - Beverage,25363454.0,Weekly COGS Beverage,INV-01251001
104064,"Jul 07, 2026",ST-08,COGS - Food,36117460.0,Weekly COGS Food,INV-08260701
104065,2026-09-30,ST-06,Repairs & Maintenance,7065000.0,R&M,RPM-202609
104066,"Jun 08, 2025",ST-01,  COGS - Merchandise ,60560416.0,Weekly COGS Merchandise,INV-01250602
104067,2025-04-13,ST-05,Revenue - Food,-83814700.0,Weekly POS sales Food,POS-05250407
104068,31/12/2025,ST-05,Depreciation - Store Assets,28000000.0,Monthly depreciation,DEP-202512
104069,"May 17, 2026",ST-09,Revenue - Merchandise,-45651800.0,Weekly POS sales Merchandise,POS-09260511
104070,23/11/2025,ST-06,COGS - Beverage,21943083.0,Weekly COGS Beverage,INV-06251117
104071,2025-03-31,ST-05,Delivery Platform Commission,29427088.0,Delivery aggregator fees,DLV-202503
104072,"May 11, 2025",ST-02,Revenue - Food,-72973600.0,Weekly POS sales Food,POS-02250505
104073,2026-08-23,ST-04,COGS - Food,55494791.0,Weekly COGS Food,INV-04260817
104074,2026-06-30,ST-11,Repairs & Maintenance,9681000.0,R&M,RPM-202606
104075,2026-06-21,ST-11,Revenue - Beverage,-36504000.0,Weekly POS sales Beverage,POS-11260615
104076,2025-07-27,ST-08,COGS - Beverage,10450853.0,Weekly COGS Beverage,INV-08250721
104077,2026-04-19,ST-04,Revenue - Beverage,-49893200.0,Weekly POS sales Beverage,POS-04260413
104078,"Feb 07, 2026",ST-03,Revenue - Merchandise,-89596800.0,Weekly POS sales Merchandise,POS-03260201
104079,"Apr 12, 2026",ST-05,COGS - Food,48461111.0,Weekly COGS Food,INV-05260406
104080,"Sep 07, 2026",ST-07,COGS - Beverage,11102258.0,Weekly COGS Beverage,INV-07260901
104081,20/07/2025,ST-06,COGS - Food,43092757.0,Weekly COGS Food,INV-06250714
104082,31/08/2026,ST-01,Depreciation - Store Assets,43400000.0,Monthly depreciation,DEP-202608
104083,"May 18, 2025",ST-08,Revenue - Merchandise,-23855400.0,Weekly POS sales Merchandise,POS-08250512
104084,30/04/2026,ST-03,Depreciation - Store Assets,43400000.0,Monthly depreciation,DEP-202604
104085,2025-12-28,ST-01,Revenue - Beverage,-106930100.0,Weekly POS sales Beverage,POS-01251222
104086,"Feb 16, 2025",ST-06,COGS - Merchandise,37352250.0,Weekly COGS Merchandise,INV-06250210
104087,"May 07, 2025",ST-01,COGS - Merchandise,51219199.0,Weekly COGS Merchandise,INV-01250501
104088,"Sep 20, 2026",ST-11,COGS - Food,37244823.0,Weekly COGS Food,INV-11260914
104089,2025-03-16,ST-09,Revenue - Food,-43508000.0,Weekly POS sales Food,POS-09250310
104090,20/07/2025,ST-08,Revenue - Merchandise,-25954900.0,Weekly POS sales Merchandise,POS-08250714
104091,27/09/2026,ST-06,COGS - Food,47015805.0,Weekly COGS Food,INV-06260921
104092,2026-09-13,ST-09,COGS - Beverage,26119938.0,Weekly COGS Beverage,INV-09260907
104093,"Oct 07, 2025",ST-05,Revenue - Merchandise,-44163800.0,Weekly POS sales Merchandise,POS-05251001
104094,"Jan 31, 2025",ST-07,Repairs & Maintenance,3439000.0,R&M,RPM-202501
104095,2025-12-31,ST-06,Utilities,22266767.0,Electricity & water,UTL-202512
104096,2025-10-31,ST-03,Revenue - Merchandise,"-69,363,000",Weekly POS sales Merchandise,POS-03251027
104097,"May 07, 2025",ST-08,COGS - Food,21652120.0,Weekly COGS Food,INV-08250501
104098,"Aug 31, 2026",HQ,IT & Software,78107000.0,SaaS & IT,ITS-202608
104099,2025-12-28,ST-07,COGS - Merchandise,23337456.0,Weekly COGS Merchandise,INV-07251222
104100,2025-04-20,ST-06,Revenue - Beverage,-53592000.0,Weekly POS sales Beverage,POS-06250414
104101,2026-02-15,ST-09,Revenue - Beverage,-61532600.0,Weekly POS sales Beverage,POS-09260209
104102,2025-11-16,ST-08,COGS - Food,29425900.0,Weekly COGS Food,INV-08251110
104103,2025-12-31,ST-02,Rent Expense,68376000.0,Store rent,RNT-202512
104104,2025-11-16,ST-09,COGS - Merchandise,32787495.0,Weekly COGS Merchandise,INV-09251110
104105,2025-05-25,ST-06,COGS - Food,38747971.0,Weekly COGS Food,INV-06250519
104106,2026-07-31,ST-05,Depreciation - Store Assets,28000000.0,Monthly depreciation,DEP-202607
104107,2025-02-16,ST-06,Revenue - Food,-92504500.0,Weekly POS sales Food,POS-06250210
104108,2026-02-28,ST-07,Store Supplies,6417846.0,Packaging & supplies,SUP-202602
104109,2025-12-31,ST-10,Revenue - Food,-52034400.0,Weekly POS sales Food,POS-10251229
104110,"Feb 09, 2025",ST-06,COGS - Merchandise,40128226.0,Weekly COGS Merchandise,INV-06250203
104111,"Jun 08, 2025",ST-08,Revenue - Food,-45543000.0,Weekly POS sales Food,POS-08250602
104112,2026-09-30,HQ,Marketing - Brand,37216110.0,Brand campaigns,MKT-HO-202609
104113,31/10/2025,ST-07,Revenue - Beverage,-30695700.0,Weekly POS sales Beverage,POS-07251027
104114,"Mar 09, 2025",ST-03,Revenue - Merchandise,-71144800.0,Weekly POS sales Merchandise,POS-03250303
104115,"May 31, 2025",ST-02,Store Supplies,8165244.0,Packaging & supplies,SUP-202505
104116,2025-05-25,ST-04,COGS - Merchandise,32456191.0,Weekly COGS Merchandise,INV-04250519
104117,"Apr 07, 2025",ST-05,COGS - Merchandise,32895543.0,Weekly COGS Merchandise,INV-05250401
104118,"Jul 12, 2026",ST-10,Revenue - Beverage,-33795200.0,Weekly POS sales Beverage,POS-10260706
104119,"Mar 08, 2026",ST-02,Revenue - Food,-78355200.0,Weekly POS sales Food,POS-02260302
104120,2025-12-14,ST-02,COGS - Beverage,25420563.0,Weekly COGS Beverage,INV-02251208
104121,2025-10-31,ST-01,Store Supplies,8616530.0,Packaging & supplies,SUP-202510
104122,30/08/2026,ST-08,Revenue - Merchandise,-32467500.0,Weekly POS sales Merchandise,POS-08260824
104123,2026-03-31,ST-08,Revenue - Merchandise,-27371400.0,Weekly POS sales Merchandise,POS-08260330
104124,2026-07-31,ST-04,Depreciation - Store Assets,28000000.0,Monthly depreciation,DEP-202607
104125,2026-05-31,HQ,Payroll - Head Office,303111000.0,HO payroll,PR-HO-202605
104126,"Mar 30, 2025",ST-08,COGS - Food,19569431.0,Weekly COGS Food,INV-08250324
104127,2026-01-25,ST-10,Revenue - Food,"-48,471,000",Weekly POS sales Food,POS-10260119
104128,2025-12-21,ST-03,COGS - Food,95471200.0,Weekly COGS Food,INV-03251215
104129,2026-02-22,ST-02,COGS - Food,63500035.0,Weekly COGS Food,INV-02260216
104130,14/12/2025,ST-08,Revenue - Merchandise,-32594100.0,Weekly POS sales Merchandise,POS-08251208
104131,"Aug 31, 2026",ST-03,Rent Expense,98301000.0,Store rent,RNT-202608
104132,"Jul 31, 2026",ST-03,Repairs & Maintenance,16162000.0,R&M,RPM-202607
104133,2025-01-31,ST-08,Revenue - Merchandise,-23850600.0,Weekly POS sales Merchandise,POS-08250127
104134,2025-08-31,ST-02,Payroll - Store Staff,109983620.0,Monthly store payroll,PR-202508
104135,"Jul 12, 2026",ST-01,COGS - Beverage,33347079.0,Weekly COGS Beverage,INV-01260706
104136,2025-10-26,ST-07,Revenue - Beverage,-30329700.0,Weekly POS sales Beverage,POS-07251020
104137,25/01/2026,ST-09,Revenue - Food,-89443800.0,Weekly POS sales Food,POS-09260119
104138,28/09/2025,ST-10,Revenue - Food,-25389600.0,Weekly POS sales Food,POS-10250922
104139,"Aug 10, 2025",ST-04,COGS - Beverage,25984954.0,Weekly COGS Beverage,INV-04250804
104140,31/03/2026,ST-05,Revenue - Beverage,-50818500.0,Weekly POS sales Beverage,POS-05260330
104141,"May 07, 2025",ST-09,COGS - Beverage,11962394.0,Weekly COGS Beverage,INV-09250501
104142,"Apr 20, 2025",ST-07,COGS - Food,29007783.0,Weekly COGS Food,INV-07250414
104143,"May 07, 2026",ST-02,Revenue - Food,-89963500.0,Weekly POS sales Food,POS-02260501
104144,2025-09-21,ST-02,Revenue - Merchandise,-47084400.0,Weekly POS sales Merchandise,POS-02250915
104145,2025-07-31,ST-01,Payroll - Store Staff,165980891.0,Monthly store payroll,PR-202507
104146,"Mar 07, 2025",ST-03,Revenue - Merchandise,-70173900.0,Weekly POS sales Merchandise,POS-03250301
104147,"Nov 09, 2025",ST-09,COGS - Merchandise,31243906.0,Weekly COGS Merchandise,INV-09251103
104148,2025-10-31,ST-04,Store Supplies,10577606.0,Packaging & supplies,SUP-202510
104149,2026-09-13,ST-02,Revenue - Beverage,-48165000.0,Weekly POS sales Beverage,POS-02260907
104150,2025-09-30,ST-08,Depreciation - Store Assets,17360000.0,Monthly depreciation,DEP-202509
104151,18/05/2025,ST-07,COGS - Beverage,11955320.0,Weekly COGS Beverage,INV-07250512
104152,28/02/2025,ST-02,COGS - Merchandise,41040629.0,Weekly COGS Merchandise,INV-02250224
104153,2026-04-30,ST-09,Delivery Platform Commission,36209160.0,Delivery aggregator fees,DLV-202604
104154,"Jan 31, 2025",ST-08,Depreciation - Store Assets,17360000.0,Monthly depreciation,DEP-202501
104155,2025-06-30,ST-07,Revenue - Beverage,-30558000.0,Weekly POS sales Beverage,POS-07250630
104156,30/09/2025,ST-03,Utilities,29085959.0,Electricity & water,UTL-202509
104157,29/03/2026,ST-09,Revenue - Merchandise,-49318900.0,Weekly POS sales Merchandise,POS-09260323
104158,"May 10, 2026",ST-06,Revenue - Merchandise,-45668000.0,Weekly POS sales Merchandise,POS-06260504
104159,2026-03-31,ST-08,COGS - Food,27391699.0,Weekly COGS Food,INV-08260330
104160,2026-02-28,ST-05,  COGS - Beverage ,27220964.0,Weekly COGS Beverage,INV-05260223
104161,"Feb 15, 2026",ST-09,COGS - Food,55430944.0,Weekly COGS Food,INV-09260209
104162,"Aug 10, 2025",ST-01,COGS - Merchandise,49473236.0,Weekly COGS Merchandise,INV-01250804
104163,"Aug 07, 2025",ST-04,Revenue - Merchandise,-46904000.0,Weekly POS sales Merchandise,POS-04250801
104164,2026-09-20,ST-05,COGS - Food,50844958.0,Weekly COGS Food,INV-05260914
104165,2025-01-31,ST-08,COGS - Food,20614089.0,Weekly COGS Food,INV-08250127
104166,2026-05-31,ST-07,Revenue - Beverage,-38768400.0,Weekly POS sales Beverage,POS-07260525
104167,2025-04-27,ST-04,Revenue - Merchandise,-43765600.0,Weekly POS sales Merchandise,POS-04250421
104168,"May 07, 2026",ST-01,COGS - Beverage,"35,204,929",Weekly COGS Beverage,INV-01260501
104169,30/11/2025,ST-04,Repairs & Maintenance,14409000.0,R&M,RPM-202511
104170,2025-05-31,ST-09,Repairs & Maintenance,8644000.0,R&M,RPM-202505
104171,2025-12-28,ST-10,Revenue - Beverage,-29865900.0,Weekly POS sales Beverage,POS-10251222
104172,19/01/2025,ST-01,  COGS - Merchandise ,59132318.0,Weekly COGS Merchandise,INV-01250113
104173,"Feb 07, 2026",ST-01,Revenue - Merchandise,-106190500.0,Weekly POS sales Merchandise,POS-01260201
104174,2026-02-22,ST-01,Revenue - Beverage,-104514600.0,Weekly POS sales Beverage,POS-01260216
104175,2025-08-24,ST-04,COGS - Food,48514114.0,Weekly COGS Food,INV-04250818
104176,17/05/2026,ST-08,Revenue - Food,-51324000.0,Weekly POS sales Food,POS-08260511
104177,15/03/2026,ST-06,Revenue - Merchandise,-50224400.0,Weekly POS sales Merchandise,POS-06260309
104178,31/05/2025,ST-01,COGS - Merchandise,45754934.0,Weekly COGS Merchandise,INV-01250526
104179,"Aug 17, 2025",ST-04,COGS - Beverage,20310420.0,Weekly COGS Beverage,INV-04250811
104180,2026-01-31,ST-10,Revenue - Beverage,-34981200.0,Weekly POS sales Beverage,POS-10260126
104181,"Feb 08, 2026",ST-05,Revenue - Food,-88723000.0,Weekly POS sales Food,POS-05260202
104182,20/09/2026,ST-12,COGS - Food,21628011.0,Weekly COGS Food,INV-12260914
104183,2025-11-16,ST-10,COGS - Merchandise,18134362.0,Weekly COGS Merchandise,INV-10251110
104184,2025-01-31,ST-02,Delivery Platform Commission,43609136.0,Delivery aggregator fees,DLV-202501
104185,2026-04-19,ST-05,COGS - Beverage,15491129.0,Weekly COGS Beverage,INV-05260413
104186,"Mar 09, 2025",ST-08,COGS - Food,17088675.0,Weekly COGS Food,INV-08250303
104187,21/12/2025,ST-05,COGS - Merchandise,45033388.0,Weekly COGS Merchandise,INV-05251215
104188,2025-04-13,ST-06,Revenue - Beverage,-46202400.0,Weekly POS sales Beverage,POS-06250407
104189,30/09/2025,ST-08,Utilities,"9,201,712",Electricity & water,UTL-202509
104190,2025-02-28,ST-01,Revenue - Beverage,-102280600.0,Weekly POS sales Beverage,POS-01250224
104191,2026-09-13,ST-07,Revenue - Food,-61474400.0,Weekly POS sales Food,POS-07260907
104192,31/03/2026,ST-08,Rent Expense,42053000.0,Store rent,RNT-202603
104193,26/10/2025,ST-04,COGS - Food,47257976.0,Weekly COGS Food,INV-04251020
104194,"May 10, 2026",ST-06,COGS - Beverage,"19,461,111",Weekly COGS Beverage,INV-06260504
104195,2026-05-24,ST-07,Revenue - Beverage,-39690000.0,Weekly POS sales Beverage,POS-07260518
104196,23/11/2025,ST-06,Revenue - Beverage,-57516800.0,Weekly POS sales Beverage,POS-06251117
104197,30/06/2026,ST-04,COGS - Merchandise,34244614.0,Weekly COGS Merchandise,INV-04260629
104198,"May 31, 2025",ST-06,COGS - Merchandise,30792987.0,Weekly COGS Merchandise,INV-06250526
104199,"Feb 28, 2026",HQ,Payroll - Head Office,321948000.0,HO payroll,PR-HO-202602
104200,2025-03-30,ST-01,Revenue - Food,"-100,357,200",Weekly POS sales Food,POS-01250324
104201,28/02/2025,ST-04 ,Rent Expense,67649000.0,Store rent,RNT-202502
104202,22/02/2026,ST-08,Revenue - Beverage,-40837500.0,Weekly POS sales Beverage,POS-08260216
104203,23/03/2025,ST-05,COGS - Merchandise,31931629.0,Weekly COGS Merchandise,INV-05250317
104204,"Jan 11, 2026",ST-08,COGS - Merchandise,21464836.0,Weekly COGS Merchandise,INV-08260105
104205,2025-03-31,ST-03,Depreciation - Store Assets,43400000.0,Monthly depreciation,DEP-202503
104206,"Aug 16, 2026",ST-08,COGS - Food,33255647.0,Weekly COGS Food,INV-08260810
104207,2025-05-18,ST-01,Revenue - Beverage,-74774000.0,Weekly POS sales Beverage,POS-01250512
104208,"Feb 09, 2025",ST-08,Revenue - Merchandise,-25676800.0,Weekly POS sales Merchandise,POS-08250203
104209,"Sep 13, 2026",ST-10,Revenue - Food,-47700300.0,Weekly POS sales Food,POS-10260907
104210,"Jan 07, 2026",ST-09,Revenue - Food,"-111,505,500",Weekly POS sales Food,POS-09260101
104211,13/04/2025,ST-09,Revenue - Merchandise,-23341500.0,Weekly POS sales Merchandise,POS-09250407
104212,"Oct 12, 2025",ST-10 ,COGS - Food,17520895.0,Weekly COGS Food,INV-10251006
104213,"May 07, 2025",ST-08,Revenue - Beverage,-25599000.0,Weekly POS sales Beverage,POS-08250501
104214,"May 10, 2026",ST-04,COGS - Merchandise,32754337.0,Weekly COGS Merchandise,INV-04260504
104215,31/07/2026,ST-09,Repairs & Maintenance,8871000.0,R&M,RPM-202607
104216,"Jul 12, 2026",ST-04,COGS - Beverage,19751487.0,Weekly COGS Beverage,INV-04260706
104217,2026-03-22,ST-03,COGS - Beverage,32863379.0,Weekly COGS Beverage,INV-03260316
104218,"Oct 31, 2025",ST-07,Utilities,"10,071,038",Electricity & water,UTL-202510
104219,"Jan 12, 2025",ST-04,Revenue - Beverage,-58655100.0,Weekly POS sales Beverage,POS-04250106
104220,16/02/2025,ST-04,COGS - Merchandise,40751608.0,Weekly COGS Merchandise,INV-04250210
104221,16/02/2025,ST-02,Revenue - Merchandise,-57286600.0,Weekly POS sales Merchandise,POS-02250210
104222,"Jul 07, 2026",ST-06,REVENUE - BEVERAGE,-62445600.0,Weekly POS sales Beverage,POS-06260701
104223,"Mar 29, 2026",ST-10,Revenue - Beverage,-29392000.0,Weekly POS sales Beverage,POS-10260323
104224,"Aug 09, 2026",ST-04,COGS - Merchandise,36852090.0,Weekly COGS Merchandise,INV-04260803
104225,30/06/2025,ST-1,Utilities,40402102.0,Electricity & water,UTL-202506
104226,2026-06-14,ST-08,Revenue - Beverage,-34591200.0,Weekly POS sales Beverage,POS-08260608
104227,2025-09-28,ST-08,COGS - Food,26452812.0,Weekly COGS Food,INV-08250922
104228,"Jul 12, 2026",ST-12,COGS - Food,17598664.0,Weekly COGS Food,INV-12260706
104229,2025-06-15,ST-07,Revenue - Food,-51099600.0,Weekly POS sales Food,POS-07250609
104230,2026-06-30,ST-03,Depreciation - Store Assets,"43,400,000",Monthly depreciation,DEP-202606
104231,2025-02-23,ST-07,COGS - Beverage,13944582.0,Weekly COGS Beverage,INV-07250217
104232,"Sep 28, 2025",ST-01,COGS - Food,70956037.0,Weekly COGS Food,INV-01250922
104233,2026-07-26,ST-11,Revenue - Merchandise,-39567500.0,Weekly POS sales Merchandise,POS-11260720
104234,"Oct 07, 2025",ST-08,  Revenue - Beverage ,-29682000.0,Weekly POS sales Beverage,POS-08251001
104235,"Apr 30, 2025",ST-02,COGS - Beverage,"16,773,016",Weekly COGS Beverage,INV-02250428
104236,2026-05-17,ST-10,Revenue - Merchandise,-32592600.0,Weekly POS sales Merchandise,POS-10260511
104237,2025-03-23,ST-09,COGS - Merchandise,15668699.0,Weekly COGS Merchandise,INV-09250317
104238,"Jun 22, 2025",ST-08,Revenue - Beverage,-25761500.0,Weekly POS sales Beverage,POS-08250616
104239,20/09/2026,ST-01,COGS - Merchandise,60898539.0,Weekly COGS Merchandise,INV-01260914
104240,2026-08-31,ST-03,Depreciation - Store Assets,43400000.0,Monthly depreciation,DEP-202608
104241,13/04/2025,ST-09,Revenue - Beverage,-27241300.0,Weekly POS sales Beverage,POS-09250407
104242,2025-12-31,ST-01,COGS - Food,83493759.0,Weekly COGS Food,INV-01251229
104243,"May 07, 2026",ST-01,COGS - Food,68656434.0,Weekly COGS Food,INV-01260501
104244,"Dec 07, 2025",ST-06,Revenue - Merchandise,-56500000.0,Weekly POS sales Merchandise,POS-06251201
104245,2025-07-31,ST-06,Marketing - Local,12302041.0,Local store marketing,MKT-202507
104246,2025-12-21,ST-07,COGS - Merchandise,26366391.0,Weekly COGS Merchandise,INV-07251215
104247,"Jun 07, 2025",ST-08,Revenue - Food,-40609800.0,Weekly POS sales Food,POS-08250601
104248,"Aug 23, 2026",ST-12,Revenue - Merchandise,-24789600.0,Weekly POS sales Merchandise,POS-12260817
104249,"Apr 07, 2026",ST-04,Revenue - Beverage,-52557600.0,Weekly POS sales Beverage,POS-04260401
104250,2026-01-18,ST-09,Revenue - Food,-100161600.0,Weekly POS sales Food,POS-09260112
104251,2025-01-31,ST-02,Store Supplies,"8,806,977",Packaging & supplies,SUP-202501
104252,"May 17, 2026",ST-11,COGS - Merchandise,23250551.0,Weekly COGS Merchandise,INV-11260511
104253,"Feb 09, 2025",ST-05,COGS - Food,62047417.0,Weekly COGS Food,INV-05250203
104254,2026-02-28,ST-06,Revenue - Beverage,-69989600.0,Weekly POS sales Beverage,POS-06260223
104255,"Apr 30, 2026",ST-06,Revenue - Food,-76544000.0,Weekly POS sales Food,POS-06260427
104256,"May 07, 2025",ST-07,Revenue - Beverage,-33320000.0,Weekly POS sales Beverage,POS-07250501
104257,"Aug 31, 2025",ST-03,Repairs & Maintenance,4341000.0,R&M,RPM-202508
104258,"Mar 07, 2025",ST-07,COGS - Merchandise,19230300.0,Weekly COGS Merchandise,INV-07250301
104259,2026-06-14,ST-09,Revenue - Beverage,-64653200.0,Weekly POS sales Beverage,POS-09260608
104260,"Dec 07, 2025",ST-09,Revenue - Beverage,-67972900.0,Weekly POS sales Beverage,POS-09251201
104261,25/05/2025,ST-07,Revenue - Food,-47347000.0,Weekly POS sales Food,POS-07250519
104262,2025-06-15,ST-03,Revenue - Food,-130242900.0,Weekly POS sales Food,POS-03250609
104263,"Mar 09, 2025",ST-09,COGS - Beverage,10041687.0,Weekly COGS Beverage,INV-09250303
104264,2025-08-31,ST-03,Depreciation - Store Assets,43400000.0,Monthly depreciation,DEP-202508
104265,2026-09-27,ST-09,Revenue - Food,-84992700.0,Weekly POS sales Food,POS-09260921
104266,16/02/2025,ST-05,COGS - Merchandise,42156238.0,Weekly COGS Merchandise,INV-05250210
104267,"Jul 31, 2025",ST-07,Revenue - Merchandise,-24102000.0,Weekly POS sales Merchandise,POS-07250728
104268,"Sep 07, 2025",ST-08,COGS - Food,24188498.0,Weekly COGS Food,INV-08250901
104269,"Jan 11, 2026",ST-02,COGS - Beverage,21955840.0,Weekly COGS Beverage,INV-02260105
104270,"Jul 19, 2026",ST-12,Revenue - Beverage,-23807000.0,Weekly POS sales Beverage,POS-12260713
104271,2025-06-30,ST-09,Revenue - Merchandise,-28566400.0,Weekly POS sales Merchandise,POS-09250630
104272,30/06/2026,ST-01,Revenue - Food,-120931200.0,Weekly POS sales Food,POS-01260629
104273,"Sep 07, 2025",ST-07,Revenue - Beverage,-32104400.0,Weekly POS sales Beverage,POS-07250901
104274,2025-04-30,ST-05,Rent Expense,70748000.0,Store rent,RNT-202504
104275,"Jun 07, 2025",ST-06,COGS - Beverage,21144595.0,Weekly COGS Beverage,INV-06250601
104276,2026-07-31,ST-09,Marketing - Local,13318053.0,Local store marketing,MKT-202607
104277,"Sep 21, 2025",ST-02,COGS - Merchandise,34040197.0,Weekly COGS Merchandise,INV-02250915
104278,"Nov 09, 2025",ST-08,COGS - Beverage,11038090.0,Weekly COGS Beverage,INV-08251103
104279,2026-07-19,ST-12,COGS - Food,20067773.0,Weekly COGS Food,INV-12260713
104280,2026-06-14,ST-08,COGS - Food,25301029.0,Weekly COGS Food,INV-08260608
104281,19/07/2026,ST-07,Revenue - Food,-52140000.0,Weekly POS sales Food,POS-07260713
104282,24/05/2026,ST-03 ,Revenue - Merchandise,-82923400.0,Weekly POS sales Merchandise,POS-03260518
104283,"Jan 07, 2026",ST-04,Revenue - Merchandise,-56989400.0,Weekly POS sales Merchandise,POS-04260101
104284,27/09/2026,ST-08,Revenue - Beverage,-34248900.0,Weekly POS sales Beverage,POS-08260921
104285,2025-09-28,ST-08,Revenue - Beverage,-29238300.0,Weekly POS sales Beverage,POS-08250922
104286,2026-07-31,ST-05,Rent Expense,71507000.0,Store rent,RNT-202607
104287,2025-12-14,ST-08,COGS - Food,32653297.0,Weekly COGS Food,INV-08251208
104288,16/11/2025,ST-07,Revenue - Merchandise,-32624500.0,Weekly POS sales Merchandise,POS-07251110
104289,30/11/2025,HQ,Interest Expense,178794000.0,Loan interest,INT-202511
104290,2026-01-31,ST-09,Revenue - Food,-85263300.0,Weekly POS sales Food,POS-09260126
104291,"Aug 16, 2026",ST-01,COGS - Beverage,32750270.0,Weekly COGS Beverage,INV-01260810
104292,"Apr 07, 2026",ST-01,COGS - Beverage,32725526.0,Weekly COGS Beverage,INV-01260401
104293,"Jan 07, 2025",ST-04,Revenue - Beverage,-59270900.0,Weekly POS sales Beverage,POS-04250101
104294,"Apr 20, 2025",ST-02,Revenue - Food,-76365600.0,Weekly POS sales Food,POS-02250414
104295,2026-05-31,HQ,Professional Fees,8651000.0,Audit/legal/consulting,PRF-202605
104296,"Sep 30, 2026",ST-12,COGS - Merchandise,14210538.0,Weekly COGS Merchandise,INV-12260928
104297,2025-03-31,ST-03,Revenue - Merchandise,-74738400.0,Weekly POS sales Merchandise,POS-03250331
104298,2026-08-30,ST-04,Revenue - Beverage,-57288000.0,Weekly POS sales Beverage,POS-04260824
104299,30/09/2026,ST-06,Marketing - Local,"11,294,964",Local store marketing,MKT-202609
104300,"Jul 27, 2025",ST-07,Revenue - Beverage,"-31,144,400",Weekly POS sales Beverage,POS-07250721
104301,2026-04-19,ST-06,COGS - Food,37790435.0,Weekly COGS Food,INV-06260413
104302,"Nov 09, 2025",ST-03,COGS - Beverage,30418239.0,Weekly COGS Beverage,INV-03251103
104303,23/03/2025,ST-04,COGS - Food,47603540.0,Weekly COGS Food,INV-04250317
104304,2025-10-31,ST-03,Revenue - Food,-131285000.0,Weekly POS sales Food,POS-03251027
104305,2026-03-31,ST-08,COGS - Merchandise,19116958.0,Weekly COGS Merchandise,INV-08260330
104306,2026-08-31,ST-03,Repairs & Maintenance,11164000.0,R&M,RPM-202608
104307,30/11/2025,ST-09,Utilities,18002559.0,Electricity & water,UTL-202511
104308,"May 07, 2026",ST-12,COGS - Merchandise,14192584.0,Weekly COGS Merchandise,INV-12260501
104309,24/08/2025,ST-07,Revenue - Merchandise,-29326500.0,Weekly POS sales Merchandise,POS-07250818
104310,30/06/2025,ST-01,Repairs & Maintenance,13548000.0,R&M,RPM-202506
104311,2025-10-31,ST-01,Revenue - Food,-138728400.0,Weekly POS sales Food,POS-01251027
104312,2026-05-31,ST-09,Revenue - Beverage,-58078000.0,Weekly POS sales Beverage,POS-09260525
104313,"Jul 07, 2026",ST-09,Revenue - Merchandise,-49675600.0,Weekly POS sales Merchandise,POS-09260701
104314,30/06/2025,ST-04,COGS - Beverage,20441208.0,Weekly COGS Beverage,INV-04250630
104315,"Mar 08, 2026",ST-09,COGS - Merchandise,34797987.0,Weekly COGS Merchandise,INV-09260302
104316,28/02/2025,HQ,Depreciation - HO Assets,46353000.0,HO depreciation,DEP-HO-202502
104317,2025-12-31,ST-10,Rent Expense,42970000.0,Store rent,RNT-202512
104318,"Aug 31, 2025",ST-08,COGS - Food,25874918.0,Weekly COGS Food,INV-08250825
104319,"Oct 12, 2025",ST-03,COGS - Merchandise,55689049.0,Weekly COGS Merchandise,INV-03251006
104320,"Mar 09, 2025",ST-09,Revenue - Merchandise,-25619000.0,Weekly POS sales Merchandise,POS-09250303
104321,2025-08-31,ST-07,Revenue - Food,-48574000.0,Weekly POS sales Food,POS-07250825
104322,2025-08-31,ST-05,Rent Expense,66571000.0,Store rent,RNT-202508
104323,"Mar 09, 2025",ST-01,Revenue - Food,-125647200.0,Weekly POS sales Food,POS-01250303
104324,"Feb 07, 2026",ST-05,COGS - Food,60912229.0,Weekly COGS Food,INV-05260201
104325,2026-04-19,ST-07,COGS - Food,28864380.0,Weekly COGS Food,INV-07260413
104326,"Jan 31, 2026",ST-01,Revenue - Food,-169125000.0,Weekly POS sales Food,POS-01260126
104327,"May 10, 2026",ST-04,Revenue - Food,-95057900.0,Weekly POS sales Food,POS-04260504
104328,"May 31, 2025",ST-02,Revenue - Food,-80028000.0,Weekly POS sales Food,POS-02250526
104329,"Jun 07, 2025",ST-09,Revenue - Beverage,-34641600.0,Weekly POS sales Beverage,POS-09250601
104330,"May 10, 2026",ST-03,Revenue - Beverage,-83090700.0,Weekly POS sales Beverage,POS-03260504
104331,2025-08-17,ST-06,Revenue - Merchandise,-59844400.0,Weekly POS sales Merchandise,POS-06250811
104332,2026-05-24,ST-02,COGS - Merchandise,35293154.0,Weekly COGS Merchandise,INV-02260518
104333,2025-11-23,ST-03,Revenue - Merchandise,-73894800.0,Weekly POS sales Merchandise,POS-03251117
104334,"Mar 08, 2026",ST-11,Revenue - Merchandise,-26628800.0,Weekly POS sales Merchandise,POS-11260302
104335,"Mar 31, 2026",ST-08,Depreciation - Store Assets,"17,360,000",Monthly depreciation,DEP-202603
104336,"Mar 07, 2026",ST-10,COGS - Food,23853267.0,Weekly COGS Food,INV-10260301
104337,"Feb 07, 2026",ST-06,Revenue - Beverage,-65995900.0,Weekly POS sales Beverage,POS-06260201
104338,2025-09-21,ST-09,Revenue - Merchandise,-33524400.0,Weekly POS sales Merchandise,POS-09250915
104339,"Nov 30, 2025",ST-07,Payroll - Store Staff,68708237.0,Monthly store payroll,PR-202511
104340,"May 31, 2025",ST-04,COGS - Beverage,19801299.0,Weekly COGS Beverage,INV-04250526
104341,2026-02-28,ST-01,Depreciation - Store Assets,43400000.0,Monthly depreciation,DEP-202602
104342,2025-05-31,ST-03,COGS - Beverage,28401092.0,Weekly COGS Beverage,INV-03250526
104343,"Dec 07, 2025",ST-02,COGS - Food,53928153.0,Weekly COGS Food,INV-02251201
104344,25/05/2025,ST-02,COGS - Beverage,20615392.0,Weekly COGS Beverage,INV-02250519
104345,30/09/2026,ST-05,Revenue - Merchandise,-50374400.0,Weekly POS sales Merchandise,POS-05260928
104346,2025-08-31,ST-07,Revenue - Merchandise,-27754800.0,Weekly POS sales Merchandise,POS-07250825
104347,2026-03-29,ST-02,COGS - Food,46530920.0,Weekly COGS Food,INV-02260323
104348,18/01/2026,ST-09,Revenue - Merchandise,-60663200.0,Weekly POS sales Merchandise,POS-09260112
104349,2026-09-30,ST-06,Store Supplies,6081480.0,Packaging & supplies,SUP-202609
104350,"Mar 07, 2026",ST-11,Revenue - Beverage,-29216000.0,Weekly POS sales Beverage,POS-11260301
104351,26/10/2025,ST-09,COGS - Merchandise,28235629.0,Weekly COGS Merchandise,INV-09251020
104352,"Feb 07, 2026",ST-09,COGS - Merchandise,38102911.0,Weekly COGS Merchandise,INV-09260201
104353,"May 07, 2026",ST-10,Revenue - Food,-46666800.0,Weekly POS sales Food,POS-10260501
104354,"Aug 09, 2026",ST-02,COGS - Beverage,18035886.0,Weekly COGS Beverage,INV-02260803
104355,2025-09-30,ST-02,Utilities,15740087.0,Electricity & water,UTL-202509
104356,"Aug 07, 2025",ST-01,COGS - Beverage,34307969.0,Weekly COGS Beverage,INV-01250801
104357,30/08/2026,ST-06,Revenue - Beverage,-62232500.0,Weekly POS sales Beverage,POS-06260824
104358,2026-07-31,ST-05,Utilities,25168430.0,Electricity & water,UTL-202607
104359,30/09/2026,ST-11,Revenue - Merchandise,-40686400.0,Weekly POS sales Merchandise,POS-11260928
104360,27/09/2026,ST-09,COGS - Merchandise,43393805.0,Weekly COGS Merchandise,INV-09260921
104361,2026-07-26,ST-06,COGS - Beverage,23652675.0,Weekly COGS Beverage,INV-06260720
104362,"Mar 07, 2025",ST-02,Revenue - Beverage,-45358200.0,Weekly POS sales Beverage,POS-02250301
104363,31/01/2026,ST-02,COGS - Food,58287971.0,Weekly COGS Food,INV-02260126
104364,2026-06-30,ST-01,COGS - Food,69722692.0,Weekly COGS Food,INV-01260629
104365,2026-09-20,ST-03,COGS - Beverage,28022392.0,Weekly COGS Beverage,INV-03260914
104366,"Aug 31, 2026",ST-09,Marketing - Local,9788725.0,Local store marketing,MKT-202608
104367,2026-04-30,ST-04,Marketing - Local,16994695.0,Local store marketing,MKT-202604
104368,29/03/2026,ST-06,Revenue - Merchandise,-50164200.0,Weekly POS sales Merchandise,POS-06260323
104369,2026-05-24,ST-11,Revenue - Beverage,-36021300.0,Weekly POS sales Beverage,POS-11260518
104370,2026-07-31,ST-02,COGS - Merchandise,39161237.0,Weekly COGS Merchandise,INV-02260727
104371,"Jan 07, 2025",ST-07,COGS - Food,25698123.0,Weekly COGS Food,INV-07250101
104372,"Mar 09, 2025",ST-06,Revenue - Food,-53751000.0,Weekly POS sales Food,POS-06250303
104373,27/04/2025,ST-06,COGS - Beverage,17766118.0,Weekly COGS Beverage,INV-06250421
104374,2025-12-31,ST-09,COGS - Merchandise,40486731.0,Weekly COGS Merchandise,INV-09251229
104375,30/09/2026,ST-07,Utilities,10074552.0,Electricity & water,UTL-202609
104376,2026-02-28,ST-07,Depreciation - Store Assets,17360000.0,Monthly depreciation,DEP-202602
104377,"Sep 20, 2026",ST-07,COGS - BEVERAGE,12488500.0,Weekly COGS Beverage,INV-07260914
104378,"May 07, 2026",ST-03,Revenue - Beverage,-90425900.0,Weekly POS sales Beverage,POS-03260501
104379,2025-06-30,ST-06,COGS - Beverage,17978589.0,Weekly COGS Beverage,INV-06250630
104380,31/05/2025,ST-02,Delivery Platform Commission,42587091.0,Delivery aggregator fees,DLV-202505
104381,2026-03-31,ST-09,Delivery Platform Commission,36032585.0,Delivery aggregator fees,DLV-202603
104382,"Feb 28, 2026",ST-06,COGS - Beverage,25157630.0,Weekly COGS Beverage,INV-06260223
104383,"May 07, 2026",ST-06,COGS - FOOD,49601096.0,Weekly COGS Food,INV-06260501
104384,"Mar 09, 2025",ST-02,Revenue - Merchandise,-35550600.0,Weekly POS sales Merchandise,POS-02250303
104385,2025-06-30,ST-03,Revenue - Merchandise,-68355000.0,Weekly POS sales Merchandise,POS-03250630
104386,2026-05-31,ST-12,Delivery Platform Commission,10676953.0,Delivery aggregator fees,DLV-202605
104387,2026-06-14,ST-08,COGS - Merchandise,21181937.0,Weekly COGS Merchandise,INV-08260608
104388,"May 11, 2025",ST-08,  Revenue - Food ,-41155800.0,Weekly POS sales Food,POS-08250505
104389,"Mar 09, 2025",ST-01,Revenue - Beverage,-73436300.0,Weekly POS sales Beverage,POS-01250303
104390,2025-07-20,ST-02,COGS - Beverage,22127945.0,Weekly COGS Beverage,INV-02250714
104391,2025-10-26,ST-02,COGS - Merchandise,"35,559,206",Weekly COGS Merchandise,INV-02251020
104392,"May 07, 2026",ST-09,COGS - Food,50402122.0,Weekly COGS Food,INV-09260501
104393,2025-10-19,ST-05,Revenue - Food,-69275700.0,Weekly POS sales Food,POS-05251013
104394,"Jul 20, 2025",ST-05,Revenue - Merchandise,-55772000.0,Weekly POS sales Merchandise,POS-05250714
104395,"Apr 07, 2025",ST-01,COGS - Beverage,30788807.0,Weekly COGS Beverage,INV-01250401
104396,"Jun 30, 2025",ST-05,Revenue - Beverage,"-61,053,900",Weekly POS sales Beverage,POS-05250630
104397,30/11/2025,ST-06,Payroll - Store Staff,"110,104,716",Monthly store payroll,PR-202511
104398,2025-01-31,ST-02,Revenue - Food,-74934900.0,Weekly POS sales Food,POS-02250127
104399,2025-12-31,ST-01,Revenue - Merchandise,-81369400.0,Weekly POS sales Merchandise,POS-01251229
104400,"Dec 07, 2025",ST-01,Revenue - Merchandise,-91125800.0,Weekly POS sales Merchandise,POS-01251201
104401,26/04/2026,ST-09,COGS - Beverage,20837991.0,Weekly COGS Beverage,INV-09260420
104402,2026-01-18,ST-06,Revenue - Beverage,-78752700.0,Weekly POS sales Beverage,POS-06260112
104403,2025-04-20,ST-04,COGS - Beverage,16531828.0,Weekly COGS Beverage,INV-04250414
104404,14/06/2026,ST-12,Revenue - Beverage,-21362400.0,Weekly POS sales Beverage,POS-12260608
104405,"Apr 07, 2026",ST-10,COGS - Food,28132725.0,Weekly COGS Food,INV-10260401
104406,"Aug 09, 2026",ST-06,COGS - Merchandise,38591821.0,Weekly COGS Merchandise,INV-06260803
104407,"Dec 28, 2025",ST-03,Revenue - Beverage,-104979200.0,Weekly POS sales Beverage,POS-03251222
104408,2026-01-31,ST-07,MARKETING - LOCAL,6973583.0,Local store marketing,MKT-202601
104409,"Nov 07, 2025",ST-06,COGS - Beverage,19762234.0,Weekly COGS Beverage,INV-06251101
104410,2026-09-30,ST-04,Store Supplies,10141437.0,Packaging & supplies,SUP-202609
104411,"May 07, 2025",ST-04,Revenue - Beverage,-48714300.0,Weekly POS sales Beverage,POS-04250501
104412,"Mar 31, 2026",ST-06,Revenue - Food,-83570000.0,Weekly POS sales Food,POS-06260330
104413,2025-02-23,ST-08,COGS - Merchandise,19823382.0,Weekly COGS Merchandise,INV-08250217
104414,30/04/2026,ST-08,Delivery Platform Commission,23432384.0,Delivery aggregator fees,DLV-202604
104415,"Jun 08, 2025",ST-09,COGS - Merchandise,15530739.0,Weekly COGS Merchandise,INV-09250602
104416,2025-03-31,ST-05,Store Supplies,9114367.0,Packaging & supplies,SUP-202503
104417,"Apr 20, 2025",ST-02,  Revenue - Merchandise ,-46057700.0,Weekly POS sales Merchandise,POS-02250414
104418,2025-11-30,ST-10,Utilities,6990873.0,Electricity & water,UTL-202511
104419,2025-03-31,ST-01,Depreciation - Store Assets,43400000.0,Monthly depreciation,DEP-202503
104420,2025-07-13,ST-09,COGS - Beverage,14469371.0,Weekly COGS Beverage,INV-09250707
104421,"Dec 07, 2025",ST-06,COGS - Merchandise,42333740.0,Weekly COGS Merchandise,INV-06251201
104422,2026-04-19,ST-09,Revenue - Merchandise,-45157200.0,Weekly POS sales Merchandise,POS-09260413
104423,"Oct 07, 2025",ST-03,COGS - Food,51430360.0,Weekly COGS Food,INV-03251001
104424,"Aug 16, 2026",ST-05,Revenue - Beverage,-56576000.0,Weekly POS sales Beverage,POS-05260810
104425,2026-03-29,ST-03,COGS - Merchandise,48500443.0,Weekly COGS Merchandise,INV-03260323
104426,"Feb 07, 2026",ST-08,Revenue - Food,-63468600.0,Weekly POS sales Food,POS-08260201
104427,"Mar 15, 2026",ST-11,COGS - Merchandise,21256470.0,Weekly COGS Merchandise,INV-11260309
104428,31/07/2025,ST-06,Store Supplies,9956649.0,Packaging & supplies,SUP-202507
104429,"Aug 10, 2025",ST-06,COGS - Merchandise,30846840.0,Weekly COGS Merchandise,INV-06250804
104430,2026-01-31,ST-02,Store Supplies,9543736.0,Packaging & supplies,SUP-202601
104431,31/08/2026,ST-05,COGS - Beverage,21158009.0,Weekly COGS Beverage,INV-05260831
104432,21/09/2025,ST-08,Revenue - Merchandise,-32221800.0,Weekly POS sales Merchandise,POS-08250915
104433,"May 11, 2025",ST-09,COGS - Merchandise,20263049.0,Weekly COGS Merchandise,INV-09250505
104434,"May 31, 2026",HQ,Depreciation - HO Assets,43147000.0,HO depreciation,DEP-HO-202605
104435,2025-03-30,ST-02,COGS - Food,38158281.0,Weekly COGS Food,INV-02250324
104436,26/07/2026,ST-04,COGS - Merchandise,30536154.0,Weekly COGS Merchandise,INV-04260720
104437,2026-03-22,ST-07,Revenue - Beverage,-29975400.0,Weekly POS sales Beverage,POS-07260316
104438,2025-06-29,ST-05,COGS - Beverage,21118608.0,Weekly COGS Beverage,INV-05250623
104439,31/03/2025,ST-03,Store Supplies,11422773.0,Packaging & supplies,SUP-202503
104440,"Sep 07, 2026",ST-12,Revenue - Beverage,-26892500.0,Weekly POS sales Beverage,POS-12260901
104441,27/04/2025,ST-03,COGS - Merchandise,50008559.0,Weekly COGS Merchandise,INV-03250421
104442,"Feb 22, 2026",ST-10,Revenue - Food,-50964000.0,Weekly POS sales Food,POS-10260216
104443,"Nov 07, 2025",ST-08,COGS - Beverage,13552032.0,Weekly COGS Beverage,INV-08251101
104444,"Oct 07, 2025",ST-03,Revenue - Merchandise,-75992000.0,Weekly POS sales Merchandise,POS-03251001
104445,"Feb 09, 2025",ST-05,Revenue - Merchandise,-54680500.0,Weekly POS sales Merchandise,POS-05250203
104446,"Oct 07, 2025",ST-10,COGS - Merchandise,12318802.0,Weekly COGS Merchandise,INV-10251001
104447,2026-08-31,ST-04,Revenue - Beverage,-54110000.0,Weekly POS sales Beverage,POS-04260831
104448,"Jan 11, 2026",ST-01,COGS - Merchandise,54137834.0,Weekly COGS Merchandise,INV-01260105
104449,28/02/2025,ST-03,Revenue - Food,"-128,368,800",Weekly POS sales Food,POS-03250224
104450,2025-12-21,ST-02,Revenue - Beverage,-59105800.0,Weekly POS sales Beverage,POS-02251215
104451,"Nov 07, 2025",ST-02,COGS - Food,53155361.0,Weekly COGS Food,INV-02251101
104452,2026-08-23,ST-03,COGS - Beverage,32236728.0,Weekly COGS Beverage,INV-03260817
104453,"Aug 31, 2026",ST-04,COGS - Merchandise,35793931.0,Weekly COGS Merchandise,INV-04260831
104454,2025-07-20,ST-08,COGS - Beverage,9464065.0,Weekly COGS Beverage,INV-08250714
104455,2026-06-14,ST-04,COGS - Food,49466046.0,Weekly COGS Food,INV-04260608
104456,31/03/2026,ST-10,Revenue - Merchandise,-28188000.0,Weekly POS sales Merchandise,POS-10260330
104457,22/06/2025,ST-06,Revenue - Food,-78920300.0,Weekly POS sales Food,POS-06250616
104458,2026-08-16,ST-08,Revenue - Beverage,-31584500.0,Weekly POS sales Beverage,POS-08260810
104459,"Jan 07, 2025",ST-02,COGS - Beverage,25110321.0,Weekly COGS Beverage,INV-02250101
104460,"Oct 12, 2025",ST-05,COGS - Merchandise,35589485.0,Weekly COGS Merchandise,INV-05251006
104461,"Jun 30, 2025",ST-05,COGS - Food,38603450.0,Weekly COGS Food,INV-05250630
104462,2025-03-31,ST-04,Store Supplies,11230526.0,Packaging & supplies,SUP-202503
104463,"Sep 07, 2025",ST-04,Revenue - Merchandise,-48070400.0,Weekly POS sales Merchandise,POS-04250901
104464,31/07/2026,ST-03,Utilities,32161809.0,Electricity & water,UTL-202607
104465,2025-06-15,ST-06 ,COGS - Merchandise,29830025.0,Weekly COGS Merchandise,INV-06250609
104466,28/02/2025,ST-07,Repairs & Maintenance,11669000.0,R&M,RPM-202502
104467,31/05/2026,ST-02,Revenue - Merchandise,-48338300.0,Weekly POS sales Merchandise,POS-02260525
104468,"Sep 30, 2025",HQ,Bank Charges,17006000.0,Bank fees,BNK-202509
104469,"Apr 07, 2026",ST-03,COGS - Merchandise,58012166.0,Weekly COGS Merchandise,INV-03260401
104470,2025-09-30,ST-05,Revenue - Merchandise,-42914600.0,Weekly POS sales Merchandise,POS-05250929
104471,2026-05-24,ST-02,Revenue - Food,-83533200.0,Weekly POS sales Food,POS-02260518
104472,31/12/2025,ST-04,Store Supplies,8808376.0,Packaging & supplies,SUP-202512
104473,"Sep 30, 2025",ST-07,Depreciation - Store Assets,17360000.0,Monthly depreciation,DEP-202509
104474,"Nov 07, 2025",ST-03,COGS - Beverage,30638285.0,Weekly COGS Beverage,INV-03251101
104475,2025-04-20,ST-03,Revenue - Food,-116879000.0,Weekly POS sales Food,POS-03250414
104476,2025-10-31,ST-09,Rent Expense,68324000.0,Store rent,RNT-202510
104477,30/04/2026,ST-10,Depreciation - Store Assets,17360000.0,Monthly depreciation,DEP-202604
104478,2025-05-25,ST-06,COGS - Beverage,18479207.0,Weekly COGS Beverage,INV-06250519
104479,2026-03-15,ST-11,Revenue - Beverage,-30218300.0,Weekly POS sales Beverage,POS-11260309
104480,2025-04-20,ST-04,COGS - Food,48078218.0,Weekly COGS Food,INV-04250414
104481,"Aug 23, 2026",ST-09,COGS - Beverage,19064495.0,Weekly COGS Beverage,INV-09260817
104482,31/03/2025,HQ,Payroll - Head Office,334515000.0,HO payroll,PR-HO-202503
104483,"Jan 26, 2025",ST-07,COGS - Beverage,12285924.0,Weekly COGS Beverage,INV-07250120
104484,"Sep 30, 2026",ST-01,COGS - Merchandise,50782559.0,Weekly COGS Merchandise,INV-01260928
104485,"Jan 07, 2025",ST-08,Revenue - Beverage,-23597700.0,Weekly POS sales Beverage,POS-08250101
104486,2026-04-26,ST-10,Revenue - Food,-49504500.0,Weekly POS sales Food,POS-10260420
104487,2025-11-30,ST-10,COGS - Beverage,8107521.0,Weekly COGS Beverage,INV-10251124
104488,"May 07, 2025",ST-09,COGS - Food,28565461.0,Weekly COGS Food,INV-09250501
104489,"Jul 31, 2026",ST-10,COGS - Beverage,13748203.0,Weekly COGS Beverage,INV-10260727
104490,"Jul 07, 2025",ST-03,Revenue - Beverage,-95846000.0,Weekly POS sales Beverage,POS-03250701
104491,2025-08-31,ST-05,Payroll - Store Staff,94210228.0,Monthly store payroll,PR-202508
104492,"Nov 23, 2025",ST-07,Revenue - Merchandise,-28059800.0,Weekly POS sales Merchandise,POS-07251117
104493,2025-12-21,ST-06,Revenue - Beverage,-65631000.0,Weekly POS sales Beverage,POS-06251215
104494,"Sep 07, 2026",ST-12,COGS - Merchandise,15671562.0,Weekly COGS Merchandise,INV-12260901
104495,2026-07-19,ST-09,COGS - Food,48417381.0,Weekly COGS Food,INV-09260713
104496,"Feb 08, 2026",ST-01,COGS - Merchandise,70601214.0,Weekly COGS Merchandise,INV-01260202
104497,"Aug 31, 2025",HQ,Professional Fees,74912000.0,Audit/legal/consulting,PRF-202508
104498,"Jun 08, 2025",ST-06,Revenue - Food,-76252800.0,Weekly POS sales Food,POS-06250602
104499,2026-03-22,ST-09,COGS - Merchandise,31628242.0,Weekly COGS Merchandise,INV-09260316
104500,28/02/2025,ST-02,Utilities,"15,578,682",Electricity & water,UTL-202502
104501,2026-05-31,ST-12,COGS - Food,15717128.0,Weekly COGS Food,INV-12260525
104502,2026-06-30,ST-03,Repairs & Maintenance,7748000.0,R&M,RPM-202606
104503,"Dec 31, 2025",ST-09,Repairs & Maintenance,12613000.0,R&M,RPM-202512
104504,2025-05-18,ST-06,COGS - Merchandise,35665067.0,Weekly COGS Merchandise,INV-06250512
104505,"Jul 31, 2026",ST-02,COGS - Food,46001678.0,Weekly COGS Food,INV-02260727
104506,23/03/2025,ST-02,Revenue - Beverage,-46194200.0,Weekly POS sales Beverage,POS-02250317
104507,26/07/2026,ST-11,COGS - Merchandise,30402410.0,Weekly COGS Merchandise,INV-11260720
104508,30/11/2025,ST-04,COGS - Merchandise,34537814.0,Weekly COGS Merchandise,INV-04251124
104509,26/10/2025,ST-04,Revenue - Food,-80426400.0,Weekly POS sales Food,POS-04251020
104510,30/04/2025,ST-07,Repairs & Maintenance,9618000.0,R&M,RPM-202504
104511,30/04/2025,ST-02,Revenue - Food,-78180300.0,Weekly POS sales Food,POS-02250428
104512,"Jan 07, 2025",ST-08,COGS - Merchandise,16347038.0,Weekly COGS Merchandise,INV-08250101
104513,2026-04-30,ST-09,Marketing - Local,8516684.0,Local store marketing,MKT-202604
104514,2026-07-31,ST-02,REVENUE - MERCHANDISE,-54204500.0,Weekly POS sales Merchandise,POS-02260727
104515,2025-01-19,ST-03,COGS - Beverage,35321106.0,Weekly COGS Beverage,INV-03250113
104516,"Aug 07, 2026",ST-07,COGS - Beverage,11916863.0,Weekly COGS Beverage,INV-07260801
104517,2026-06-28,ST-02,COGS - Food,46513023.0,Weekly COGS Food,INV-02260622
104518,2025-07-13,ST-04,Revenue - Merchandise,-47616000.0,Weekly POS sales Merchandise,POS-04250707
104519,"Oct 07, 2025",ST-01,COGS - Merchandise,49490654.0,Weekly COGS Merchandise,INV-01251001
104520,30/11/2025,ST-03,COGS - Beverage,33262109.0,Weekly COGS Beverage,INV-03251124
104521,2025-12-31,ST-02,Revenue - Food,-79771300.0,Weekly POS sales Food,POS-02251229
104522,2026-04-26,ST-06,COGS - Merchandise,41933434.0,Weekly COGS Merchandise,INV-06260420
104523,28/02/2026,ST-10,Marketing - Local,6953362.0,Local store marketing,MKT-202602
104524,2025-11-30,ST-06,Repairs & Maintenance,9047000.0,R&M,RPM-202511
104525,23/11/2025,ST-05,COGS - Merchandise,32821402.0,Weekly COGS Merchandise,INV-05251117
104526,"Oct 12, 2025",ST-09,Revenue - Food,-69898200.0,Weekly POS sales Food,POS-09251006
104527,"Feb 28, 2026",HQ,IT & Software,65128000.0,SaaS & IT,ITS-202602
104528,2025-06-15,ST-07,Revenue - Merchandise,-24380100.0,Weekly POS sales Merchandise,POS-07250609
104529,30/04/2026,ST-04,Utilities,17460601.0,Electricity & water,UTL-202604
104530,2025-12-31,ST-04,Payroll - Store Staff,139675909.0,Monthly store payroll,PR-202512
104531,"Mar 08, 2026",ST-02,Revenue - Beverage,-50979200.0,Weekly POS sales Beverage,POS-02260302
104532,"Jul 07, 2025",ST-06,Revenue - Beverage,-43068600.0,Weekly POS sales Beverage,POS-06250701
104533,"Dec 31, 2025",ST-04,Depreciation - Store Assets,28000000.0,Monthly depreciation,DEP-202512
104534,"Feb 08, 2026",ST-10,COGS - Food,30989122.0,Weekly COGS Food,INV-10260202
104535,"Nov 09, 2025",ST-02,COGS - Food,46026743.0,Weekly COGS Food,INV-02251103
104536,2025-10-31,ST-9,Depreciation - Store Assets,28000000.0,Monthly depreciation,DEP-202510
104537,31/01/2026,ST-03,Revenue - Beverage,-115269700.0,Weekly POS sales Beverage,POS-03260126
104538,2025-09-30,HQ,Professional Fees,99242000.0,Audit/legal/consulting,PRF-202509
104539,"Mar 09, 2025",ST-08,COGS - Merchandise,"13,583,914",Weekly COGS Merchandise,INV-08250303
104540,"Aug 31, 2026",ST-05,Marketing - Local,10534066.0,Local store marketing,MKT-202608
104541,"Jul 07, 2025",ST-05,Revenue - Food,-71370000.0,Weekly POS sales Food,POS-05250701
104542,2026-05-24,ST-08,Revenue - Beverage,-35057400.0,Weekly POS sales Beverage,POS-08260518
104543,30/03/2025,ST-06,COGS - Merchandise,29890833.0,Weekly COGS Merchandise,INV-06250324
104544,31/10/2025,ST-07,Depreciation - Store Assets,17360000.0,Monthly depreciation,DEP-202510
104545,"Jan 26, 2025",ST-06,COGS - Food,51537355.0,Weekly COGS Food,INV-06250120
104546,"Sep 07, 2026",ST-08,REVENUE - BEVERAGE,-34408800.0,Weekly POS sales Beverage,POS-08260901
104547,"Feb 28, 2026",ST-08,Depreciation - Store Assets,17360000.0,Monthly depreciation,DEP-202602
104548,2025-11-23,ST-01,COGS - Food,70498229.0,Weekly COGS Food,INV-01251117
104549,2026-05-24,ST-12,COGS - Food,16374275.0,Weekly COGS Food,INV-12260518
104550,19/04/2026,ST-04,COGS - Merchandise,31811588.0,Weekly COGS Merchandise,INV-04260413
104551,2025-10-31,ST-03,COGS - Merchandise,50610417.0,Weekly COGS Merchandise,INV-03251027
104552,2026-06-28,ST-12,COGS - Merchandise,13425579.0,Weekly COGS Merchandise,INV-12260622
104553,"Aug 31, 2026",HQ,Interest Expense,183480000.0,Loan interest,INT-202608
104554,13/09/2026,ST-01,COGS - Food,76454031.0,Weekly COGS Food,INV-01260907
104555,2026-07-31,ST-06,COGS - Merchandise,31747838.0,Weekly COGS Merchandise,INV-06260727
104556,"Sep 20, 2026",ST-11,COGS - Merchandise,28999683.0,Weekly COGS Merchandise,INV-11260914
104557,"Nov 09, 2025",ST-08,Revenue - Beverage,-31709800.0,Weekly POS sales Beverage,POS-08251103
104558,2026-06-21,ST-12,Revenue - Beverage,-20882400.0,Weekly POS sales Beverage,POS-12260615
104559,"Oct 12, 2025",ST-09,Revenue - Beverage,-52237600.0,Weekly POS sales Beverage,POS-09251006
104560,27/04/2025,ST-01,Revenue - Beverage,-67723500.0,Weekly POS sales Beverage,POS-01250421
104561,2025-07-27,ST-01,Revenue - Beverage,-87097000.0,Weekly POS sales Beverage,POS-01250721
104562,23/03/2025,ST-08,COGS - Beverage,6611839.0,Weekly COGS Beverage,INV-08250317
104563,"Feb 09, 2025",ST-01,COGS - Merchandise,54993122.0,Weekly COGS Merchandise,INV-01250203
104564,18/05/2025,ST-09,Revenue - Merchandise,-31400200.0,Weekly POS sales Merchandise,POS-09250512
104565,"Jan 31, 2025",ST-08,Payroll - Store Staff,49441099.0,Monthly store payroll,PR-202501
104566,"Oct 07, 2025",ST-07,COGS - Food,28587697.0,Weekly COGS Food,INV-07251001
104567,"Aug 10, 2025",ST-09,Revenue - Merchandise,-37606400.0,Weekly POS sales Merchandise,POS-09250804
104568,30/04/2026,ST-11,Delivery Platform Commission,20545296.0,Delivery aggregator fees,DLV-202604
104569,2026-02-28,ST-06,COGS - Merchandise,51516618.0,Weekly COGS Merchandise,INV-06260223
104570,26/07/2026,ST-03,COGS - Beverage,34523363.0,Weekly COGS Beverage,INV-03260720
104571,"Jun 07, 2025",ST-09,COGS - Beverage,11880290.0,Weekly COGS Beverage,INV-09250601
104572,22/02/2026,ST-06,COGS - Beverage,20974644.0,Weekly COGS Beverage,INV-06260216
104573,2026-06-30,ST-12,COGS - Merchandise,14220632.0,Weekly COGS Merchandise,INV-12260629
104574,"Mar 23, 2025",ST-05 ,Revenue - Food,-71036000.0,Weekly POS sales Food,POS-05250317
104575,2026-08-16,ST-06,COGS - Food,49774935.0,Weekly COGS Food,INV-06260810
104576,30/06/2025,ST-03,Marketing - Local,13660197.0,Local store marketing,MKT-202506
104577,"May 11, 2025",ST-06,Revenue - Merchandise,"-46,805,000",Weekly POS sales Merchandise,POS-06250505
104578,31/08/2026,ST-03,Payroll - Store Staff,210827888.0,Monthly store payroll,PR-202608
104579,2025-05-25,ST-09,Revenue - Beverage,-35499600.0,Weekly POS sales Beverage,POS-09250519
104580,27/07/2025,ST-07,Revenue - Merchandise,-30584400.0,Weekly POS sales Merchandise,POS-07250721
104581,2026-07-31,ST-06,Revenue - Beverage,-51373000.0,Weekly POS sales Beverage,POS-06260727
104582,2025-02-23,ST-05,COGS - Merchandise,33975802.0,Weekly COGS Merchandise,INV-05250217
104583,"Mar 08, 2026",ST-05,COGS - Merchandise,30279693.0,Weekly COGS Merchandise,INV-05260302
104584,2026-08-16,ST-05,COGS - Merchandise,"33,575,211",Weekly COGS Merchandise,INV-05260810
104585,"Feb 16, 2025",ST-03,COGS - Food,93072180.0,Weekly COGS Food,INV-03250210
104586,2026-05-17,ST-05,Revenue - Food,-80488200.0,Weekly POS sales Food,POS-05260511
104587,2026-09-27,ST-06,Revenue - Beverage,-58835000.0,Weekly POS sales Beverage,POS-06260921
104588,2026-03-31,ST-03,Utilities,35339850.0,Electricity & water,UTL-202603
104589,2025-03-31,ST-02,COGS - Food,35365568.0,Weekly COGS Food,INV-02250331
104590,2026-08-30,ST-06,COGS - Beverage,22518846.0,Weekly COGS Beverage,INV-06260824
104591,30/04/2025,ST-07,Marketing - Local,6694929.0,Local store marketing,MKT-202504
104592,"Apr 12, 2026",ST-06,COGS - Food,51019598.0,Weekly COGS Food,INV-06260406
104593,"Aug 09, 2026",ST-9,Revenue - Food,-82401100.0,Weekly POS sales Food,POS-09260803
104594,"Sep 21, 2025",ST-10,COGS - Food,16392993.0,Weekly COGS Food,INV-10250915
104595,2025-02-28,ST-02,Marketing - Local,15318302.0,Local store marketing,MKT-202502
104596,2025-04-20,ST-09,COGS - Food,25904892.0,Weekly COGS Food,INV-09250414
104597,2026-09-20,ST-03,Revenue - Food,-140186000.0,Weekly POS sales Food,POS-03260914
104598,"Mar 07, 2025",ST-06,COGS - Food,38925030.0,Weekly COGS Food,INV-06250301
104599,"Jul 07, 2025",ST-06,COGS - Beverage,16346762.0,Weekly COGS Beverage,INV-06250701
104600,2026-08-16,ST-01,COGS - Merchandise,63190217.0,Weekly COGS Merchandise,INV-01260810
104601,"Nov 07, 2025",ST-05,COGS - Merchandise,38235183.0,Weekly COGS Merchandise,INV-05251101
104602,2026-06-28,ST-03,Revenue - Food,-137454600.0,Weekly POS sales Food,POS-03260622
104603,2025-07-31,ST-08,Repairs & Maintenance,13759000.0,R&M,RPM-202507
104604,2025-04-30,ST-03,Payroll - Store Staff,155147095.0,Monthly store payroll,PR-202504
104605,31/03/2025,ST-05,Rent Expense,69704000.0,Store rent,RNT-202503
104606,"Mar 31, 2026",ST-04,Delivery Platform Commission,37416967.0,Delivery aggregator fees,DLV-202603
104607,"Apr 07, 2026",ST-06,Revenue - Food,-72105600.0,Weekly POS sales Food,POS-06260401
104608,2025-01-26,ST-05,Revenue - Merchandise,-60515000.0,Weekly POS sales Merchandise,POS-05250120
104609,"Feb 09, 2025",ST-08,  COGS - Food ,24458319.0,Weekly COGS Food,INV-08250203
104610,2026-07-26,ST-07,COGS - Beverage,11923819.0,Weekly COGS Beverage,INV-07260720
104611,"Aug 31, 2025",ST-01,Revenue - Beverage,-71220600.0,Weekly POS sales Beverage,POS-01250825
104612,2026-09-30,ST-03,Utilities,18820686.0,Electricity & water,UTL-202609
104613,"Feb 23, 2025",ST-03,COGS - Beverage,35617284.0,Weekly COGS Beverage,INV-03250217
104614,"Mar 29, 2026",ST-01,Revenue - Food,-122698400.0,Weekly POS sales Food,POS-01260323
104615,2026-08-30,ST-12,COGS - Food,18298754.0,Weekly COGS Food,INV-12260824
104616,"Aug 07, 2026",ST-08,COGS - Food,28956758.0,Weekly COGS Food,INV-08260801
104617,2025-04-30,ST-05,Marketing - Local,9683138.0,Local store marketing,MKT-202504
104618,2025-03-31,ST-03,Repairs & Maintenance,10899000.0,R&M,RPM-202503
104619,31/05/2026,ST-11,COGS - Merchandise,23239016.0,Weekly COGS Merchandise,INV-11260525
104620,2025-08-24,ST-09,Revenue - Merchandise,-35963700.0,Weekly POS sales Merchandise,POS-09250818
104621,"Sep 07, 2026",ST-10,COGS - Merchandise,21143765.0,Weekly COGS Merchandise,INV-10260901
104622,"May 11, 2025",ST-09,COGS - Beverage,"10,787,426",Weekly COGS Beverage,INV-09250505
104623,"Sep 14, 2025",ST-08,COGS - Merchandise,21960871.0,Weekly COGS Merchandise,INV-08250908
104624,2025-02-28,ST-03,COGS - Merchandise,60803210.0,Weekly COGS Merchandise,INV-03250224
104625,31/03/2026,ST-04,Utilities,16274649.0,Electricity & water,UTL-202603
104626,23/08/2026,ST-12,COGS - Food,21683637.0,Weekly COGS Food,INV-12260817
104627,"Apr 30, 2026",ST-04,Payroll - Store Staff,113187889.0,Monthly store payroll,PR-202604
104628,2026-06-30,ST-06,Revenue - Food,-87809400.0,Weekly POS sales Food,POS-06260629
104629,2025-10-19,ST-07,COGS - Merchandise,23047007.0,Weekly COGS Merchandise,INV-07251013
104630,2026-05-31,ST-04,Delivery Platform Commission,34117524.0,Delivery aggregator fees,DLV-202605
104631,19/04/2026,ST-11,Revenue - Food,-51103200.0,Weekly POS sales Food,POS-11260413
104632,"May 07, 2026",ST-01,COGS - Merchandise,"49,832,529",Weekly COGS Merchandise,INV-01260501
104633,2026-03-31,ST-05,Revenue - Food,-79941900.0,Weekly POS sales Food,POS-05260330
104634,2026-02-22,ST-08,COGS - Food,37325482.0,Weekly COGS Food,INV-08260216
104635,30/04/2025,ST-01,Depreciation - Store Assets,43400000.0,Monthly depreciation,DEP-202504
104636,"Jun 08, 2025",ST-03,Revenue - Food,-123368000.0,Weekly POS sales Food,POS-03250602
104637,2025-08-31,ST-01,Repairs & Maintenance,9729000.0,R&M,RPM-202508
104638,"Nov 09, 2025",ST-09,COGS - Food,45618599.0,Weekly COGS Food,INV-09251103
104639,"Apr 30, 2025",ST-03,Utilities,14522412.0,Electricity & water,UTL-202504
104640,"Sep 30, 2025",ST-01,COGS - Merchandise,48176852.0,Weekly COGS Merchandise,INV-01250929
104641,"Oct 19, 2025",ST-09,Revenue - Merchandise,-44363200.0,Weekly POS sales Merchandise,POS-09251013
104642,2026-05-31,ST-06,REPAIRS & MAINTENANCE,13897000.0,R&M,RPM-202605
104643,2026-03-31,ST-07,Rent Expense,41857000.0,Store rent,RNT-202603
104644,"Jun 07, 2026",ST-08,Revenue - Beverage,-36235800.0,Weekly POS sales Beverage,POS-08260601
104645,2025-11-30,ST-06,  Utilities ,17892729.0,Electricity & water,UTL-202511
104646,2025-01-31,ST-05,Marketing - Local,11238960.0,Local store marketing,MKT-202501
104647,28/02/2026,ST-09,COGS - Beverage,26463021.0,Weekly COGS Beverage,INV-09260223
104648,21/06/2026,ST-09,Revenue - Food,-72831200.0,Weekly POS sales Food,POS-09260615
104649,"Jan 11, 2026",ST-06,COGS - Food,62512108.0,Weekly COGS Food,INV-06260105
104650,30/06/2026,ST-05,Delivery Platform Commission,37457267.0,Delivery aggregator fees,DLV-202606
104651,"Dec 14, 2025",ST-01,Revenue - Food,-136416000.0,Weekly POS sales Food,POS-01251208
104652,"Mar 08, 2026",ST-06,Revenue - Food,-73125000.0,Weekly POS sales Food,POS-06260302
104653,"Mar 31, 2026",ST-10,Utilities,10467507.0,Electricity & water,UTL-202603
104654,"Apr 30, 2026",ST-03,Revenue - Merchandise,-70965000.0,Weekly POS sales Merchandise,POS-03260427
104655,2025-02-28,ST-01,COGS - Food,90774302.0,Weekly COGS Food,INV-01250224
104656,21/09/2025,ST-09,REVENUE - FOOD,-62566000.0,Weekly POS sales Food,POS-09250915
104657,2026-06-30,ST-08,Utilities,13092258.0,Electricity & water,UTL-202606
104658,2025-07-31,ST-01,Rent Expense,102777000.0,Store rent,RNT-202507
104659,2025-10-31,ST-10,Payroll - Store Staff,39299423.0,Monthly store payroll,PR-202510
104660,"Sep 07, 2026",ST-01,COGS - Food,71831668.0,Weekly COGS Food,INV-01260901
104661,26/04/2026,ST-11,Revenue - Merchandise,-30690000.0,Weekly POS sales Merchandise,POS-11260420
104662,2025-01-26,ST-03,Revenue - Beverage,-99493200.0,Weekly POS sales Beverage,POS-03250120
104663,"Dec 28, 2025",ST-06,Revenue - Beverage,-66655400.0,Weekly POS sales Beverage,POS-06251222
104664,2025-05-25,ST-08,COGS - Merchandise,16139434.0,Weekly COGS Merchandise,INV-08250519
104665,2026-08-31,ST-12,Delivery Platform Commission,18206016.0,Delivery aggregator fees,DLV-202608
104666,2026-03-29,ST-03,Revenue - Food,-113527600.0,Weekly POS sales Food,POS-03260323
104667,2025-09-30,ST-10,Revenue - Beverage,-19332800.0,Weekly POS sales Beverage,POS-10250929
104668,14/06/2026,ST-04,COGS - Beverage,19638510.0,Weekly COGS Beverage,INV-04260608
104669,31/03/2025,ST-01,Revenue - Beverage,-72691500.0,Weekly POS sales Beverage,POS-01250331
104670,2026-03-31,ST-05,Payroll - Store Staff,125596184.0,Monthly store payroll,PR-202603
104671,2025-06-29,ST-08,Revenue - Food,"-39,100,000",Weekly POS sales Food,POS-08250623
104672,2025-02-28,ST-08,COGS - Food,26145020.0,Weekly COGS Food,INV-08250224
104673,2025-04-30,ST-06,Utilities,15582072.0,Electricity & water,UTL-202504
104674,"Mar 30, 2025",ST-08,COGS - Beverage,7164790.0,Weekly COGS Beverage,INV-08250324
104675,"May 17, 2026",ST-04,Revenue - Food,-89246500.0,Weekly POS sales Food,POS-04260511
104676,2025-10-26,ST-02,Revenue - Beverage,-46793400.0,Weekly POS sales Beverage,POS-02251020
104677,"Nov 07, 2025",ST-04,COGS - Beverage,22663782.0,Weekly COGS Beverage,INV-04251101
104678,2025-09-14,ST-05,Revenue - Food,-83500600.0,Weekly POS sales Food,POS-05250908
104679,2025-02-28,ST-05,Revenue - Beverage,-64313000.0,Weekly POS sales Beverage,POS-05250224
104680,2026-03-29,ST-04,COGS - Food,40558710.0,Weekly COGS Food,INV-04260323
104681,"Feb 28, 2026",ST-08,Utilities,12158092.0,Electricity & water,UTL-202602
104682,"May 07, 2026",ST-11,Revenue - Beverage,-38732400.0,Weekly POS sales Beverage,POS-11260501
104683,"Apr 07, 2026",ST-09,COGS - Food,46436041.0,Weekly COGS Food,INV-09260401
104684,2026-09-30,ST-01,Store Supplies,14231514.0,Packaging & supplies,SUP-202609
104685,2026-01-25,ST-05,COGS - Food,46698540.0,Weekly COGS Food,INV-05260119
104686,30/04/2026,ST-01,COGS - Beverage,31079977.0,Weekly COGS Beverage,INV-01260427
104687,2025-10-19,ST-07,COGS - Beverage,11197593.0,Weekly COGS Beverage,INV-07251013
104688,2025-07-20,ST-05,COGS - Merchandise,39608413.0,Weekly COGS Merchandise,INV-05250714
104689,31/05/2026,ST-10,Depreciation - Store Assets,17360000.0,Monthly depreciation,DEP-202605
104690,"Aug 31, 2025",ST-07,Revenue - Beverage,-31958700.0,Weekly POS sales Beverage,POS-07250825
104691,28/09/2025,ST-07,Revenue - Merchandise,-26457900.0,Weekly POS sales Merchandise,POS-07250922
104692,2026-05-31,ST-03,Store Supplies,14765911.0,Packaging & supplies,SUP-202605
104693,30/06/2025,ST-06,Marketing - Local,14805291.0,Local store marketing,MKT-202506
104694,30/09/2026,ST-04,COGS - Merchandise,29236176.0,Weekly COGS Merchandise,INV-04260928
104695,30/06/2026,ST-06,Rent Expense,68453000.0,Store rent,RNT-202606
104696,"Jan 07, 2026",ST-05 ,COGS - Merchandise,38429923.0,Weekly COGS Merchandise,INV-05260101
104697,"Jan 26, 2025",ST-06,COGS - Merchandise,40528251.0,Weekly COGS Merchandise,INV-06250120
104698,2026-04-26,ST-09,Revenue - Merchandise,-49521000.0,Weekly POS sales Merchandise,POS-09260420
104699,21/06/2026,ST-10,COGS - Food,"34,659,547",Weekly COGS Food,INV-10260615
104700,2026-04-26,ST-08,COGS - Food,26794457.0,Weekly COGS Food,INV-08260420
104701,28/12/2025,ST-07,COGS - Beverage,13298873.0,Weekly COGS Beverage,INV-07251222
104702,18/01/2026,ST-01,Revenue - Food,-165875000.0,Weekly POS sales Food,POS-01260112
104703,"May 07, 2026",ST-11,COGS - Beverage,14873472.0,Weekly COGS Beverage,INV-11260501
104704,"Feb 09, 2025",ST-03,COGS - Food,86910303.0,Weekly COGS Food,INV-03250203
104705,"Mar 09, 2025",ST-01,Revenue - Merchandise,-66720600.0,Weekly POS sales Merchandise,POS-01250303
104706,31/12/2025,ST-08,Repairs & Maintenance,10388000.0,R&M,RPM-202512
104707,2025-12-21,ST-01,Revenue - Beverage,-101252000.0,Weekly POS sales Beverage,POS-01251215
104708,15/06/2025,ST-03,COGS - Merchandise,51921475.0,Weekly COGS Merchandise,INV-03250609
104709,"Jul 12, 2026",ST-08,Revenue - Beverage,-37306500.0,Weekly POS sales Beverage,POS-08260706
104710,28/02/2026,ST-06,Rent Expense,70527000.0,Store rent,RNT-202602
104711,2025-12-28,ST-04,Revenue - Beverage,-59029500.0,Weekly POS sales Beverage,POS-04251222
104712,2026-08-31,ST-07,Rent Expense,40972000.0,Store rent,RNT-202608
104713,2026-08-16,ST-09,COGS - Beverage,22544991.0,Weekly COGS Beverage,INV-09260810
104714,"Sep 07, 2026",ST-07,Revenue - Food,-39553100.0,Weekly POS sales Food,POS-07260901
104715,31/05/2025,ST-05,Depreciation - Store Assets,28000000.0,Monthly depreciation,DEP-202505
104716,2025-11-16,ST-05,COGS - Merchandise,31296903.0,Weekly COGS Merchandise,INV-05251110
104717,"Jun 07, 2025",ST-06,COGS - Food,"44,360,254",Weekly COGS Food,INV-06250601
104718,"Apr 30, 2026",ST-09,Revenue - Beverage,-48092200.0,Weekly POS sales Beverage,POS-09260427
104719,2026-06-30,ST-02,Rent Expense,64537000.0,Store rent,RNT-202606
104720,28/09/2025,ST-05,Revenue - Beverage,-59438400.0,Weekly POS sales Beverage,POS-05250922
104721,"Jan 07, 2025",ST-02,COGS - Merchandise,43071638.0,Weekly COGS Merchandise,INV-02250101
104722,"Oct 07, 2025",ST-08,COGS - Food,25966358.0,Weekly COGS Food,INV-08251001
104723,2025-04-20,ST-03,COGS - Food,69660251.0,Weekly COGS Food,INV-03250414
104724,"Aug 07, 2025",ST-01,COGS - Food,76441861.0,Weekly COGS Food,INV-01250801
104725,31/07/2026,ST-04,COGS - Food,57248048.0,Weekly COGS Food,INV-04260727
104726,2025-12-21,ST-09,COGS - Food,54212998.0,Weekly COGS Food,INV-09251215
104727,15/06/2025,ST-02,Revenue - Merchandise,-46257400.0,Weekly POS sales Merchandise,POS-02250609
104728,31/08/2025,ST-04,Repairs & Maintenance,14055000.0,R&M,RPM-202508
104729,"Mar 07, 2025",ST-09,Revenue - Food,-39157200.0,Weekly POS sales Food,POS-09250301
104730,"Feb 07, 2025",ST-08 ,COGS - Food,26493660.0,Weekly COGS Food,INV-08250201
104731,2025-02-28,ST-08,Rent Expense,41557000.0,Store rent,RNT-202502
104732,"Aug 07, 2026",ST-11,Revenue - Beverage,-44362200.0,Weekly POS sales Beverage,POS-11260801
104733,"Nov 09, 2025",ST-08,COGS - Merchandise,22839119.0,Weekly COGS Merchandise,INV-08251103
104734,30/09/2026,ST-05,Rent Expense,68969000.0,Store rent,RNT-202609
104735,"Apr 07, 2025",ST-09,COGS - Food,24472914.0,Weekly COGS Food,INV-09250401
104736,2025-01-19,ST-06,Revenue - Beverage,-67861800.0,Weekly POS sales Beverage,POS-06250113
104737,"Jan 07, 2026",ST-10,Revenue - Beverage,-31140200.0,Weekly POS sales Beverage,POS-10260101
104738,2026-06-21,ST-01,COGS - Food,66133935.0,Weekly COGS Food,INV-01260615
104739,26/04/2026,ST-05,COGS - Food,48875491.0,Weekly COGS Food,INV-05260420
104740,2025-03-30,ST-09,COGS - Beverage,9696039.0,Weekly COGS Beverage,INV-09250324
104741,2026-02-22,ST-05,COGS - Merchandise,42542970.0,Weekly COGS Merchandise,INV-05260216
104742,2025-09-30,ST-06,Payroll - Store Staff,96319632.0,Monthly store payroll,PR-202509
104743,"Jun 07, 2025",ST-04,COGS - Food,44108964.0,Weekly COGS Food,INV-04250601
104744,31/05/2025,ST-01,Revenue - Food,-121766400.0,Weekly POS sales Food,POS-01250526
104745,31/07/2026,ST-04,Marketing - Local,15077989.0,Local store marketing,MKT-202607
104746,"May 07, 2026",ST-05,COGS - BEVERAGE,20620612.0,Weekly COGS Beverage,INV-05260501
104747,31/07/2026,ST-01,Revenue - Food,-137759400.0,Weekly POS sales Food,POS-01260727
104748,"Apr 13, 2025",ST-08,COGS - Food,21705018.0,Weekly COGS Food,INV-08250407
104749,"Apr 07, 2025",ST-06,Revenue - Merchandise,-37872100.0,Weekly POS sales Merchandise,POS-06250401
104750,"Nov 23, 2025",ST-04,COGS - Beverage,17862989.0,Weekly COGS Beverage,INV-04251117
104751,"Aug 17, 2025",ST-01,COGS - BEVERAGE,26840806.0,Weekly COGS Beverage,INV-01250811
104752,2026-01-31,ST-09,Marketing - Local,16352406.0,Local store marketing,MKT-202601
104753,2025-12-31,ST-05,COGS - Food,61750317.0,Weekly COGS Food,INV-05251229
104754,"Jun 15, 2025",ST-03,Revenue - Beverage,-81763200.0,Weekly POS sales Beverage,POS-03250609
104755,28/06/2026,ST-07,COGS - Merchandise,22258582.0,Weekly COGS Merchandise,INV-07260622
104756,"Feb 08, 2026",ST-04,COGS - Beverage,"21,899,688",Weekly COGS Beverage,INV-04260202
104757,"Jan 12, 2025",ST-01,Revenue - Merchandise,-70940100.0,Weekly POS sales Merchandise,POS-01250106
104758,2026-06-21,ST-08,COGS - Food,30452630.0,Weekly COGS Food,INV-08260615
104759,2026-05-31,ST-04,Revenue - Merchandise,-55326900.0,Weekly POS sales Merchandise,POS-04260525
104760,2025-06-30,ST-09,COGS - Food,34588884.0,Weekly COGS Food,INV-09250630
104761,2026-06-30,ST-09,Revenue - Food,-75698700.0,Weekly POS sales Food,POS-09260629
104762,30/06/2026,ST-08,COGS - Food,30690117.0,Weekly COGS Food,INV-08260629
104763,2025-02-28,ST-07,Marketing - Local,7907495.0,Local store marketing,MKT-202502
104764,23/08/2026,ST-10,Revenue - Beverage,-36468800.0,Weekly POS sales Beverage,POS-10260817
104765,2026-04-30,ST-11,Store Supplies,4759986.0,Packaging & supplies,SUP-202604
104766,30/06/2026,ST-08,COGS - Beverage,14209166.0,Weekly COGS Beverage,INV-08260629
104767,2025-06-29,ST-02,Revenue - Food,-85724000.0,Weekly POS sales Food,POS-02250623
104768,"Mar 09, 2025",ST-05,Revenue - Beverage,-46715200.0,Weekly POS sales Beverage,POS-05250303
104769,2025-12-21,ST-07,Revenue - Beverage,-37667800.0,Weekly POS sales Beverage,POS-07251215
104770,"Apr 07, 2025",ST-08,Revenue - Food,-34504600.0,Weekly POS sales Food,POS-08250401
104771,"Sep 07, 2025",ST-01,Revenue - Merchandise,-65247000.0,Weekly POS sales Merchandise,POS-01250901
104772,"Mar 08, 2026",ST-07,Revenue - Food,-49747500.0,Weekly POS sales Food,POS-07260302
104773,13/09/2026,ST-09,COGS - Food,45033930.0,Weekly COGS Food,INV-09260907
104774,"Apr 13, 2025",ST-08,Revenue - Food,-38957200.0,Weekly POS sales Food,POS-08250407
104775,"Jun 30, 2026",ST-01,Rent Expense,108325000.0,Store rent,RNT-202606
104776,"Mar 07, 2026",ST-09,Revenue - Merchandise,-42827200.0,Weekly POS sales Merchandise,POS-09260301
104777,"Apr 12, 2026",ST-04,Revenue - Food,-70964600.0,Weekly POS sales Food,POS-04260406
104778,"Aug 07, 2025",ST-03,COGS - Beverage,25741284.0,Weekly COGS Beverage,INV-03250801
104779,"Aug 09, 2026",ST-04,COGS - Beverage,23900946.0,Weekly COGS Beverage,INV-04260803
104780,2026-06-30,ST-4,Repairs & Maintenance,6081000.0,R&M,RPM-202606
104781,2026-03-22,ST-09,Revenue - Beverage,-62037000.0,Weekly POS sales Beverage,POS-09260316
104782,2025-04-20,ST-06,COGS - Food,43331954.0,Weekly COGS Food,INV-06250414
104783,"May 07, 2026",ST-06,Revenue - Food,-87334200.0,Weekly POS sales Food,POS-06260501
104784,"Mar 08, 2026",ST-04,COGS - Food,40695757.0,Weekly COGS Food,INV-04260302
104785,2026-02-28,ST-09,Depreciation - Store Assets,28000000.0,Monthly depreciation,DEP-202602
104786,18/01/2026,ST-04,Revenue - Food,-100365300.0,Weekly POS sales Food,POS-04260112
104787,16/03/2025,ST-05,Revenue - Beverage,-45551100.0,Weekly POS sales Beverage,POS-05250310
104788,17/05/2026,ST-02,COGS - Beverage,21824457.0,Weekly COGS Beverage,INV-02260511
104789,2025-02-16,ST-03,Revenue - Merchandise,-97157100.0,Weekly POS sales Merchandise,POS-03250210
104790,"Mar 08, 2026",ST-07,COGS - Food,28248954.0,Weekly COGS Food,INV-07260302
104791,29/03/2026,ST-08,Revenue - Merchandise,-27156000.0,Weekly POS sales Merchandise,POS-08260323
104792,"Mar 07, 2025",ST-08,Revenue - Merchandise,-22113200.0,Weekly POS sales Merchandise,POS-08250301
104793,"Apr 19, 2026",ST-06,COGS - Beverage,20320905.0,Weekly COGS Beverage,INV-06260413
104794,2026-07-26,ST-11,COGS - Food,39396312.0,Weekly COGS Food,INV-11260720
104795,2025-05-31,ST-09,Revenue - Merchandise,-27268800.0,Weekly POS sales Merchandise,POS-09250526
104796,"Mar 29, 2026",ST-11,COGS - Merchandise,"15,968,166",Weekly COGS Merchandise,INV-11260323
104797,"Apr 07, 2026",ST-10,REVENUE - MERCHANDISE,-28208800.0,Weekly POS sales Merchandise,POS-10260401
104798,"Nov 07, 2025",ST-04,COGS - Food,51176937.0,Weekly COGS Food,INV-04251101
104799,2025-07-31,ST-02,COGS - Beverage,"16,599,775",Weekly COGS Beverage,INV-02250728
104800,28/06/2026,ST-05,COGS - Beverage,18600739.0,Weekly COGS Beverage,INV-05260622
104801,"Apr 12, 2026",ST-09,COGS - Beverage,"17,152,524",Weekly COGS Beverage,INV-09260406
104802,31/03/2025,ST-08,Repairs & Maintenance,9551000.0,R&M,RPM-202503
104803,2025-04-30,ST-08,Revenue - Food,-29775500.0,Weekly POS sales Food,POS-08250428
104804,2025-07-20,ST-08,Revenue - Beverage,-26434400.0,Weekly POS sales Beverage,POS-08250714
104805,30/03/2025,ST-04,COGS - Merchandise,24681769.0,Weekly COGS Merchandise,INV-04250324
104806,"Apr 12, 2026",ST-04,COGS - Beverage,20517846.0,Weekly COGS Beverage,INV-04260406
104807,"Jul 31, 2025",ST-07,COGS - Merchandise,17933256.0,Weekly COGS Merchandise,INV-07250728
104808,26/10/2025,ST-09,Revenue - Food,-61870000.0,Weekly POS sales Food,POS-09251020
104809,2026-06-28,ST-05,COGS - Food,56534989.0,Weekly COGS Food,INV-05260622
104810,"Oct 12, 2025",ST-05,COGS - Beverage,14657747.0,Weekly COGS Beverage,INV-05251006
104811,"Sep 30, 2025",ST-03,COGS - Beverage,31004034.0,Weekly COGS Beverage,INV-03250929
104812,2026-04-19,ST-11,Revenue - Beverage,-34214400.0,Weekly POS sales Beverage,POS-11260413
104813,22/02/2026,ST-09,Revenue - Food,-94205700.0,Weekly POS sales Food,POS-09260216
104814,2026-04-30,ST-08,Revenue - Food,-50401600.0,Weekly POS sales Food,POS-08260427
104815,2026-05-31,ST-08,Marketing - Local,9840879.0,Local store marketing,MKT-202605
104816,2026-07-19,ST-06,Revenue - Beverage,-55965000.0,Weekly POS sales Beverage,POS-06260713
104817,2025-06-30,ST-08,Payroll - Store Staff,72173892.0,Monthly store payroll,PR-202506
104818,"Feb 07, 2026",ST-02,  COGS - Merchandise ,47707243.0,Weekly COGS Merchandise,INV-02260201
104819,26/10/2025,ST-02,COGS - Beverage,16793119.0,Weekly COGS Beverage,INV-02251020
104820,2025-10-31,ST-06,Depreciation - Store Assets,28000000.0,Monthly depreciation,DEP-202510
104821,28/02/2026,ST-04,Payroll - Store Staff,132668901.0,Monthly store payroll,PR-202602
104822,"Apr 19, 2026",ST-11,Revenue - Merchandise,-27896700.0,Weekly POS sales Merchandise,POS-11260413
104823,"Sep 13, 2026",ST-05,Revenue - Merchandise,-45109500.0,Weekly POS sales Merchandise,POS-05260907
104824,2025-12-31,ST-04,COGS - Food,42467901.0,Weekly COGS Food,INV-04251229
104825,"Nov 09, 2025",ST-10,Revenue - Food,"-34,861,800",Weekly POS sales Food,POS-10251103
104826,"Feb 07, 2026",ST-11,Revenue - Food,-58032800.0,Weekly POS sales Food,POS-11260201
104827,2025-01-31,ST-07,Revenue - Beverage,-33264000.0,Weekly POS sales Beverage,POS-07250127
104828,30/03/2025,ST-09,Revenue - Merchandise,-24524800.0,Weekly POS sales Merchandise,POS-09250324
104829,30/09/2026,ST-07,Revenue - Beverage,-35305600.0,Weekly POS sales Beverage,POS-07260928
104830,23/11/2025,ST-05,Revenue - Merchandise,-45475500.0,Weekly POS sales Merchandise,POS-05251117
104831,2026-01-31,ST-09,Utilities,18032483.0,Electricity & water,UTL-202601
104832,2025-01-31,ST-07,Marketing - Local,4627817.0,Local store marketing,MKT-202501
104833,"May 07, 2026",ST-01,Revenue - Merchandise,-68968800.0,Weekly POS sales Merchandise,POS-01260501
104834,2025-12-31,ST-04,Utilities,17681556.0,Electricity & water,UTL-202512
104835,2025-11-30,ST-06,Rent Expense,68885000.0,Store rent,RNT-202511
104836,"Nov 23, 2025",ST-07,COGS - Beverage,11955777.0,Weekly COGS Beverage,INV-07251117
104837,22/02/2026,ST-02,Revenue - Merchandise,-62403600.0,Weekly POS sales Merchandise,POS-02260216
104838,2026-03-31,ST-03,COGS - Beverage,25943939.0,Weekly COGS Beverage,INV-03260330
104839,2025-07-27,ST-07,COGS - Food,26814897.0,Weekly COGS Food,INV-07250721
104840,"Aug 09, 2026",ST-11,Revenue - Merchandise,-41774900.0,Weekly POS sales Merchandise,POS-11260803
104841,2026-04-30,ST-03,COGS - Food,67940279.0,Weekly COGS Food,INV-03260427
104842,2025-11-30,ST-02,COGS - Merchandise,"37,063,937",Weekly COGS Merchandise,INV-02251124
104843,2025-09-14,ST-10,COGS - Beverage,6969767.0,Weekly COGS Beverage,INV-10250908
104844,2025-06-30,ST-07,Delivery Platform Commission,20955429.0,Delivery aggregator fees,DLV-202506
104845,"Dec 14, 2025",ST-09,COGS - Food,56122753.0,Weekly COGS Food,INV-09251208
104846,"Jul 19, 2026",ST-5,Revenue - Merchandise,-57489600.0,Weekly POS sales Merchandise,POS-05260713
104847,31/05/2026,ST-02 ,Delivery Platform Commission,43528011.0,Delivery aggregator fees,DLV-202605
104848,"Jun 30, 2025",ST-06,Rent Expense,68965000.0,Store rent,RNT-202506
104849,2025-01-31,ST-06,Depreciation - Store Assets,28000000.0,Monthly depreciation,DEP-202501
104850,2026-07-19,ST-03,COGS - Beverage,31019477.0,Weekly COGS Beverage,INV-03260713
104851,"Apr 07, 2026",ST-06,COGS - Food,41640195.0,Weekly COGS Food,INV-06260401
104852,31/08/2026,ST-11,Depreciation - Store Assets,28000000.0,Monthly depreciation,DEP-202608
104853,2026-06-21,ST-03,COGS - Food,74849676.0,Weekly COGS Food,INV-03260615
104854,"Sep 13, 2026",ST-05,COGS - Food,51828689.0,Weekly COGS Food,INV-05260907
104855,"Jan 07, 2026",ST-03,Revenue - Food,-152669400.0,Weekly POS sales Food,POS-03260101
104856,"Jun 14, 2026",ST-05,COGS - Food,49950209.0,Weekly COGS Food,INV-05260608
104857,2026-08-31,ST-07,Revenue - Food,-53638200.0,Weekly POS sales Food,POS-07260831
104858,"Dec 07, 2025",ST-10,Revenue - Merchandise,-25724700.0,Weekly POS sales Merchandise,POS-10251201
104859,2026-05-31,ST-01,PAYROLL - STORE STAFF,156894196.0,Monthly store payroll,PR-202605
104860,"Jun 07, 2025",ST-03,COGS - Food,69758325.0,Weekly COGS Food,INV-03250601
104861,"Nov 16, 2025",ST-01,Revenue - Merchandise,-70552400.0,Weekly POS sales Merchandise,POS-01251110
104862,"Oct 12, 2025",ST-04,COGS - Merchandise,26803555.0,Weekly COGS Merchandise,INV-04251006
104863,2025-06-15,ST-09,  COGS - Merchandise ,23272291.0,Weekly COGS Merchandise,INV-09250609
104864,"May 11, 2025",ST-08,COGS - Food,24101021.0,Weekly COGS Food,INV-08250505
104865,2025-12-28,ST-10,Revenue - Food,-37646700.0,Weekly POS sales Food,POS-10251222
104866,2025-11-16,ST-02,Revenue - Beverage,-59754000.0,Weekly POS sales Beverage,POS-02251110
104867,20/04/2025,ST-01,COGS - Beverage,27824727.0,Weekly COGS Beverage,INV-01250414
104868,2025-11-16,ST-03,COGS - Food,81625797.0,Weekly COGS Food,INV-03251110
104869,2025-02-16,ST-03,COGS - Beverage,35200827.0,Weekly COGS Beverage,INV-03250210
104870,"Mar 07, 2025",ST-07,COGS - Food,24575734.0,Weekly COGS Food,INV-07250301
104871,"Sep 07, 2025",ST-05,COGS - Food,44081664.0,Weekly COGS Food,INV-05250901
104872,"Jan 07, 2025",ST-03,COGS - Beverage,28572727.0,Weekly COGS Beverage,INV-03250101
104873,22/02/2026,ST-03,COGS - Merchandise,"76,267,874",Weekly COGS Merchandise,INV-03260216
104874,2025-07-31,ST-05,Revenue - Merchandise,"-49,962,500",Weekly POS sales Merchandise,POS-05250728
104875,2025-02-16,ST-02,COGS - Food,57038112.0,Weekly COGS Food,INV-02250210
104876,"Jan 12, 2025",ST-04,COGS - Beverage,19915307.0,Weekly COGS Beverage,INV-04250106
104877,2025-09-14,ST-09,Revenue - Merchandise,"-42,594,000",Weekly POS sales Merchandise,POS-09250908
104878,2025-02-28,ST-06,Delivery Platform Commission,48290911.0,Delivery aggregator fees,DLV-202502
104879,"Jul 12, 2026",ST-04,COGS - Merchandise,37653566.0,Weekly COGS Merchandise,INV-04260706
104880,"May 17, 2026",ST-07,Revenue - Merchandise,-28888700.0,Weekly POS sales Merchandise,POS-07260511
104881,2025-02-28,ST-02,Delivery Platform Commission,53100523.0,Delivery aggregator fees,DLV-202502
104882,28/02/2026,ST-11,Store Supplies,3478587.0,Packaging & supplies,SUP-202602
104883,2025-05-31,ST-07,  Marketing - Local ,7794289.0,Local store marketing,MKT-202505
104884,"Nov 30, 2025",ST-04,Delivery Platform Commission,36119384.0,Delivery aggregator fees,DLV-202511
104885,18/05/2025,ST-02,Revenue - Merchandise,-41013000.0,Weekly POS sales Merchandise,POS-02250512
104886,"Feb 07, 2026",ST-10,COGS - Merchandise,23963611.0,Weekly COGS Merchandise,INV-10260201
104887,"Feb 23, 2025",ST-02 ,COGS - Merchandise,40049516.0,Weekly COGS Merchandise,INV-02250217
104888,"Mar 08, 2026",ST-01,COGS - Merchandise,"59,539,395",Weekly COGS Merchandise,INV-01260302
104889,2026-08-31,ST-08,Delivery Platform Commission,36599119.0,Delivery aggregator fees,DLV-202608
104890,20/09/2026,ST-02,COGS - Beverage,18760547.0,Weekly COGS Beverage,INV-02260914
104891,15/03/2026,ST-02,Revenue - Food,-77635300.0,Weekly POS sales Food,POS-02260309
104892,2026-07-31,ST-09,Depreciation - Store Assets,28000000.0,Monthly depreciation,DEP-202607
104893,31/05/2025,ST-09,Rent Expense,72185000.0,Store rent,RNT-202505
104894,"Apr 12, 2026",ST-05,Revenue - Beverage,-51475000.0,Weekly POS sales Beverage,POS-05260406
104895,"Aug 31, 2025",ST-04,COGS - Beverage,20970787.0,Weekly COGS Beverage,INV-04250825
104896,2025-08-31,ST-07,Depreciation - Store Assets,17360000.0,Monthly depreciation,DEP-202508
104897,"Oct 12, 2025",ST-09,COGS - Merchandise,26813791.0,Weekly COGS Merchandise,INV-09251006
104898,2025-04-20,ST-01,COGS - Merchandise,46786700.0,Weekly COGS Merchandise,INV-01250414
104899,"Jun 07, 2025",ST-08,Revenue - Beverage,-25865700.0,Weekly POS sales Beverage,POS-08250601
104900,2026-03-31,ST-03,Depreciation - Store Assets,43400000.0,Monthly depreciation,DEP-202603
104901,"Apr 13, 2025",ST-05,COGS - Food,49084332.0,Weekly COGS Food,INV-05250407
104902,30/09/2025,ST-10,Depreciation - Store Assets,17360000.0,Monthly depreciation,DEP-202509
104903,"Aug 07, 2026",ST-10,COGS - Food,32445787.0,Weekly COGS Food,INV-10260801
104904,2025-01-31,HQ,Interest Expense,"192,856,000",Loan interest,INT-202501
104905,"Dec 07, 2025",ST-03,COGS - Beverage,30881757.0,Weekly COGS Beverage,INV-03251201
104906,"Jun 08, 2025",ST-06,REVENUE - BEVERAGE,-52896000.0,Weekly POS sales Beverage,POS-06250602
104907,"Feb 09, 2025",ST-03,COGS - Merchandise,58184129.0,Weekly COGS Merchandise,INV-03250203
104908,"Oct 07, 2025",ST-05,COGS - Merchandise,31421520.0,Weekly COGS Merchandise,INV-05251001
104909,2026-03-31,ST-02,Store Supplies,10822165.0,Packaging & supplies,SUP-202603
104910,28/02/2026,ST-05 ,Delivery Platform Commission,38997281.0,Delivery aggregator fees,DLV-202602
104911,30/08/2026,ST-10,Revenue - Food,-58093200.0,Weekly POS sales Food,POS-10260824
104912,2025-07-31,ST-05,Delivery Platform Commission,39782761.0,Delivery aggregator fees,DLV-202507
104913,2025-04-27,ST-02,Revenue - Food,-77430000.0,Weekly POS sales Food,POS-02250421
104914,30/08/2026,ST-08,Revenue - Food,-59295000.0,Weekly POS sales Food,POS-08260824
104915,31/12/2025,HQ,Bank Charges,17122000.0,Bank fees,BNK-202512
104916,31/01/2026,ST-07,COGS - Merchandise,26037308.0,Weekly COGS Merchandise,INV-07260126
104917,2025-09-21,ST-07,Revenue - Beverage,-30240000.0,Weekly POS sales Beverage,POS-07250915
104918,2025-06-22,ST-09,COGS - Food,35676204.0,Weekly COGS Food,INV-09250616
104919,"May 10, 2026",ST-05,Revenue - Food,"-86,070,600",Weekly POS sales Food,POS-05260504
104920,31/07/2025,ST-01,Marketing - Local,8210989.0,Local store marketing,MKT-202507
104921,19/01/2025,ST-02,COGS - Merchandise,38932882.0,Weekly COGS Merchandise,INV-02250113
104922,2026-09-27,ST-09,Revenue - Beverage,-52674600.0,Weekly POS sales Beverage,POS-09260921
104923,2026-09-20,ST-09,COGS - Food,47618910.0,Weekly COGS Food,INV-09260914
104924,18/05/2025,ST-07,COGS - Beverage,11955320.0,Weekly COGS Beverage,INV-07250512
104925,2026-05-31,ST-09,Payroll - Store Staff,92314734.0,Monthly store payroll,PR-202605
104926,31/05/2026,ST-09,COGS - Merchandise,38239820.0,Weekly COGS Merchandise,INV-09260525
104927,2025-10-26,ST-06,Revenue - Food,"-78,749,600",Weekly POS sales Food,POS-06251020
104928,2025-06-30,HQ,Office Rent & Admin,98835000.0,HO rent & admin,ADM-202506
104929,31/05/2025,ST-09,Store Supplies,4868440.0,Packaging & supplies,SUP-202505
104930,2026-06-30,ST-03,Revenue - Food,-129447400.0,Weekly POS sales Food,POS-03260629
104931,2026-04-30,ST-10,Payroll - Store Staff,64343722.0,Monthly store payroll,PR-202604
104932,"Aug 07, 2025",ST-08,COGS - Merchandise,20838678.0,Weekly COGS Merchandise,INV-08250801
104933,"Aug 31, 2025",ST-02,Utilities,16076850.0,Electricity & water,UTL-202508
104934,"Mar 09, 2025",ST-03,COGS - Merchandise,51191654.0,Weekly COGS Merchandise,INV-03250303
104935,31/03/2026,ST-01,Depreciation - Store Assets,43400000.0,Monthly depreciation,DEP-202603
104936,2026-03-29,ST-04,COGS - Merchandise,34771100.0,Weekly COGS Merchandise,INV-04260323
104937,22/02/2026,ST-03,COGS - Food,78991624.0,Weekly COGS Food,INV-03260216
104938,14/06/2026,ST-01,COGS - Beverage,31999654.0,Weekly COGS Beverage,INV-01260608
104939,2026-03-31,ST-05,Utilities,17456349.0,Electricity & water,UTL-202603
104940,"Jul 12, 2026",ST-09,REVENUE - MERCHANDISE,-47689000.0,Weekly POS sales Merchandise,POS-09260706
104941,30/04/2025,ST-01,Payroll - Store Staff,151986441.0,Monthly store payroll,PR-202504
104942,"Sep 07, 2026",ST-05,Revenue - Merchandise,-49098800.0,Weekly POS sales Merchandise,POS-05260901
104943,2025-09-28,ST-06,COGS - Beverage,21240659.0,Weekly COGS Beverage,INV-06250922
104944,2025-10-31,ST-02,Repairs & Maintenance,9333000.0,R&M,RPM-202510
104945,2025-02-28,ST-05,COGS - Food,51964578.0,Weekly COGS Food,INV-05250224
104946,"Sep 21, 2025",ST-10,Revenue - Beverage,-19082000.0,Weekly POS sales Beverage,POS-10250915
104947,2025-03-23,ST-05,COGS - Food,40630420.0,Weekly COGS Food,INV-05250317
104948,2025-05-31,ST-06,Payroll - Store Staff,96226752.0,Monthly store payroll,PR-202505
104949,2026-01-31,ST-04,Marketing - Local,19572374.0,Local store marketing,MKT-202601
104950,"Feb 08, 2026",ST-09,Revenue - Merchandise,-66585000.0,Weekly POS sales Merchandise,POS-09260202
104951,28/02/2025,ST-01,Payroll - Store Staff,202901106.0,Monthly store payroll,PR-202502
104952,30/04/2026,ST-02,COGS - Merchandise,39209343.0,Weekly COGS Merchandise,INV-02260427
104953,"Feb 07, 2026",ST-10,Revenue - Beverage,-39926600.0,Weekly POS sales Beverage,POS-10260201
104954,29/03/2026,ST-11,COGS - Beverage,10369374.0,Weekly COGS Beverage,INV-11260323
104955,"Mar 23, 2025",ST-07,Revenue - Beverage,-24375600.0,Weekly POS sales Beverage,POS-07250317
104956,2026-06-30,ST-12,Revenue - Merchandise,-18333000.0,Weekly POS sales Merchandise,POS-12260629
104957,2025-06-30,ST-06,COGS - Merchandise,35631987.0,Weekly COGS Merchandise,INV-06250630
104958,30/06/2025,ST-05,Utilities,18530056.0,Electricity & water,UTL-202506
104959,2026-04-26,ST-07,COGS - Merchandise,22555038.0,Weekly COGS Merchandise,INV-07260420
104960,2026-04-30,ST-10,Revenue - Merchandise,-24968600.0,Weekly POS sales Merchandise,POS-10260427
104961,"Feb 07, 2026",ST-05,COGS - Beverage,21920318.0,Weekly COGS Beverage,INV-05260201
104962,"Jul 07, 2025",ST-07,Revenue - Merchandise,-34791600.0,Weekly POS sales Merchandise,POS-07250701
104963,"Sep 30, 2026",ST-01,Depreciation - Store Assets,43400000.0,Monthly depreciation,DEP-202609
104964,2026-08-31,ST-11,Revenue - Merchandise,-40530000.0,Weekly POS sales Merchandise,POS-11260831
104965,2025-09-28,ST-03,Revenue - Food,-117247200.0,Weekly POS sales Food,POS-03250922
104966,2026-09-20,ST-04,Revenue - Food,-81163800.0,Weekly POS sales Food,POS-04260914
104967,"Feb 07, 2025",ST-02,Revenue - Food,-97758500.0,Weekly POS sales Food,POS-02250201
104968,25/05/2025,ST-05,Revenue - Merchandise,-48402200.0,Weekly POS sales Merchandise,POS-05250519
104969,"Oct 31, 2025",HQ,Office Rent & Admin,98521000.0,HO rent & admin,ADM-202510
104970,"May 31, 2025",ST-02,Revenue - Merchandise,-46833600.0,Weekly POS sales Merchandise,POS-02250526
104971,"Sep 07, 2026",ST-10,Revenue - Beverage,-35688300.0,Weekly POS sales Beverage,POS-10260901
104972,"Aug 10, 2025",ST-10,COGS - Merchandise,10916459.0,Weekly COGS Merchandise,INV-10250804
104973,"Sep 07, 2026",ST-09,COGS - Merchandise,36784361.0,Weekly COGS Merchandise,INV-09260901
104974,2025-02-28,ST-02,Revenue - Food,-118803000.0,Weekly POS sales Food,POS-02250224
104975,2025-04-20,ST-8,COGS - Merchandise,15928107.0,Weekly COGS Merchandise,INV-08250414
104976,"Aug 07, 2026",ST-09,Revenue - Merchandise,-54472600.0,Weekly POS sales Merchandise,POS-09260801
104977,2026-06-28,ST-06,Revenue - Food,-87683200.0,Weekly POS sales Food,POS-06260622
104978,19/01/2025,ST-08,COGS - Beverage,8973127.0,Weekly COGS Beverage,INV-08250113
104979,"Feb 08, 2026",ST-01,  COGS - Beverage ,37342144.0,Weekly COGS Beverage,INV-01260202
104980,2026-05-31,HQ,Bank Charges,15740000.0,Bank fees,BNK-202605
104981,"Apr 07, 2025",ST-04,Revenue - Food,-83338200.0,Weekly POS sales Food,POS-04250401
104982,"Sep 07, 2026",ST-08,COGS - Merchandise,22922663.0,Weekly COGS Merchandise,INV-08260901
104983,31/03/2026,ST-07,Revenue - Merchandise,-29137500.0,Weekly POS sales Merchandise,POS-07260330
104984,"Apr 13, 2025",ST-07,COGS - Beverage,12173476.0,Weekly COGS Beverage,INV-07250407
104985,2026-09-30,ST-04,Utilities,17448160.0,Electricity & water,UTL-202609
104986,2025-11-16,ST-07,COGS - Beverage,13739032.0,Weekly COGS Beverage,INV-07251110
104987,"Aug 31, 2025",ST-04,Revenue - Beverage,-54427200.0,Weekly POS sales Beverage,POS-04250825
104988,"Mar 08, 2026",ST-03,COGS - Beverage,21707798.0,Weekly COGS Beverage,INV-03260302
104989,31/05/2025,ST-02,  COGS - Beverage ,18820381.0,Weekly COGS Beverage,INV-02250526
104990,16/11/2025,,Revenue - Merchandise,-44216500.0,Weekly POS sales Merchandise,POS-09251110
104991,"May 07, 2026",ST-01,Revenue - Food,-120594000.0,Weekly POS sales Food,POS-01260501
104992,"Sep 14, 2025",ST-06,COGS - Beverage,19924620.0,Weekly COGS Beverage,INV-06250908
104993,2025-02-28,ST-03,COGS - Food,74604650.0,Weekly COGS Food,INV-03250224
104994,30/06/2025,ST-03,COGS - Food,63621752.0,Weekly COGS Food,INV-03250630
104995,"Aug 07, 2026",ST-09,COGS - Food,"39,215,405",Weekly COGS Food,INV-09260801
104996,2026-03-31,HQ,Bank Charges,21048000.0,Bank fees,BNK-202603
104997,2025-03-30,ST-04,COGS - Food,45408302.0,Weekly COGS Food,INV-04250324
104998,"Jun 08, 2025",ST-07,COGS - Beverage,11558535.0,Weekly COGS Beverage,INV-07250602
104999,"Jun 07, 2026",ST-06,  COGS - Merchandise ,37593785.0,Weekly COGS Merchandise,INV-06260601
105000,"Jun 07, 2026",ST-09,Revenue - Food,-83086500.0,Weekly POS sales Food,POS-09260601
105001,31/01/2026,ST-01,Rent Expense,107945000.0,Store rent,RNT-202601
105002,"Aug 10, 2025",ST-08,COGS - Beverage,12098062.0,Weekly COGS Beverage,INV-08250804
105003,"Aug 30, 2026",ST-05,COGS - Merchandise,27019011.0,Weekly COGS Merchandise,INV-05260824
105004,"May 07, 2026",ST-03,Revenue - Merchandise,-83030400.0,Weekly POS sales Merchandise,POS-03260501
105005,2026-07-31,ST-05,Revenue - Food,-74286800.0,Weekly POS sales Food,POS-05260727
105006,31/12/2025,ST-05,Repairs & Maintenance,8476000.0,R&M,RPM-202512
105007,"Jun 21, 2026",ST-03,Revenue - Merchandise,-82867000.0,Weekly POS sales Merchandise,POS-03260615
105008,31/03/2025,ST-04,Payroll - Store Staff,115974644.0,Monthly store payroll,PR-202503
105009,2026-07-31,ST-03,Store Supplies,13162664.0,Packaging & supplies,SUP-202607
105010,21/09/2025,ST-08,COGS - Merchandise,23728133.0,Weekly COGS Merchandise,INV-08250915
105011,"Mar 07, 2025",ST-09,Revenue - Merchandise,-23036400.0,Weekly POS sales Merchandise,POS-09250301
105012,"Aug 07, 2026",ST-03,COGS - Food,86907803.0,Weekly COGS Food,INV-03260801
105013,2026-06-30,ST-06,Revenue - Merchandise,-58252800.0,Weekly POS sales Merchandise,POS-06260629
105014,2026-03-22,ST-09,COGS - Food,52690985.0,Weekly COGS Food,INV-09260316
105015,2026-05-31,ST-01,Repairs & Maintenance,7882000.0,R&M,RPM-202605
105016,23/08/2026,ST-10,COGS - Beverage,13007804.0,Weekly COGS Beverage,INV-10260817
105017,2025-11-16,ST-05,Revenue - Merchandise,-42822600.0,Weekly POS sales Merchandise,POS-05251110
105018,"Sep 20, 2026",ST-08,Revenue - Beverage,-37192400.0,Weekly POS sales Beverage,POS-08260914
105019,2026-06-30,ST-12,COGS - Beverage,7362245.0,Weekly COGS Beverage,INV-12260629
105020,2026-05-24,ST-04,COGS - Merchandise,35848281.0,Weekly COGS Merchandise,INV-04260518
105021,"Jul 31, 2026",ST-10,Depreciation - Store Assets,17360000.0,Monthly depreciation,DEP-202607
105022,2025-09-30,ST-09,Marketing - Local,5113252.0,Local store marketing,MKT-202509
105023,"Mar 16, 2025",ST-01,COGS - BEVERAGE,27753162.0,Weekly COGS Beverage,INV-01250310
105024,26/01/2025,ST-01 ,Revenue - Beverage,-82292100.0,Weekly POS sales Beverage,POS-01250120
105025,13/04/2025,ST-07,Revenue - Merchandise,-27657500.0,Weekly POS sales Merchandise,POS-07250407
105026,2025-07-31,ST-01,Depreciation - Store Assets,43400000.0,Monthly depreciation,DEP-202507
105027,2026-03-31,ST-03,COGS - Merchandise,46741816.0,Weekly COGS Merchandise,INV-03260330
105028,2026-02-28,ST-03,Delivery Platform Commission,"71,462,308",Delivery aggregator fees,DLV-202602
105029,"Apr 30, 2026",ST-07,Payroll - Store Staff,67665173.0,Monthly store payroll,PR-202604
105030,2026-02-15,ST-04,Revenue - Merchandise,-60669000.0,Weekly POS sales Merchandise,POS-04260209
105031,14/06/2026,ST-07,COGS - Merchandise,21486903.0,Weekly COGS Merchandise,INV-07260608
105032,2025-08-31,HQ,Interest Expense,177749000.0,Loan interest,INT-202508
105033,2026-09-20,ST-07,Revenue - Food,-49845600.0,Weekly POS sales Food,POS-07260914
105034,18/01/2026,ST-10,COGS - Beverage,12263344.0,Weekly COGS Beverage,INV-10260112
105035,"Nov 07, 2025",ST-04,Revenue - Merchandise,-54111200.0,Weekly POS sales Merchandise,POS-04251101
105036,31/01/2026,ST-07,COGS - Food,34849105.0,Weekly COGS Food,INV-07260126
105037,"Dec 07, 2025",ST-01,COGS - Merchandise,66940565.0,Weekly COGS Merchandise,INV-01251201
105038,2025-03-31,ST-08,COGS - Merchandise,13683160.0,Weekly COGS Merchandise,INV-08250331
105039,"Oct 12, 2025",ST-01,COGS - Beverage,31427365.0,Weekly COGS Beverage,INV-01251006
105040,2026-09-13,ST-12,COGS - Beverage,7235706.0,Weekly COGS Beverage,INV-12260907
105041,28/02/2025,ST-07,Depreciation - Store Assets,"17,360,000",Monthly depreciation,DEP-202502
105042,2025-06-15,ST-07,Revenue - Beverage,-33558000.0,Weekly POS sales Beverage,POS-07250609
105043,"Jul 07, 2025",ST-08,Revenue - Beverage,-29775600.0,Weekly POS sales Beverage,POS-08250701
105044,2025-07-27,ST-02,Revenue - Beverage,-56223900.0,Weekly POS sales Beverage,POS-02250721
105045,2025-11-16,ST-09,COGS - Food,51610915.0,Weekly COGS Food,INV-09251110
105046,"Mar 07, 2026",ST-10,Revenue - Merchandise,-24045600.0,Weekly POS sales Merchandise,POS-10260301
105047,2026-06-30,ST-04,Rent Expense,69636000.0,Store rent,RNT-202606
105048,"Jun 07, 2026",ST-08,COGS - Food,33864571.0,Weekly COGS Food,INV-08260601
105049,2025-11-16,ST-06,COGS - Food,54694812.0,Weekly COGS Food,INV-06251110
105050,"Aug 09, 2026",ST-02,Revenue - Merchandise,-57102000.0,Weekly POS sales Merchandise,POS-02260803
105051,"Jan 07, 2025",ST-04,Revenue - Food,-94730600.0,Weekly POS sales Food,POS-04250101
105052,"Jul 27, 2025",ST-05,COGS - Merchandise,32753332.0,Weekly COGS Merchandise,INV-05250721
105053,19/07/2026,ST-08,Revenue - Food,-49200000.0,Weekly POS sales Food,POS-08260713
105054,2025-03-30,ST-05,COGS - Food,43456045.0,Weekly COGS Food,INV-05250324
105055,2026-09-20,ST-06,Revenue - Beverage,-49597800.0,Weekly POS sales Beverage,POS-06260914
105056,31/01/2026,ST-02,Payroll - Store Staff,122074054.0,Monthly store payroll,PR-202601
105057,"Jul 12, 2026",ST-01,COGS - Merchandise,66114414.0,Weekly COGS Merchandise,INV-01260706
105058,2026-08-31,ST-01,COGS - Food,85998875.0,Weekly COGS Food,INV-01260831
105059,31/01/2026,ST-06,Utilities,22452923.0,Electricity & water,UTL-202601
105060,2025-01-19,ST-08,COGS - Food,23485771.0,Weekly COGS Food,INV-08250113
105061,2025-09-30,ST-04,Revenue - Beverage,-44450700.0,Weekly POS sales Beverage,POS-04250929
105062,"Jun 07, 2026",ST-01,Revenue - Beverage,-88699800.0,Weekly POS sales Beverage,POS-01260601
105063,28/02/2026,HQ,Professional Fees,53922000.0,Audit/legal/consulting,PRF-202602
105064,2026-08-16,ST-03,COGS - Beverage,34175920.0,Weekly COGS Beverage,INV-03260810
105065,2026-08-30,ST-10,COGS - Merchandise,19861131.0,Weekly COGS Merchandise,INV-10260824
105066,26/10/2025,ST-03,Revenue - Merchandise,-70129800.0,Weekly POS sales Merchandise,POS-03251020
105067,2025-12-31,ST-04,COGS - Beverage,22111539.0,Weekly COGS Beverage,INV-04251229
105068,21/12/2025,ST-07 ,COGS - Food,40976638.0,Weekly COGS Food,INV-07251215
105069,28/09/2025,ST-04,Revenue - Food,"-73,584,100",Weekly POS sales Food,POS-04250922
105070,"Jan 07, 2026",ST-10,COGS - Merchandise,18607989.0,Weekly COGS Merchandise,INV-10260101
105071,"Sep 07, 2026",ST-02,Revenue - Merchandise,-56950400.0,Weekly POS sales Merchandise,POS-02260901
105072,31/07/2025,ST-02,Revenue - Beverage,-46789000.0,Weekly POS sales Beverage,POS-02250728
105073,"May 07, 2025",ST-09,COGS - Merchandise,20900145.0,Weekly COGS Merchandise,INV-09250501
105074,2025-12-31,ST-07,Payroll - Store Staff,79990940.0,Monthly store payroll,PR-202512
105075,"Sep 07, 2026",ST-01,COGS - Beverage,28654264.0,Weekly COGS Beverage,INV-01260901
105076,2026-02-28,ST-03,Repairs & Maintenance,5520000.0,R&M,RPM-202602
105077,"Jun 07, 2026",ST-08,COGS - Merchandise,23621804.0,Weekly COGS Merchandise,INV-08260601
105078,31/10/2025,ST-07,COGS - Food,25178639.0,Weekly COGS Food,INV-07251027
105079,2026-01-31,ST-02,Marketing - Local,8574632.0,Local store marketing,MKT-202601
105080,"Sep 13, 2026",ST-10,Revenue - Beverage,-32910700.0,Weekly POS sales Beverage,POS-10260907
105081,21/12/2025,ST-06,COGS - Merchandise,36939997.0,Weekly COGS Merchandise,INV-06251215
105082,"Apr 19, 2026",ST-02,Revenue - Merchandise,-42301600.0,Weekly POS sales Merchandise,POS-02260413
105083,2026-06-28,ST-06,COGS - Merchandise,35351791.0,Weekly COGS Merchandise,INV-06260622
105084,2025-12-31,ST-10,Revenue - Merchandise,-26700800.0,Weekly POS sales Merchandise,POS-10251229
105085,"Mar 31, 2026",ST-10,Depreciation - Store Assets,17360000.0,Monthly depreciation,DEP-202603
105086,"Sep 07, 2026",ST-11,COGS - Merchandise,33099203.0,Weekly COGS Merchandise,INV-11260901
105087,"Apr 07, 2026",ST-01,Revenue - Beverage,-90880000.0,Weekly POS sales Beverage,POS-01260401
105088,2026-09-27,ST-07,COGS - Merchandise,22239162.0,Weekly COGS Merchandise,INV-07260921
105089,"May 24, 2026",ST-03,COGS - Merchandise,56025471.0,Weekly COGS Merchandise,INV-03260518
105090,21/12/2025,ST-06,COGS - Beverage,25514389.0,Weekly COGS Beverage,INV-06251215
105091,2025-06-22,ST-08,COGS - Merchandise,19898561.0,Weekly COGS Merchandise,INV-08250616
105092,"Apr 07, 2025",ST-05,COGS - Beverage,19624785.0,Weekly COGS Beverage,INV-05250401
105093,2025-11-16,ST-10,Revenue - Merchandise,-23906700.0,Weekly POS sales Merchandise,POS-10251110
105094,"Jun 08, 2025",ST-01,Revenue - Beverage,-74268400.0,Weekly POS sales Beverage,POS-01250602
105095,2026-03-22,ST-11,Revenue - Food,-41395200.0,Weekly POS sales Food,POS-11260316
105096,2026-09-27,ST-03,COGS - Food,62611528.0,Weekly COGS Food,INV-03260921
105097,30/06/2025,ST-07,Utilities,11357877.0,Electricity & water,UTL-202506
105098,2025-03-31,ST-01,Repairs & Maintenance,9528000.0,R&M,RPM-202503
105099,"Jun 07, 2025",ST-08,COGS - Merchandise,18090420.0,Weekly COGS Merchandise,INV-08250601
105100,31/01/2026,ST-10,Payroll - Store Staff,62332936.0,Monthly store payroll,PR-202601
105101,29/06/2025,ST-09,Revenue - Merchandise,-30508800.0,Weekly POS sales Merchandise,POS-09250623
105102,2025-07-20,ST-01,COGS - Food,72140976.0,Weekly COGS Food,INV-01250714
105103,"Feb 07, 2026",ST-05,Revenue - Food,-109321900.0,Weekly POS sales Food,POS-05260201
105104,"Mar 07, 2026",ST-01,COGS - Merchandise,50182763.0,Weekly COGS Merchandise,INV-01260301
105105,2026-08-31,HQ,  Bank Charges ,17699000.0,Bank fees,BNK-202608
105106,"Feb 07, 2025",ST-07 ,Revenue - Beverage,-31719600.0,Weekly POS sales Beverage,POS-07250201
105107,2025-03-31,ST-02,Revenue - Merchandise,-42451500.0,Weekly POS sales Merchandise,POS-02250331
105108,30/09/2026,ST-07,Marketing - Local,6123081.0,Local store marketing,MKT-202609
105109,31/07/2025,ST-06,Repairs & Maintenance,13291000.0,R&M,RPM-202507
105110,2025-03-30,ST-06,COGS - Food,41921321.0,Weekly COGS Food,INV-06250324
105111,31/05/2026,ST-08,Repairs & Maintenance,5808000.0,R&M,RPM-202605
105112,2025-08-31,ST-01,Utilities,23691159.0,Electricity & water,UTL-202508
105113,20/04/2025,ST-07,Revenue - Merchandise,-26252800.0,Weekly POS sales Merchandise,POS-07250414
105114,20/07/2025,ST-08,Revenue - Food,-45722800.0,Weekly POS sales Food,POS-08250714
105115,2025-02-28,,COGS - Beverage,37128934.0,Weekly COGS Beverage,INV-01250224
105116,2026-04-30,ST-11,COGS - Food,30965491.0,Weekly COGS Food,INV-11260427
105117,2025-12-31,ST-07,Revenue - Beverage,-35591400.0,Weekly POS sales Beverage,POS-07251229
105118,13/09/2026,,Revenue - Food,"-135,421,700",Weekly POS sales Food,POS-01260907
105119,2026-03-22,ST-04,COGS - Beverage,20407182.0,Weekly COGS Beverage,INV-04260316
105120,2026-04-30,ST-07,Marketing - Local,8630793.0,Local store marketing,MKT-202604
105121,2026-03-31,ST-01,Revenue - Merchandise,-77463000.0,Weekly POS sales Merchandise,POS-01260330
105122,31/05/2025,ST-09,Payroll - Store Staff,64738535.0,Monthly store payroll,PR-202505
105123,2025-07-13,ST-01,COGS - Food,84100572.0,Weekly COGS Food,INV-01250707
105124,26/10/2025,ST-09,COGS - Food,35500788.0,Weekly COGS Food,INV-09251020
105125,"Feb 09, 2025",ST-05,Revenue - Food,-110448000.0,Weekly POS sales Food,POS-05250203
105126,2026-03-22,ST-06,Revenue - Beverage,-46935000.0,Weekly POS sales Beverage,POS-06260316
105127,"Aug 23, 2026",ST-06,Revenue - Beverage,-56619600.0,Weekly POS sales Beverage,POS-06260817
105128,26/04/2026,ST-03,Revenue - Food,-128217600.0,Weekly POS sales Food,POS-03260420
105129,"Dec 07, 2025",ST-02,COGS - Beverage,21689351.0,Weekly COGS Beverage,INV-02251201
105130,2026-08-31,ST-01,Revenue - Merchandise,-62622700.0,Weekly POS sales Merchandise,POS-01260831
105131,"Feb 07, 2025",ST-03,Revenue - Merchandise,-89884000.0,Weekly POS sales Merchandise,POS-03250201
105132,15/03/2026,ST-01,COGS - Food,65713057.0,Weekly COGS Food,INV-01260309
105133,2026-05-31,ST-02,Marketing - Local,15377117.0,Local store marketing,MKT-202605
105134,"May 25, 2025",ST-04,Revenue - Food,-85662400.0,Weekly POS sales Food,POS-04250519
105135,"Nov 07, 2025",ST-09,Revenue - Food,-72241600.0,Weekly POS sales Food,POS-09251101
105136,15/06/2025,ST-05,Revenue - Merchandise,-53088000.0,Weekly POS sales Merchandise,POS-05250609
105137,"Jul 31, 2025",ST-05,COGS - Beverage,17669628.0,Weekly COGS Beverage,INV-05250728
105138,2025-06-30,ST-08,Store Supplies,4858736.0,Packaging & supplies,SUP-202506
105139,21/12/2025,ST-10,COGS - Food,25469502.0,Weekly COGS Food,INV-10251215
105140,21/06/2026,ST-05,COGS - Food,56720809.0,Weekly COGS Food,INV-05260615
105141,2026-08-31,ST-12,Repairs & Maintenance,13599000.0,R&M,RPM-202608
105142,2026-03-31,ST-08,Store Supplies,5304942.0,Packaging & supplies,SUP-202603
105143,"Sep 07, 2026",ST-06,COGS - Food,48703851.0,Weekly COGS Food,INV-06260901
105144,2026-05-24,ST-10,Revenue - Merchandise,-31400200.0,Weekly POS sales Merchandise,POS-10260518
105145,23/03/2025,ST-03,COGS - Food,71772150.0,Weekly COGS Food,INV-03250317
105146,14/09/2025,ST-02,COGS - Food,38996051.0,Weekly COGS Food,INV-02250908
105147,"Oct 12, 2025",ST-07,COGS - Food,30886710.0,Weekly COGS Food,INV-07251006
105148,2026-06-21,ST-08,Revenue - Food,-50201600.0,Weekly POS sales Food,POS-08260615
105149,31/03/2025,ST-02,Utilities,17898648.0,Electricity & water,UTL-202503
105150,2026-09-13,ST-04,COGS - Merchandise,32252560.0,Weekly COGS Merchandise,INV-04260907
105151,"Sep 30, 2025",ST-08,Revenue - Merchandise,-28644000.0,Weekly POS sales Merchandise,POS-08250929
105152,2025-07-27,ST-06,Revenue - Merchandise,-50414000.0,Weekly POS sales Merchandise,POS-06250721
105153,"Sep 07, 2025",ST-01,COGS - Food,67445856.0,Weekly COGS Food,INV-01250901
105154,"Aug 10, 2025",ST-07,Revenue - Beverage,-34262600.0,Weekly POS sales Beverage,POS-07250804
105155,"Jul 12, 2026",ST-03,Revenue - Beverage,-98820000.0,Weekly POS sales Beverage,POS-03260706
105156,"Mar 15, 2026",ST-03,Revenue - Beverage,-75011200.0,Weekly POS sales Beverage,POS-03260309
105157,2026-09-30,ST-02,Payroll - Store Staff,113340267.0,Monthly store payroll,PR-202609
105158,"Aug 30, 2026",ST-04,Revenue - Food,-78869000.0,Weekly POS sales Food,POS-04260824
105159,31/03/2025,HQ,IT & Software,78886000.0,SaaS & IT,ITS-202503
105160,2025-10-31,ST-09,Payroll - Store Staff,94748020.0,Monthly store payroll,PR-202510
105161,2026-04-30,ST-10,COGS - Beverage,10229793.0,Weekly COGS Beverage,INV-10260427
105162,"Aug 09, 2026",ST-09,Revenue - Merchandise,-58671000.0,Weekly POS sales Merchandise,POS-09260803
105163,"Nov 30, 2025",ST-05,Payroll - Store Staff,111367960.0,Monthly store payroll,PR-202511
105164,"Jun 30, 2025",ST-04,Revenue - Beverage,-51891500.0,Weekly POS sales Beverage,POS-04250630
105165,2025-07-31,ST-09,Payroll - Store Staff,88451028.0,Monthly store payroll,PR-202507
105166,"Jun 07, 2025",ST-07,COGS - Beverage,13480386.0,Weekly COGS Beverage,INV-07250601
105167,"Jun 22, 2025",ST-06,Revenue - Merchandise,-50123700.0,Weekly POS sales Merchandise,POS-06250616
105168,"Jun 30, 2026",ST-12,Delivery Platform Commission,14077066.0,Delivery aggregator fees,DLV-202606
105169,2025-07-31,ST-09,Depreciation - Store Assets,28000000.0,Monthly depreciation,DEP-202507
105170,2025-09-28,ST-05,COGS - Merchandise,"33,617,770",Weekly COGS Merchandise,INV-05250922
105171,25/01/2026,ST-06,COGS - Food,55295676.0,Weekly COGS Food,INV-06260119
105172,2025-06-30,ST-09,Utilities,15208820.0,Electricity & water,UTL-202506
105173,31/01/2025,ST-01,Rent Expense,102515000.0,Store rent,RNT-202501
105174,2025-09-21,ST-06,Revenue - Food,-83893700.0,Weekly POS sales Food,POS-06250915
105175,2025-12-28,ST-08,COGS - Beverage,15744849.0,Weekly COGS Beverage,INV-08251222
105176,2026-02-28,ST-10,COGS - Merchandise,20754819.0,Weekly COGS Merchandise,INV-10260223
105177,2026-01-31,ST-05,COGS - Merchandise,35575461.0,Weekly COGS Merchandise,INV-05260126
105178,"Sep 13, 2026",ST-12,Revenue - Beverage,-19237600.0,Weekly POS sales Beverage,POS-12260907
105179,18/05/2025,ST-08,  COGS - Food ,20352819.0,Weekly COGS Food,INV-08250512
105180,"Jan 11, 2026",ST-09,Revenue - Food,-105678700.0,Weekly POS sales Food,POS-09260105
105181,2025-09-30,HQ,Interest Expense,170952000.0,Loan interest,INT-202509
105182,"Mar 09, 2025",ST-03,COGS - Beverage,30376184.0,Weekly COGS Beverage,INV-03250303
105183,31/07/2026,ST-12,Revenue - Food,-35105400.0,Weekly POS sales Food,POS-12260727
105184,"Oct 07, 2025",ST-01 ,Revenue - Food,-119454300.0,Weekly POS sales Food,POS-01251001
105185,27/09/2026,ST-01,COGS - Beverage,32221477.0,Weekly COGS Beverage,INV-01260921
105186,2025-06-22,ST-05,COGS - Food,44145832.0,Weekly COGS Food,INV-05250616
105187,"Jan 12, 2025",ST-05,COGS - Merchandise,40878425.0,Weekly COGS Merchandise,INV-05250106
105188,31/03/2026,ST-06,COGS - Beverage,17316061.0,Weekly COGS Beverage,INV-06260330
105189,21/12/2025,ST-01,COGS - Merchandise,58002702.0,Weekly COGS Merchandise,INV-01251215
105190,"Mar 07, 2026",ST-02,Revenue - Merchandise,-45932500.0,Weekly POS sales Merchandise,POS-02260301
105191,2025-09-30,ST-08,COGS - Beverage,12963110.0,Weekly COGS Beverage,INV-08250929
105192,2025-08-31,ST-10,COGS - Beverage,5855078.0,Weekly COGS Beverage,INV-10250825
105193,"Mar 07, 2025",ST-08,COGS - Merchandise,15173520.0,Weekly COGS Merchandise,INV-08250301
105194,"Jul 13, 2025",ST-05,Revenue - Food,-88780800.0,Weekly POS sales Food,POS-05250707
105195,"Dec 07, 2025",ST-07,Revenue - Merchandise,-36042600.0,Weekly POS sales Merchandise,POS-07251201
105196,2025-04-30,ST-07,Revenue - Merchandise,-29328000.0,Weekly POS sales Merchandise,POS-07250428
105197,2025-03-31,ST-02,Revenue - Food,-63000600.0,Weekly POS sales Food,POS-02250331
105198,2025-10-31,HQ,Depreciation - HO Assets,44956000.0,HO depreciation,DEP-HO-202510
105199,15/03/2026,ST-10,COGS - Merchandise,21147296.0,Weekly COGS Merchandise,INV-10260309
105200,2025-11-23,ST-07,COGS - Food,28891164.0,Weekly COGS Food,INV-07251117
105201,2026-06-14,ST-03,COGS - Beverage,33164536.0,Weekly COGS Beverage,INV-03260608
105202,30/11/2025,ST-05,Utilities,14862797.0,Electricity & water,UTL-202511
105203,28/02/2026,ST-08,COGS - Merchandise,24910139.0,Weekly COGS Merchandise,INV-08260223
105204,2026-06-21,ST-04,  COGS - Food ,52379282.0,Weekly COGS Food,INV-04260615
105205,"Sep 07, 2026",ST-02,Revenue - Food,-85434000.0,Weekly POS sales Food,POS-02260901
105206,31/01/2025,ST-02,Revenue - Beverage,-58384000.0,Weekly POS sales Beverage,POS-02250127
105207,25/01/2026,ST-04,Revenue - Food,-101367000.0,Weekly POS sales Food,POS-04260119
105208,"Feb 07, 2025",ST-07,COGS - Merchandise,20968675.0,Weekly COGS Merchandise,INV-07250201
105209,2025-04-13,ST-08,Revenue - Merchandise,-21244000.0,Weekly POS sales Merchandise,POS-08250407
105210,30/06/2026,ST-01,COGS - Beverage,37182102.0,Weekly COGS Beverage,INV-01260629
105211,2025-12-14,ST-01,COGS - Merchandise,74344304.0,Weekly COGS Merchandise,INV-01251208
105212,2026-05-24,ST-05,Revenue - Merchandise,-49740800.0,Weekly POS sales Merchandise,POS-05260518
105213,2026-03-22,ST-07,Revenue - Merchandise,-29481400.0,Weekly POS sales Merchandise,POS-07260316
105214,"Mar 09, 2025",ST-06,Revenue - Merchandise,-36332300.0,Weekly POS sales Merchandise,POS-06250303
105215,2026-02-22,ST-08,COGS - Beverage,14791636.0,Weekly COGS Beverage,INV-08260216
105216,13/04/2025,ST-02,Revenue - Food,-75088000.0,Weekly POS sales Food,POS-02250407
105217,"Oct 26, 2025",ST-03,Revenue - Beverage,-88284900.0,Weekly POS sales Beverage,POS-03251020
105218,2025-09-30,ST-07,Revenue - Merchandise,"-31,315,900",Weekly POS sales Merchandise,POS-07250929
105219,"Mar 09, 2025",ST-04,Revenue - Merchandise,-50508000.0,Weekly POS sales Merchandise,POS-04250303
105220,"Jan 07, 2025",ST-04,COGS - Food,53716572.0,Weekly COGS Food,INV-04250101
105221,14/06/2026,ST-08,Revenue - Food,-43581200.0,Weekly POS sales Food,POS-08260608
105222,31/07/2026,ST-08,Revenue - Merchandise,-32050800.0,Weekly POS sales Merchandise,POS-08260727
105223,2025-05-18,ST-02,Revenue - Beverage,-50752200.0,Weekly POS sales Beverage,POS-02250512
105224,"Apr 30, 2026",ST-09,Revenue - Food,-74399000.0,Weekly POS sales Food,POS-09260427
105225,28/12/2025,ST-07,Revenue - Beverage,-37307800.0,Weekly POS sales Beverage,POS-07251222
105226,2025-12-31,ST-10,Marketing - Local,7336900.0,Local store marketing,MKT-202512
105227,2025-02-16,ST-03,COGS - Merchandise,72007108.0,Weekly COGS Merchandise,INV-03250210
105228,31/07/2026,ST-01,Repairs & Maintenance,10632000.0,R&M,RPM-202607
105229,"Apr 12, 2026",ST-09,COGS - Merchandise,33334689.0,Weekly COGS Merchandise,INV-09260406
105230,"Mar 09, 2025",,COGS - Beverage,19368617.0,Weekly COGS Beverage,INV-02250303
105231,2025-05-18,ST-07,Revenue - Beverage,-33589600.0,Weekly POS sales Beverage,POS-07250512
105232,2025-10-31,ST-10,Repairs & Maintenance,4768000.0,R&M,RPM-202510
105233,"Mar 22, 2026",ST-10,Revenue - Beverage,-23522600.0,Weekly POS sales Beverage,POS-10260316
105234,"Dec 31, 2025",HQ,Depreciation - HO Assets,43155000.0,HO depreciation,DEP-HO-202512
105235,31/08/2025,ST-06,Revenue - Food,-89298000.0,Weekly POS sales Food,POS-06250825
105236,2026-09-30,ST-06,Depreciation - Store Assets,28000000.0,Monthly depreciation,DEP-202609
105237,31/05/2025,ST-06,Store Supplies,7572242.0,Packaging & supplies,SUP-202505
105238,"Nov 09, 2025",ST-05,Revenue - Beverage,-59120600.0,Weekly POS sales Beverage,POS-05251103
105239,"Aug 07, 2025",ST-08,Revenue - Beverage,-33397900.0,Weekly POS sales Beverage,POS-08250801
105240,19/07/2026,ST-11,COGS - Beverage,14559985.0,Weekly COGS Beverage,INV-11260713
105241,"Mar 29, 2026",ST-11,COGS - Food,26331880.0,Weekly COGS Food,INV-11260323
105242,2025-02-28,ST-07,Utilities,10804205.0,Electricity & water,UTL-202502
105243,"Sep 20, 2026",ST-06,Revenue - Merchandise,-43175400.0,Weekly POS sales Merchandise,POS-06260914
105244,"Sep 30, 2025",ST-05,COGS - Food,50818489.0,Weekly COGS Food,INV-05250929
105245,30/11/2025,ST-02,Revenue - Food,-87516000.0,Weekly POS sales Food,POS-02251124
105246,30/04/2026,ST-11,Rent Expense,67560000.0,Store rent,RNT-202604
105247,2025-06-30,ST-08,Rent Expense,42715000.0,Store rent,RNT-202506
105248,"Sep 30, 2026",ST-10,Depreciation - Store Assets,17360000.0,Monthly depreciation,DEP-202609
105249,2026-06-30,ST-03,Store Supplies,13674880.0,Packaging & supplies,SUP-202606
105250,"Jun 22, 2025",ST-06,COGS - Merchandise,37147218.0,Weekly COGS Merchandise,INV-06250616
105251,2026-01-25,ST-02,COGS - Merchandise,34506433.0,Weekly COGS Merchandise,INV-02260119
105252,31/07/2026,ST-11,Revenue - Food,-70863000.0,Weekly POS sales Food,POS-11260727
105253,"Nov 09, 2025",ST-03,Revenue - Food,-142100000.0,Weekly POS sales Food,POS-03251103
105254,19/07/2026,ST-09,COGS - Merchandise,34473127.0,Weekly COGS Merchandise,INV-09260713
105255,31/08/2026,ST-02,Store Supplies,11542917.0,Packaging & supplies,SUP-202608
105256,"Aug 31, 2025",ST-06,COGS - Beverage,19682014.0,Weekly COGS Beverage,INV-06250825
105257,2026-09-27,ST-05,Revenue - Merchandise,-47494800.0,Weekly POS sales Merchandise,POS-05260921
105258,"Jan 07, 2026",ST-05,Revenue - Merchandise,-53448800.0,Weekly POS sales Merchandise,POS-05260101
105259,"May 11, 2025",ST-06,Revenue - Food,-73893600.0,Weekly POS sales Food,POS-06250505
105260,"May 07, 2026",ST-05,COGS - Food,50708546.0,Weekly COGS Food,INV-05260501
105261,"Feb 28, 2026",ST-11,Rent Expense,62705000.0,Store rent,RNT-202602
105262,30/03/2025,ST-05,Revenue - Beverage,-54324400.0,Weekly POS sales Beverage,POS-05250324
105263,"Jun 07, 2026",ST-07,Revenue - Beverage,-33665800.0,Weekly POS sales Beverage,POS-07260601
105264,2025-10-19,ST-05,COGS - Merchandise,35052732.0,Weekly COGS Merchandise,INV-05251013
105265,2026-03-29,ST-02,COGS - Beverage,19551635.0,Weekly COGS Beverage,INV-02260323
105266,31/10/2025,ST-05,Delivery Platform Commission,37211747.0,Delivery aggregator fees,DLV-202510
105267,"Jun 07, 2026",ST-07,Revenue - Food,-48232800.0,Weekly POS sales Food,POS-07260601
105268,"Oct 07, 2025",ST-08,COGS - Merchandise,22030971.0,Weekly COGS Merchandise,INV-08251001
105269,2026-03-22,ST-08,COGS - Food,"26,929,572",Weekly COGS Food,INV-08260316
105270,2025-05-31,ST-05,Marketing - Local,16507964.0,Local store marketing,MKT-202505
105271,"Feb 07, 2026",ST-04,Revenue - Beverage,-58548000.0,Weekly POS sales Beverage,POS-04260201
105272,2025-07-27,ST-07,Revenue - Food,-47018400.0,Weekly POS sales Food,POS-07250721
105273,2026-09-20,ST-09,COGS - Merchandise,32089631.0,Weekly COGS Merchandise,INV-09260914
105274,2026-03-22,ST-08,COGS - Merchandise,21952150.0,Weekly COGS Merchandise,INV-08260316
105275,"Feb 08, 2026",ST-03,COGS - MERCHANDISE,72557534.0,Weekly COGS Merchandise,INV-03260202
105276,30/04/2026,ST-04,Revenue - Food,-82106600.0,Weekly POS sales Food,POS-04260427
105277,"May 11, 2025",ST-01,COGS - Food,74911824.0,Weekly COGS Food,INV-01250505
105278,30/08/2026,ST-04,COGS - Merchandise,36279545.0,Weekly COGS Merchandise,INV-04260824
105279,31/03/2026,ST-06,Payroll - Store Staff,135416702.0,Monthly store payroll,PR-202603
105280,2025-01-31,ST-05,COGS - Merchandise,33838695.0,Weekly COGS Merchandise,INV-05250127
105281,2026-07-31,HQ,Office Rent & Admin,110885000.0,HO rent & admin,ADM-202607
105282,20/09/2026,ST-05,Revenue - Food,-86548000.0,Weekly POS sales Food,POS-05260914
105283,30/09/2026,ST-09,Store Supplies,7994638.0,Packaging & supplies,SUP-202609
105284,23/08/2026,ST-08,COGS - Food,37852033.0,Weekly COGS Food,INV-08260817
105285,"Dec 07, 2025",ST-05,COGS - Beverage,22293511.0,Weekly COGS Beverage,INV-05251201
105286,2025-02-28,ST-06,  Rent Expense ,65471000.0,Store rent,RNT-202502
105287,"Feb 28, 2025",ST-04,Store Supplies,11191409.0,Packaging & supplies,SUP-202502
105288,"Feb 16, 2025",ST-05,Revenue - Beverage,-58326400.0,Weekly POS sales Beverage,POS-05250210
105289,2025-06-22,ST-04,COGS - Beverage,17955258.0,Weekly COGS Beverage,INV-04250616
105290,23/02/2025,ST-04,COGS - Food,49691748.0,Weekly COGS Food,INV-04250217
105291,2025-04-13,ST-02,COGS - Food,43595752.0,Weekly COGS Food,INV-02250407
105292,2026-05-24,ST-03,COGS - Beverage,32798713.0,Weekly COGS Beverage,INV-03260518
105293,2026-06-30,ST-08,Revenue - Food,-52030800.0,Weekly POS sales Food,POS-08260629
105294,31/03/2026,HQ,Office Rent & Admin,103310000.0,HO rent & admin,ADM-202603
105295,"Sep 07, 2025",ST-02,COGS - Food,49522397.0,Weekly COGS Food,INV-02250901
105296,15/06/2025,ST-04,Revenue - Food,-87024000.0,Weekly POS sales Food,POS-04250609
105297,"Jun 08, 2025",ST-01,Revenue - Merchandise,-85125300.0,Weekly POS sales Merchandise,POS-01250602
105298,2025-09-21,ST-10,Revenue - Merchandise,-16542000.0,Weekly POS sales Merchandise,POS-10250915
105299,2026-06-30,ST-02,Delivery Platform Commission,26964208.0,Delivery aggregator fees,DLV-202606
105300,2026-05-24,ST-04,COGS - Food,52303274.0,Weekly COGS Food,INV-04260518
105301,30/09/2025,ST-08,COGS - Food,30617143.0,Weekly COGS Food,INV-08250929
105302,"Sep 30, 2026",ST-11,Store Supplies,7628570.0,Packaging & supplies,SUP-202609
105303,"Jun 30, 2026",HQ,IT & Software,92565000.0,SaaS & IT,ITS-202606
105304,2025-03-23,ST-03,Revenue - Food,-125517600.0,Weekly POS sales Food,POS-03250317
105305,18/01/2026,ST-08,COGS - Merchandise,27394731.0,Weekly COGS Merchandise,INV-08260112
105306,"Jun 28, 2026",ST-06,COGS - Beverage,21966140.0,Weekly COGS Beverage,INV-06260622
105307,2026-08-30,ST-01,Revenue - Food,-131853200.0,Weekly POS sales Food,POS-01260824
105308,31/01/2026,ST-4,Store Supplies,10565782.0,Packaging & supplies,SUP-202601
105309,2025-12-21,ST-09,  COGS - Beverage ,22242898.0,Weekly COGS Beverage,INV-09251215
105310,"Nov 07, 2025",ST-04,Revenue - Food,-82855800.0,Weekly POS sales Food,POS-04251101
105311,"Feb 08, 2026",ST-02,COGS - Merchandise,40697373.0,Weekly COGS Merchandise,INV-02260202
105312,2025-03-31,ST-07,Store Supplies,4214359.0,Packaging & supplies,SUP-202503
105313,2026-02-28,ST-03,COGS - Merchandise,76497845.0,Weekly COGS Merchandise,INV-03260223
105314,2025-09-14,ST-10,COGS - Food,16061860.0,Weekly COGS Food,INV-10250908
105315,2026-07-19,ST-05,COGS - Food,53321052.0,Weekly COGS Food,INV-05260713
105316,2025-01-31,ST-02,Depreciation - Store Assets,28000000.0,Monthly depreciation,DEP-202501
105317,"Apr 07, 2025",ST-02,COGS - MERCHANDISE,"40,028,641",Weekly COGS Merchandise,INV-02250401
105318,2025-05-31,ST-04,Utilities,10371809.0,Electricity & water,UTL-202505
105319,"May 07, 2025",ST-08,COGS - Beverage,9322478.0,Weekly COGS Beverage,INV-08250501
105320,"Aug 09, 2026",ST-06,COGS - Beverage,20769551.0,Weekly COGS Beverage,INV-06260803
105321,"Jul 27, 2025",ST-05,Revenue - Food,-87609000.0,Weekly POS sales Food,POS-05250721
105322,"Jun 07, 2026",ST-05,COGS - Food,48252646.0,Weekly COGS Food,INV-05260601
105323,30/06/2026,ST-07,Depreciation - Store Assets,17360000.0,Monthly depreciation,DEP-202606
105324,"Jul 07, 2026",ST-07,  COGS - Food ,33733166.0,Weekly COGS Food,INV-07260701
105325,"Jan 31, 2025",ST-03,Payroll - Store Staff,177015503.0,Monthly store payroll,PR-202501
105326,2026-05-17,ST-05,Revenue - Merchandise,-50933500.0,Weekly POS sales Merchandise,POS-05260511
105327,24/05/2026,ST-10,Revenue - Beverage,-38220000.0,Weekly POS sales Beverage,POS-10260518
105328,2026-09-27,ST-09,Revenue - Merchandise,-57819500.0,Weekly POS sales Merchandise,POS-09260921
105329,2026-03-29,ST-08,COGS - Beverage,10637002.0,Weekly COGS Beverage,INV-08260323
105330,30/09/2026,ST-07,Revenue - Food,-54604800.0,Weekly POS sales Food,POS-07260928
105331,2025-05-18,ST-03,COGS - Merchandise,43543063.0,Weekly COGS Merchandise,INV-03250512
105332,19/04/2026,ST-03,Revenue - Merchandise,-70086400.0,Weekly POS sales Merchandise,POS-03260413
105333,2026-09-20,ST-09,Revenue - Merchandise,-42966000.0,Weekly POS sales Merchandise,POS-09260914
105334,2025-12-14,ST-10,Revenue - Food,-40970300.0,Weekly POS sales Food,POS-10251208
105335,22/03/2026,ST-04,COGS - Merchandise,37454417.0,Weekly COGS Merchandise,INV-04260316
105336,"Aug 07, 2026",ST-01,Revenue - Merchandise,-80029000.0,Weekly POS sales Merchandise,POS-01260801
105337,2026-06-30,,Repairs & Maintenance,12320000.0,R&M,RPM-202606
105338,2025-09-28,ST-01,COGS - Merchandise,49122202.0,Weekly COGS Merchandise,INV-01250922
105339,"Jul 07, 2026",ST-01,COGS - Merchandise,48443270.0,Weekly COGS Merchandise,INV-01260701
105340,2026-07-31,ST-11,Revenue - Beverage,"-46,428,600",Weekly POS sales Beverage,POS-11260727
105341,2025-07-13,ST-07,COGS - Food,29984044.0,Weekly COGS Food,INV-07250707
105342,31/03/2026,HQ,IT & Software,"68,931,000",SaaS & IT,ITS-202603
105343,2026-01-18,ST-05,COGS - Merchandise,39957277.0,Weekly COGS Merchandise,INV-05260112
105344,"Dec 07, 2025",ST-08,Revenue - Merchandise,-35987900.0,Weekly POS sales Merchandise,POS-08251201
105345,2026-02-28,ST-04,Utilities,22342713.0,Electricity & water,UTL-202602
105346,"Aug 09, 2026",ST-03,COGS - Food,73626153.0,Weekly COGS Food,INV-03260803
105347,2026-08-23,ST-12,COGS - Beverage,8648870.0,Weekly COGS Beverage,INV-12260817
105348,"May 10, 2026",ST-03,COGS - Merchandise,56055081.0,Weekly COGS Merchandise,INV-03260504
105349,2026-06-28,ST-08,Revenue - Food,-55712700.0,Weekly POS sales Food,POS-08260622
105350,"Jul 12, 2026",ST-01 ,Revenue - Beverage,-91728000.0,Weekly POS sales Beverage,POS-01260706
105351,"Jan 11, 2026",ST-10,COGS - Merchandise,"20,919,485",Weekly COGS Merchandise,INV-10260105
105352,"May 17, 2026",ST-07,COGS - Merchandise,19881257.0,Weekly COGS Merchandise,INV-07260511
105353,31/05/2026,ST-08,COGS - Food,33009123.0,Weekly COGS Food,INV-08260525
105354,2026-04-30,ST-03,Repairs & Maintenance,12801000.0,R&M,RPM-202604
105355,2025-09-14,ST-02,Revenue - Beverage,-52220000.0,Weekly POS sales Beverage,POS-02250908
105356,31/05/2025,ST-07,Revenue - Food,-51939000.0,Weekly POS sales Food,POS-07250526
105357,"Feb 22, 2026",ST-06,COGS - Merchandise,39075814.0,Weekly COGS Merchandise,INV-06260216
105358,21/12/2025,ST-02,Revenue - Merchandise,-55632500.0,Weekly POS sales Merchandise,POS-02251215
105359,2025-05-31,ST-02,Marketing - Local,13055557.0,Local store marketing,MKT-202505
105360,"Feb 07, 2026",ST-08,COGS - Beverage,17759313.0,Weekly COGS Beverage,INV-08260201
105361,2026-06-30,HQ,Office Rent & Admin,112583000.0,HO rent & admin,ADM-202606
105362,2026-09-13,ST-11,COGS - Beverage,18328818.0,Weekly COGS Beverage,INV-11260907
105363,31/10/2025,ST-01,Utilities,23539567.0,Electricity & water,UTL-202510
105364,2025-02-28,ST-01,Utilities,28981722.0,Electricity & water,UTL-202502
105365,2026-08-23,ST-10,COGS - Merchandise,23374171.0,Weekly COGS Merchandise,INV-10260817
105366,30/09/2026,ST-06,Utilities,16790593.0,Electricity & water,UTL-202609
105367,2025-11-30,HQ,Payroll - Head Office,289999000.0,HO payroll,PR-HO-202511
105368,2025-09-30,ST-07,Utilities,9015616.0,Electricity & water,UTL-202509
105369,2026-03-15,ST-10,Revenue - Merchandise,-29736000.0,Weekly POS sales Merchandise,POS-10260309
105370,2026-06-21,ST-04,COGS - Merchandise,36575703.0,Weekly COGS Merchandise,INV-04260615
105371,"Feb 15, 2026",ST-11,COGS - Food,35307010.0,Weekly COGS Food,INV-11260209
105372,2025-12-31,ST-07,Utilities,10551533.0,Electricity & water,UTL-202512
105373,31/08/2026,ST-10,COGS - Beverage,14343981.0,Weekly COGS Beverage,INV-10260831
105374,"Aug 07, 2026",ST-04,COGS - Merchandise,40627143.0,Weekly COGS Merchandise,INV-04260801
105375,"Aug 17, 2025",ST-01,Revenue - Merchandise,-72754400.0,Weekly POS sales Merchandise,POS-01250811
105376,2025-02-28,ST-07,Payroll - Store Staff,71007558.0,Monthly store payroll,PR-202502
105377,30/09/2026,ST-11,Revenue - Beverage,-45645000.0,Weekly POS sales Beverage,POS-11260928
105378,2026-02-15,ST-04,COGS - Merchandise,42441268.0,Weekly COGS Merchandise,INV-04260209
105379,2025-07-31,ST-09,Marketing - Local,8699951.0,Local store marketing,MKT-202507
105380,"Jul 07, 2026",ST-02,COGS - Food,46052778.0,Weekly COGS Food,INV-02260701
105381,2025-11-16,ST-02,COGS - Food,51997222.0,Weekly COGS Food,INV-02251110
105382,2026-09-20,ST-09,Revenue - Food,-83372100.0,Weekly POS sales Food,POS-09260914
105383,2026-07-31,ST-03,COGS - Merchandise,"52,497,516",Weekly COGS Merchandise,INV-03260727
105384,"Mar 07, 2026",ST-10,COGS - Merchandise,16994284.0,Weekly COGS Merchandise,INV-10260301
105385,2025-10-31,ST-07,Payroll - Store Staff,58060148.0,Monthly store payroll,PR-202510
105386,2025-11-30,ST-10,Depreciation - Store Assets,17360000.0,Monthly depreciation,DEP-202511
105387,"Mar 08, 2026",ST-06,COGS - Merchandise,36129875.0,Weekly COGS Merchandise,INV-06260302
105388,2026-03-22,ST-03,Revenue - Beverage,"-85,190,700",Weekly POS sales Beverage,POS-03260316
105389,25/05/2025,ST-08,Revenue - Merchandise,-22694100.0,Weekly POS sales Merchandise,POS-08250519
105390,2025-04-30,ST-06,Revenue - Merchandise,-41202000.0,Weekly POS sales Merchandise,POS-06250428
105391,2026-07-31,ST-02,Rent Expense,72189000.0,Store rent,RNT-202607
105392,15/06/2025,ST-08,Revenue - Food,-45042400.0,Weekly POS sales Food,POS-08250609
105393,2025-07-27,ST-01,COGS - Food,70675210.0,Weekly COGS Food,INV-01250721
105394,2025-01-31,ST-01,COGS - Merchandise,63175736.0,Weekly COGS Merchandise,INV-01250127
105395,"Jul 12, 2026",ST-07,Revenue - Merchandise,-32274900.0,Weekly POS sales Merchandise,POS-07260706
105396,2026-09-20,ST-06,COGS - Food,51977303.0,Weekly COGS Food,INV-06260914
105397,2026-02-28,ST-01,Delivery Platform Commission,86347056.0,Delivery aggregator fees,DLV-202602
105398,"Jul 07, 2025",ST-06,Revenue - Merchandise,-42885000.0,Weekly POS sales Merchandise,POS-06250701
105399,30/09/2026,ST-04,Rent Expense,66731000.0,Store rent,RNT-202609
105400,"Sep 07, 2026",ST-09,COGS - Beverage,18297679.0,Weekly COGS Beverage,INV-09260901
105401,"May 31, 2026",ST-11,Revenue - Beverage,-33795200.0,Weekly POS sales Beverage,POS-11260525
105402,2026-07-19,ST-06,Revenue - Food,-89510400.0,Weekly POS sales Food,POS-06260713
105403,30/04/2025,ST-02,Revenue - Merchandise,-40183500.0,Weekly POS sales Merchandise,POS-02250428
105404,2025-03-31,ST-04,Revenue - Food,-61632000.0,Weekly POS sales Food,POS-04250331
105405,"Feb 08, 2026",ST-06,COGS - Beverage,23095535.0,Weekly COGS Beverage,INV-06260202
105406,"Jul 31, 2026",ST-04,COGS - Merchandise,41590717.0,Weekly COGS Merchandise,INV-04260727
105407,2026-05-31,ST-07,Repairs & Maintenance,9893000.0,R&M,RPM-202605
105408,"Jan 31, 2026",ST-06,COGS - Merchandise,36893426.0,Weekly COGS Merchandise,INV-06260126
105409,14/06/2026,ST-04,COGS - MERCHANDISE,35810741.0,Weekly COGS Merchandise,INV-04260608
105410,"May 10, 2026",ST-05,COGS - FOOD,48294462.0,Weekly COGS Food,INV-05260504
105411,"Apr 12, 2026",ST-03,Revenue - Food,-124021800.0,Weekly POS sales Food,POS-03260406
105412,"Apr 26, 2026",ST-02,COGS - Food,43100193.0,Weekly COGS Food,INV-02260420
105413,2025-10-31,ST-02,Rent Expense,66694000.0,Store rent,RNT-202510
105414,"Jul 07, 2025",ST-07,Revenue - Beverage,-29237400.0,Weekly POS sales Beverage,POS-07250701
105415,2026-06-21,ST-04,Revenue - Beverage,-49968000.0,Weekly POS sales Beverage,POS-04260615
105416,"Jan 07, 2025",ST-02,COGS - Food,48382141.0,Weekly COGS Food,INV-02250101
105417,2026-04-30,ST-07,COGS - Food,29325815.0,Weekly COGS Food,INV-07260427
105418,13/07/2025,ST-09,REVENUE - BEVERAGE,-39198600.0,Weekly POS sales Beverage,POS-09250707
105419,2026-03-22,ST-09,COGS - Beverage,23449984.0,Weekly COGS Beverage,INV-09260316
105420,2026-04-30,ST-11,Payroll - Store Staff,66315424.0,Monthly store payroll,PR-202604
105421,"Jan 25, 2026",ST-04,Revenue - Merchandise,-55750500.0,Weekly POS sales Merchandise,POS-04260119
105422,31/08/2025,ST-08,COGS - Merchandise,20962350.0,Weekly COGS Merchandise,INV-08250825
105423,"Feb 08, 2026",ST-09,COGS - Food,63671460.0,Weekly COGS Food,INV-09260202
105424,2025-11-30,ST-02,COGS - Food,48680963.0,Weekly COGS Food,INV-02251124
105425,"Aug 10, 2025",ST-04,Revenue - Beverage,-65427000.0,Weekly POS sales Beverage,POS-04250804
105426,2025-12-21,ST-10,Revenue - Beverage,-28368200.0,Weekly POS sales Beverage,POS-10251215
105427,22/02/2026,ST-07,Revenue - Food,-58866900.0,Weekly POS sales Food,POS-07260216
105428,2025-06-22,ST-01,Revenue - Food,-132268500.0,Weekly POS sales Food,POS-01250616
105429,"Nov 07, 2025",ST-03,Revenue - Merchandise,-76516800.0,Weekly POS sales Merchandise,POS-03251101
105430,"Feb 16, 2025",ST-08,COGS - Food,22295044.0,Weekly COGS Food,INV-08250210
105431,"May 07, 2026",ST-03,COGS - Beverage,31213721.0,Weekly COGS Beverage,INV-03260501
105432,30/04/2025,HQ,Professional Fees,59018000.0,Audit/legal/consulting,PRF-202504
105433,"Sep 30, 2026",ST-12,Rent Expense,41662000.0,Store rent,RNT-202609
105434,2026-08-23,ST-01,Revenue - Beverage,-94053300.0,Weekly POS sales Beverage,POS-01260817
105435,2025-10-31,ST-06,Repairs & Maintenance,11630000.0,R&M,RPM-202510
105436,19/10/2025,ST-06,Revenue - Beverage,-54434100.0,Weekly POS sales Beverage,POS-06251013
105437,2026-05-31,ST-04,COGS - Food,46511068.0,Weekly COGS Food,INV-04260525
105438,"Mar 15, 2026",ST-05,Revenue - Merchandise,-50678200.0,Weekly POS sales Merchandise,POS-05260309
105439,17/05/2026,ST-11,Revenue - Beverage,-32433600.0,Weekly POS sales Beverage,POS-11260511
105440,2026-09-27,ST-06,COGS - Merchandise,36141755.0,Weekly COGS Merchandise,INV-06260921
105441,"Mar 09, 2025",ST-01,COGS - Beverage,27309104.0,Weekly COGS Beverage,INV-01250303
105442,2026-08-31,ST-04,Repairs & Maintenance,10885000.0,R&M,RPM-202608
105443,"Jun 07, 2025",ST-04,Revenue - Food,-78046200.0,Weekly POS sales Food,POS-04250601
105444,"Aug 10, 2025",ST-05,Revenue - Beverage,-56244000.0,Weekly POS sales Beverage,POS-05250804
105445,"Jun 30, 2025",ST-08,Revenue - Beverage,-26892500.0,Weekly POS sales Beverage,POS-08250630
105446,"May 31, 2026",ST-08,COGS - Beverage,13602689.0,Weekly COGS Beverage,INV-08260525
105447,2025-01-31,ST-03,COGS - Merchandise,66694873.0,Weekly COGS Merchandise,INV-03250127
105448,2026-09-30,ST-08,Repairs & Maintenance,7446000.0,R&M,RPM-202609
105449,"Mar 08, 2026",ST-08,COGS - Food,29797710.0,Weekly COGS Food,INV-08260302
105450,2025-11-30,ST-09,COGS - Merchandise,33266348.0,Weekly COGS Merchandise,INV-09251124
105451,"Aug 31, 2026",ST-02,Revenue - Merchandise,"-48,391,700",Weekly POS sales Merchandise,POS-02260831
105452,2026-07-31,ST-02,Store Supplies,10710194.0,Packaging & supplies,SUP-202607
105453,17/08/2025,ST-06,REVENUE - BEVERAGE,-47265400.0,Weekly POS sales Beverage,POS-06250811
105454,"Jul 19, 2026",ST-09,Revenue - Merchandise,-48000000.0,Weekly POS sales Merchandise,POS-09260713
105455,"Aug 07, 2025",ST-07,Revenue - Merchandise,-26909400.0,Weekly POS sales Merchandise,POS-07250801
105456,2025-11-30,ST-07,Marketing - Local,5292224.0,Local store marketing,MKT-202511
105457,27/04/2025,ST-03,COGS - Food,69045363.0,Weekly COGS Food,INV-03250421
105458,2025-11-30,ST-02,Marketing - Local,10130630.0,Local store marketing,MKT-202511
105459,2026-03-15,ST-11,COGS - Food,23063704.0,Weekly COGS Food,INV-11260309
105460,"Jun 07, 2025",ST-07,COGS - Food,31222360.0,Weekly COGS Food,INV-07250601
105461,22/06/2025,ST-05,Revenue - Merchandise,-47977600.0,Weekly POS sales Merchandise,POS-05250616
105462,31/05/2025,ST-05 ,Rent Expense,69343000.0,Store rent,RNT-202505
105463,"Aug 07, 2025",ST-03,Revenue - Beverage,-70841400.0,Weekly POS sales Beverage,POS-03250801
105464,13/09/2026,ST-03,COGS - Beverage,36212495.0,Weekly COGS Beverage,INV-03260907
105465,"Aug 07, 2026",ST-08,Revenue - Food,-48778000.0,Weekly POS sales Food,POS-08260801
105466,"Dec 21, 2025",ST-06,Revenue - Food,-102810000.0,Weekly POS sales Food,POS-06251215
105467,2025-09-30,ST-06,Marketing - Local,14400462.0,Local store marketing,MKT-202509
105468,"Jul 31, 2025",ST-07,Depreciation - Store Assets,17360000.0,Monthly depreciation,DEP-202507
105469,2025-07-31,ST-02,Repairs & Maintenance,9798000.0,R&M,RPM-202507
105470,26/07/2026,ST-03,COGS - Merchandise,59116395.0,Weekly COGS Merchandise,INV-03260720
105471,"Nov 09, 2025",ST-07,COGS - Food,29611159.0,Weekly COGS Food,INV-07251103
105472,"May 10, 2026",ST-03,Revenue - Food,-126747200.0,Weekly POS sales Food,POS-03260504
105473,"Feb 23, 2025",ST-06,Revenue - Merchandise,-52345000.0,Weekly POS sales Merchandise,POS-06250217
105474,"Jan 11, 2026",ST-02,Revenue - Beverage,-62762800.0,Weekly POS sales Beverage,POS-02260105
105475,2025-07-31,ST-08,Revenue - Beverage,-30026600.0,Weekly POS sales Beverage,POS-08250728
105476,"Sep 07, 2025",ST-09,COGS - Merchandise,22395938.0,Weekly COGS Merchandise,INV-09250901
105477,"Apr 30, 2025",ST-08,COGS - Food,17468237.0,Weekly COGS Food,INV-08250428
105478,"May 07, 2026",ST-07,Revenue - Beverage,-36636600.0,Weekly POS sales Beverage,POS-07260501
105479,2026-06-30,ST-06,Delivery Platform Commission,38351015.0,Delivery aggregator fees,DLV-202606
105480,2025-09-30,ST-09,COGS - Beverage,13765021.0,Weekly COGS Beverage,INV-09250929
105481,"Jul 07, 2026",ST-01,COGS - Beverage,36301827.0,Weekly COGS Beverage,INV-01260701
105482,31/07/2026,ST-06,Depreciation - Store Assets,28000000.0,Monthly depreciation,DEP-202607
105483,2025-10-31,HQ,Marketing - Brand,106440452.0,Brand campaigns,MKT-HO-202510
105484,28/12/2025,ST-02,Revenue - Merchandise,-44988000.0,Weekly POS sales Merchandise,POS-02251222
105485,2026-03-31,ST-08,Revenue - Beverage,-31197100.0,Weekly POS sales Beverage,POS-08260330
105486,"May 18, 2025",ST-07,Revenue - Food,-45381600.0,Weekly POS sales Food,POS-07250512
105487,"Dec 07, 2025",ST-04,COGS - Merchandise,43158257.0,Weekly COGS Merchandise,INV-04251201
105488,"Jun 30, 2025",ST-02,Revenue - Food,-87141600.0,Weekly POS sales Food,POS-02250630
105489,2025-04-30,ST-03,Marketing - Local,2970893.0,Local store marketing,MKT-202504
105490,2026-08-23,ST-11,COGS - Food,41754125.0,Weekly COGS Food,INV-11260817
105491,"Dec 31, 2025",ST-06,Delivery Platform Commission,49584628.0,Delivery aggregator fees,DLV-202512
105492,30/06/2026,ST-02,COGS - Merchandise,46392570.0,Weekly COGS Merchandise,INV-02260629
105493,2025-01-31,ST-01,Utilities,31700660.0,Electricity & water,UTL-202501
105494,23/02/2025,ST-07,COGS - Merchandise,24901413.0,Weekly COGS Merchandise,INV-07250217
105495,17/08/2025,ST-10,COGS - Merchandise,13197442.0,Weekly COGS Merchandise,INV-10250811
105496,2025-10-31,ST-09,Revenue - Beverage,-46231500.0,Weekly POS sales Beverage,POS-09251027
105497,"May 11, 2025",ST-02,COGS - Food,40973881.0,Weekly COGS Food,INV-02250505
105498,21/06/2026,ST-01,Revenue - Merchandise,-80352000.0,Weekly POS sales Merchandise,POS-01260615
105499,2026-09-13,ST-10,Revenue - Merchandise,-31535100.0,Weekly POS sales Merchandise,POS-10260907
105500,2026-09-20,ST-02,Revenue - Merchandise,-51157200.0,Weekly POS sales Merchandise,POS-02260914
105501,"Jan 18, 2026",ST-08,COGS - Beverage,15228738.0,Weekly COGS Beverage,INV-08260112
105502,2025-05-31,ST-05,Utilities,13574728.0,Electricity & water,UTL-202505
105503,"Jun 30, 2025",ST-06,Store Supplies,11918444.0,Packaging & supplies,SUP-202506
105504,2026-03-31,ST-04,Repairs & Maintenance,9382000.0,R&M,RPM-202603
105505,"Nov 30, 2025",ST-03,Repairs & Maintenance,12714000.0,R&M,RPM-202511
105506,"Jul 31, 2025",ST-03,Revenue - Beverage,-91124800.0,Weekly POS sales Beverage,POS-03250728
105507,2025-09-30,ST-02,Revenue - Food,-74619200.0,Weekly POS sales Food,POS-02250929
105508,27/09/2026,ST-11,Revenue - Merchandise,-44023200.0,Weekly POS sales Merchandise,POS-11260921
105509,"Feb 08, 2026",ST-08,COGS - Food,"35,205,282",Weekly COGS Food,INV-08260202
105510,"Aug 10, 2025",ST-02,COGS - Merchandise,32914720.0,Weekly COGS Merchandise,INV-02250804
105511,2025-08-31,ST-05,Repairs & Maintenance,9762000.0,R&M,RPM-202508
105512,15/02/2026,ST-06,COGS - Beverage,27075549.0,Weekly COGS Beverage,INV-06260209
105513,2025-01-19,ST-01,COGS - Beverage,34181675.0,Weekly COGS Beverage,INV-01250113
105514,"Sep 13, 2026",ST-04,COGS - Beverage,20211410.0,Weekly COGS Beverage,INV-04260907
105515,"Jan 07, 2026",ST-04,COGS - Food,65356119.0,Weekly COGS Food,INV-04260101
105516,30/11/2025,ST-08,Store Supplies,5947929.0,Packaging & supplies,SUP-202511
105517,30/06/2025,ST-05,Revenue - Merchandise,-50487200.0,Weekly POS sales Merchandise,POS-05250630
105518,2025-03-16,ST-09,Revenue - Merchandise,-23316000.0,Weekly POS sales Merchandise,POS-09250310
105519,2025-11-30,ST-05,Revenue - Food,-90052400.0,Weekly POS sales Food,POS-05251124
105520,"Jul 07, 2025",ST-09,Revenue - Merchandise,-37814400.0,Weekly POS sales Merchandise,POS-09250701
105521,2026-01-31,ST-08,Utilities,14063675.0,Electricity & water,UTL-202601
105522,"Apr 07, 2026",ST-03,Revenue - Beverage,-85011300.0,Weekly POS sales Beverage,POS-03260401
105523,"Dec 07, 2025",ST-04,Revenue - Food,-93307500.0,Weekly POS sales Food,POS-04251201
105524,24/05/2026,ST-07,Revenue - Merchandise,-35038500.0,Weekly POS sales Merchandise,POS-07260518
105525,"May 31, 2026",ST-05,Revenue - Merchandise,-52503000.0,Weekly POS sales Merchandise,POS-05260525
105526,2025-07-20,ST-07,Revenue - Beverage,-28911000.0,Weekly POS sales Beverage,POS-07250714
105527,16/02/2025,ST-07,Revenue - Beverage,-34719000.0,Weekly POS sales Beverage,POS-07250210
105528,"Apr 12, 2026",ST-11,COGS - Beverage,12213237.0,Weekly COGS Beverage,INV-11260406
105529,30/04/2025,ST-08,Revenue - Beverage,-24931800.0,Weekly POS sales Beverage,POS-08250428
105530,2025-01-19,ST-04,COGS - Merchandise,34166889.0,Weekly COGS Merchandise,INV-04250113
105531,31/07/2026,HQ,Bank Charges,18415000.0,Bank fees,BNK-202607
105532,31/03/2025,ST-09,Revenue - Merchandise,-24543000.0,Weekly POS sales Merchandise,POS-09250331
105533,"May 07, 2026",ST-10,Revenue - Beverage,-34690200.0,Weekly POS sales Beverage,POS-10260501
105534,25/05/2025,ST-03,Revenue - Food,-115537500.0,Weekly POS sales Food,POS-03250519
105535,"Jun 07, 2025",ST-01,COGS - Food,61467903.0,Weekly COGS Food,INV-01250601
105536,15/02/2026,ST-08,Revenue - Food,-68654600.0,Weekly POS sales Food,POS-08260209
105537,"Mar 30, 2025",ST-09,Revenue - Food,-39491300.0,Weekly POS sales Food,POS-09250324
105538,2025-09-30,ST-03,COGS - Merchandise,49654966.0,Weekly COGS Merchandise,INV-03250929
105539,2026-06-28,ST-12,Revenue - Beverage,-20067500.0,Weekly POS sales Beverage,POS-12260622
105540,28/02/2026,ST-09,Rent Expense,65906000.0,Store rent,RNT-202602
105541,2026-03-31,ST-11,COGS - Merchandise,19206314.0,Weekly COGS Merchandise,INV-11260330
105542,2025-04-30,,COGS - Beverage,17962122.0,Weekly COGS Beverage,INV-06250428
105543,2026-04-26,ST-01,Revenue - Merchandise,-76907100.0,Weekly POS sales Merchandise,POS-01260420
105544,"Feb 16, 2025",ST-07,REVENUE - FOOD,-55352100.0,Weekly POS sales Food,POS-07250210
105545,"Apr 07, 2025",ST-01,Revenue - Beverage,-85269800.0,Weekly POS sales Beverage,POS-01250401
105546,2025-07-27,ST-05,Revenue - Beverage,-44803500.0,Weekly POS sales Beverage,POS-05250721
105547,31/10/2025,ST-10,Revenue - Merchandise,-17169000.0,Weekly POS sales Merchandise,POS-10251027
105548,19/01/2025,ST-03,Revenue - Food,-144624800.0,Weekly POS sales Food,POS-03250113
105549,"May 17, 2026",ST-06,Revenue - Merchandise,-54415200.0,Weekly POS sales Merchandise,POS-06260511
105550,2026-02-15,ST-08,COGS - Beverage,18055097.0,Weekly COGS Beverage,INV-08260209
105551,28/09/2025,ST-02,Revenue - Merchandise,-43349500.0,Weekly POS sales Merchandise,POS-02250922
105552,2025-05-31,ST-06,Revenue - Food,-72500400.0,Weekly POS sales Food,POS-06250526
105553,2026-05-17,ST-02,Revenue - Merchandise,-48740700.0,Weekly POS sales Merchandise,POS-02260511
105554,2025-11-30,ST-09,Store Supplies,7031983.0,Packaging & supplies,SUP-202511
105555,26/07/2026,ST-09,COGS - Food,45453253.0,Weekly COGS Food,INV-09260720
105556,"Apr 13, 2025",ST-03,Revenue - Merchandise,-72408700.0,Weekly POS sales Merchandise,POS-03250407
105557,"Sep 07, 2026",ST-05,COGS - Beverage,21701298.0,Weekly COGS Beverage,INV-05260901
105558,27/09/2026,ST-12,COGS - Beverage,9015252.0,Weekly COGS Beverage,INV-12260921
105559,"Mar 07, 2025",ST-04,Revenue - Merchandise,-42781200.0,Weekly POS sales Merchandise,POS-04250301
105560,2026-05-31,ST-04,Payroll - Store Staff,107290015.0,Monthly store payroll,PR-202605
105561,"Jun 08, 2025",ST-03,Revenue - Merchandise,-71484000.0,Weekly POS sales Merchandise,POS-03250602
105562,2025-08-31,ST-06,Depreciation - Store Assets,28000000.0,Monthly depreciation,DEP-202508
105563,2026-06-14,ST-06,COGS - Merchandise,41479971.0,Weekly COGS Merchandise,INV-06260608
105564,2026-01-31,ST-03,COGS - Food,93912570.0,Weekly COGS Food,INV-03260126
105565,2025-03-31,ST-09,Marketing - Local,7347861.0,Local store marketing,MKT-202503
105566,2026-06-28,ST-08,Revenue - Merchandise,-36145800.0,Weekly POS sales Merchandise,POS-08260622
105567,"Oct 07, 2025",ST-02,Revenue - Merchandise,-41656400.0,Weekly POS sales Merchandise,POS-02251001
105568,2026-05-31,ST-10,Store Supplies,4556916.0,Packaging & supplies,SUP-202605
105569,2025-09-30,ST-09,Delivery Platform Commission,24851906.0,Delivery aggregator fees,DLV-202509
105570,2025-12-14,ST-02,Revenue - Food,-102533800.0,Weekly POS sales Food,POS-02251208
105571,2025-01-31,ST-01,COGS - Beverage,37690194.0,Weekly COGS Beverage,INV-01250127
105572,2026-07-31,ST-07,Revenue - Food,-54834300.0,Weekly POS sales Food,POS-07260727
105573,2025-12-28,ST-01,COGS - BEVERAGE,41403803.0,Weekly COGS Beverage,INV-01251222
105574,"Jan 18, 2026",ST-04,COGS - Merchandise,45306727.0,Weekly COGS Merchandise,INV-04260112
105575,"Sep 28, 2025",ST-03,COGS - Food,70048203.0,Weekly COGS Food,INV-03250922
105576,"May 10, 2026",ST-02,COGS - Food,48208150.0,Weekly COGS Food,INV-02260504
105577,"Jul 12, 2026",ST-01,Revenue - Food,-136247200.0,Weekly POS sales Food,POS-01260706
105578,2026-02-15,ST-10,Revenue - Food,-43173900.0,Weekly POS sales Food,POS-10260209
105579,31/08/2025,ST-08,Marketing - Local,5314380.0,Local store marketing,MKT-202508
105580,2025-10-31,ST-08,Marketing - Local,6733355.0,Local store marketing,MKT-202510
105581,"Sep 07, 2026",ST-05,Revenue - Beverage,-56090000.0,Weekly POS sales Beverage,POS-05260901
105582,"Feb 07, 2025",ST-04,Revenue - Merchandise,-50816400.0,Weekly POS sales Merchandise,POS-04250201
105583,2025-11-30,ST-03,COGS - Food,73298308.0,Weekly COGS Food,INV-03251124
105584,"Jan 07, 2025",ST-01,COGS - Food,89793060.0,Weekly COGS Food,INV-01250101
105585,2026-05-31,ST-04,Marketing - Local,6928452.0,Local store marketing,MKT-202605
105586,"Feb 08, 2026",ST-03,Revenue - Food,-155533000.0,Weekly POS sales Food,POS-03260202
105587,2026-09-13,ST-11 ,COGS - Food,41869010.0,Weekly COGS Food,INV-11260907
105588,31/12/2025,ST-02,Marketing - Local,6466534.0,Local store marketing,MKT-202512
105589,2026-02-22,ST-11,Revenue - Beverage,-36792000.0,Weekly POS sales Beverage,POS-11260216
105590,28/02/2025,ST-04,Marketing - Local,11683816.0,Local store marketing,MKT-202502
105591,25/01/2026,ST-07,COGS - Beverage,16378128.0,Weekly COGS Beverage,INV-07260119
105592,"Mar 08, 2026",ST-03,Revenue - Food,-109090800.0,Weekly POS sales Food,POS-03260302
105593,"Apr 30, 2025",ST-02,COGS - Merchandise,27675024.0,Weekly COGS Merchandise,INV-02250428
105594,2025-03-23,ST-02,COGS - Beverage,16741164.0,Weekly COGS Beverage,INV-02250317
105595,2025-02-28,ST-08,COGS - Merchandise,13935422.0,Weekly COGS Merchandise,INV-08250224
105596,2025-04-20,ST-02,COGS - Merchandise,32859034.0,Weekly COGS Merchandise,INV-02250414
105597,"Apr 12, 2026",ST-08,COGS - Beverage,10988313.0,Weekly COGS Beverage,INV-08260406
105598,"Jan 07, 2026",ST-07,Revenue - Food,-62306100.0,Weekly POS sales Food,POS-07260101
105599,2025-07-31,ST-08,COGS - Merchandise,19469696.0,Weekly COGS Merchandise,INV-08250728
105600,2026-08-30,ST-03,Revenue - Beverage,-88844800.0,Weekly POS sales Beverage,POS-03260824
105601,2025-04-30,ST-07,COGS - Beverage,11142826.0,Weekly COGS Beverage,INV-07250428
105602,31/08/2026,ST-06,Revenue - Beverage,-64219500.0,Weekly POS sales Beverage,POS-06260831
105603,31/01/2026,ST-05,COGS - Food,52589822.0,Weekly COGS Food,INV-05260126
105604,"Jan 12, 2025",ST-06,Revenue - Beverage,-68508300.0,Weekly POS sales Beverage,POS-06250106
105605,"Aug 09, 2026",ST-08,COGS - Merchandise,22734447.0,Weekly COGS Merchandise,INV-08260803
105606,28/09/2025,ST-08,COGS - Merchandise,20445824.0,Weekly COGS Merchandise,INV-08250922
105607,2025-01-26,ST-08,COGS - Food,21642507.0,Weekly COGS Food,INV-08250120
105608,2025-05-31,ST-05,Revenue - Merchandise,-45608600.0,Weekly POS sales Merchandise,POS-05250526
105609,13/09/2026,ST-07,COGS - Food,34699908.0,Weekly COGS Food,INV-07260907
105610,"Nov 09, 2025",ST-07,Revenue - Food,-49198500.0,Weekly POS sales Food,POS-07251103
105611,25/05/2025,ST-01,Revenue - Food,-128129600.0,Weekly POS sales Food,POS-01250519
105612,30/09/2026,ST-03,Depreciation - Store Assets,43400000.0,Monthly depreciation,DEP-202609
105613,2025-01-26,ST-07,COGS - Food,27203703.0,Weekly COGS Food,INV-07250120
105614,20/04/2025,ST-06,COGS - Beverage,21300629.0,Weekly COGS Beverage,INV-06250414
105615,2026-07-19,ST-11,Revenue - Beverage,-40519500.0,Weekly POS sales Beverage,POS-11260713
105616,2025-03-31,ST-01,COGS - Beverage,27960519.0,Weekly COGS Beverage,INV-01250331
105617,"May 07, 2026",ST-04,Revenue - Merchandise,-51312800.0,Weekly POS sales Merchandise,POS-04260501
105618,2025-10-19,ST-01,COGS - Food,77148863.0,Weekly COGS Food,INV-01251013
105619,"May 10, 2026",ST-02,COGS - Beverage,25270207.0,Weekly COGS Beverage,INV-02260504
105620,2026-06-30,ST-04,Revenue - Beverage,-66996000.0,Weekly POS sales Beverage,POS-04260629
105621,2026-01-31,ST-09,Rent Expense,67756000.0,Store rent,RNT-202601
105622,"Jun 30, 2026",ST-07,Rent Expense,42130000.0,Store rent,RNT-202606
105623,27/09/2026,ST-05,  COGS - Beverage ,22978222.0,Weekly COGS Beverage,INV-05260921
105624,"Mar 29, 2026",ST-05,Revenue - Beverage,-53457300.0,Weekly POS sales Beverage,POS-05260323
105625,31/08/2025,ST-07,Store Supplies,"7,190,843",Packaging & supplies,SUP-202508
105626,31/08/2025,ST-04,Payroll - Store Staff,109384334.0,Monthly store payroll,PR-202508
105627,2025-11-30,ST-04,  Payroll - Store Staff ,112818986.0,Monthly store payroll,PR-202511
105628,"Aug 07, 2026",ST-04,Revenue - Food,"-97,311,300",Weekly POS sales Food,POS-04260801
105629,2026-07-26,ST-01,Revenue - Merchandise,-77583100.0,Weekly POS sales Merchandise,POS-01260720
105630,"Mar 07, 2026",ST-02,Revenue - Beverage,-45948800.0,Weekly POS sales Beverage,POS-02260301
105631,"Aug 07, 2025",ST-04,COGS - Merchandise,34810202.0,Weekly COGS Merchandise,INV-04250801
105632,"May 10, 2026",ST-11,Revenue - Beverage,-39394800.0,Weekly POS sales Beverage,POS-11260504
105633,"Oct 12, 2025",ST-06,COGS - Food,49704673.0,Weekly COGS Food,INV-06251006
105634,"Aug 07, 2026",ST-12,Revenue - Merchandise,-22775000.0,Weekly POS sales Merchandise,POS-12260801
105635,"Jan 07, 2026",,Revenue - Food,-110547000.0,Weekly POS sales Food,POS-04260101
105636,2025-07-31,ST-04,Payroll - Store Staff,104228169.0,Monthly store payroll,PR-202507
105637,27/09/2026,ST-11,COGS - Beverage,15613463.0,Weekly COGS Beverage,INV-11260921
105638,15/03/2026,ST-08,Revenue - Merchandise,-27027600.0,Weekly POS sales Merchandise,POS-08260309
105639,2025-08-24,ST-01,COGS - Beverage,28581707.0,Weekly COGS Beverage,INV-01250818
105640,28/02/2026,ST-10,Rent Expense,40777000.0,Store rent,RNT-202602
105641,30/09/2025,ST-02,Revenue - Beverage,-46749600.0,Weekly POS sales Beverage,POS-02250929
105642,2025-09-30,ST-07,  COGS - Beverage ,9950540.0,Weekly COGS Beverage,INV-07250929
105643,2025-10-19,ST-08,Revenue - Food,-58568100.0,Weekly POS sales Food,POS-08251013
105644,"Apr 07, 2025",ST-02,Revenue - Beverage,"-55,154,400",Weekly POS sales Beverage,POS-02250401
105645,2026-04-26,ST-10,COGS - Food,27191444.0,Weekly COGS Food,INV-10260420
105646,2026-07-26,ST-12,Revenue - Beverage,-21483000.0,Weekly POS sales Beverage,POS-12260720
105647,"Dec 14, 2025",ST-07,Revenue - Merchandise,-35305600.0,Weekly POS sales Merchandise,POS-07251208
105648,"Jul 12, 2026",ST-02,COGS - Merchandise,33143649.0,Weekly COGS Merchandise,INV-02260706
105649,2025-02-28,ST-07,Revenue - Merchandise,-29698900.0,Weekly POS sales Merchandise,POS-07250224
105650,26/04/2026,ST-08,Revenue - Beverage,-38343500.0,Weekly POS sales Beverage,POS-08260420
105651,2025-07-13,ST-04,Revenue - Food,-86759700.0,Weekly POS sales Food,POS-04250707
105652,"Mar 30, 2025",ST-04,Revenue - Merchandise,-35028000.0,Weekly POS sales Merchandise,POS-04250324
105653,15/02/2026,ST-02,Revenue - Merchandise,-66265200.0,Weekly POS sales Merchandise,POS-02260209
105654,2025-07-31,ST-05,COGS - FOOD,45038414.0,Weekly COGS Food,INV-05250728
105655,21/06/2026,ST-04,Revenue - Merchandise,-53710800.0,Weekly POS sales Merchandise,POS-04260615
105656,19/10/2025,ST-06,Revenue - Merchandise,-45208800.0,Weekly POS sales Merchandise,POS-06251013
105657,24/05/2026,ST-01,COGS - Beverage,30409826.0,Weekly COGS Beverage,INV-01260518
105658,"Jul 19, 2026",ST-12,COGS - Beverage,8779453.0,Weekly COGS Beverage,INV-12260713
105659,30/09/2025,ST-08,Rent Expense,42330000.0,Store rent,RNT-202509
105660,27/09/2026,ST-05,COGS - Food,49594601.0,Weekly COGS Food,INV-05260921
105661,2025-06-30,ST-01,Payroll - Store Staff,210650524.0,Monthly store payroll,PR-202506
105662,2025-08-31,ST-07,COGS - Merchandise,20749892.0,Weekly COGS Merchandise,INV-07250825
105663,"Aug 10, 2025",ST-05,COGS - Merchandise,27203235.0,Weekly COGS Merchandise,INV-05250804
105664,30/04/2026,ST-03,Marketing - Local,19198037.0,Local store marketing,MKT-202604
105665,2025-11-30,ST-7,Delivery Platform Commission,24552338.0,Delivery aggregator fees,DLV-202511
105666,"Apr 07, 2026",ST-04,COGS - FOOD,"49,234,809",Weekly COGS Food,INV-04260401
105667,"Aug 09, 2026",ST-03,COGS - Beverage,33034649.0,Weekly COGS Beverage,INV-03260803
105668,15/03/2026,ST-03,Revenue - Merchandise,-82026000.0,Weekly POS sales Merchandise,POS-03260309
105669,2025-10-31,ST-06,Payroll - Store Staff,112585409.0,Monthly store payroll,PR-202510
105670,"Oct 19, 2025",ST-02,Revenue - Beverage,-56642700.0,Weekly POS sales Beverage,POS-02251013
105671,"May 07, 2025",ST-03,COGS - Beverage,25259299.0,Weekly COGS Beverage,INV-03250501
105672,"Sep 13, 2026",ST-02,COGS - Beverage,17855674.0,Weekly COGS Beverage,INV-02260907
105673,2026-03-15,ST-09,Revenue - Merchandise,-44657600.0,Weekly POS sales Merchandise,POS-09260309
105674,2025-04-13,ST-03,Revenue - Food,-111610100.0,Weekly POS sales Food,POS-03250407
105675,2026-03-15,ST-01,Revenue - Food,-110949800.0,Weekly POS sales Food,POS-01260309
105676,23/11/2025,ST-02,COGS - Food,49741178.0,Weekly COGS Food,INV-02251117
105677,2026-04-30,ST-04,Repairs & Maintenance,6560000.0,R&M,RPM-202604
105678,22/06/2025,ST-07,COGS - Beverage,12494352.0,Weekly COGS Beverage,INV-07250616
105679,"Nov 07, 2025",ST-10,REVENUE - FOOD,-35897600.0,Weekly POS sales Food,POS-10251101
105680,"Mar 09, 2025",ST-01,COGS - Merchandise,48757015.0,Weekly COGS Merchandise,INV-01250303
105681,23/11/2025,ST-02,Revenue - Merchandise,-50004000.0,Weekly POS sales Merchandise,POS-02251117
105682,"Sep 07, 2026",ST-05,COGS - Merchandise,36838879.0,Weekly COGS Merchandise,INV-05260901
105683,"Mar 07, 2025",ST-08,Revenue - Food,-32597700.0,Weekly POS sales Food,POS-08250301
105684,2025-04-30,ST-07,Delivery Platform Commission,22503754.0,Delivery aggregator fees,DLV-202504
105685,28/02/2025,ST-07,  Delivery Platform Commission ,27137223.0,Delivery aggregator fees,DLV-202502
105686,31/05/2025,ST-07,Revenue - Beverage,-34898400.0,Weekly POS sales Beverage,POS-07250526
105687,"Mar 07, 2026",ST-04,COGS - Food,37966310.0,Weekly COGS Food,INV-04260301
105688,2025-02-28,ST-05,Repairs & Maintenance,13242000.0,R&M,RPM-202502
105689,28/12/2025,ST-01,Revenue - Food,-122188500.0,Weekly POS sales Food,POS-01251222
105690,2025-05-31,ST-06,Utilities,12808175.0,Electricity & water,UTL-202505
105691,2026-02-15,ST-03,COGS - Merchandise,69385033.0,Weekly COGS Merchandise,INV-03260209
105692,"Jul 07, 2025",ST-04,COGS - Food,48257103.0,Weekly COGS Food,INV-04250701
105693,2025-03-30,ST-03,Revenue - Beverage,-51595800.0,Weekly POS sales Beverage,POS-03250324
105694,"Feb 07, 2026",ST-04,COGS - Food,60845712.0,Weekly COGS Food,INV-04260201
105695,"Jun 30, 2026",ST-07,Revenue - Merchandise,-30411200.0,Weekly POS sales Merchandise,POS-07260629
105696,"May 17, 2026",ST-05,COGS - Beverage,19923089.0,Weekly COGS Beverage,INV-05260511
105697,"Aug 23, 2026",ST-05,Revenue - Food,-98226000.0,Weekly POS sales Food,POS-05260817
105698,20/07/2025,ST-05,Revenue - Beverage,-53176000.0,Weekly POS sales Beverage,POS-05250714
105699,30/09/2026,ST-01,Rent Expense,104794000.0,Store rent,RNT-202609
105700,"May 31, 2025",ST-06,Delivery Platform Commission,33744571.0,Delivery aggregator fees,DLV-202505
105701,2025-12-28,ST-04,Revenue - Merchandise,-65696400.0,Weekly POS sales Merchandise,POS-04251222
105702,23/02/2025,ST-08,Revenue - Food,-42469100.0,Weekly POS sales Food,POS-08250217
105703,26/07/2026,ST-07,COGS - Merchandise,25731517.0,Weekly COGS Merchandise,INV-07260720
105704,2026-09-20,ST-09,Revenue - Beverage,-55096200.0,Weekly POS sales Beverage,POS-09260914
105705,"Jun 22, 2025",ST-01,Revenue - Merchandise,-72819000.0,Weekly POS sales Merchandise,POS-01250616
105706,31/08/2026,ST-06,Depreciation - Store Assets,28000000.0,Monthly depreciation,DEP-202608
105707,2026-09-30,ST-01,Repairs & Maintenance,19292000.0,R&M,RPM-202609
105708,2025-06-29,ST-09,COGS - Beverage,12368637.0,Weekly COGS Beverage,INV-09250623
105709,2025-12-14,ST-01,COGS - Food,79617107.0,Weekly COGS Food,INV-01251208
105710,"Mar 08, 2026",ST-08,Revenue - Food,-51143400.0,Weekly POS sales Food,POS-08260302
105711,2026-03-31,ST-03,Store Supplies,15938212.0,Packaging & supplies,SUP-202603
105712,2026-06-28,ST-10,Revenue - Food,-50679200.0,Weekly POS sales Food,POS-10260622
105713,"Dec 07, 2025",ST-04,Revenue - Beverage,-67769100.0,Weekly POS sales Beverage,POS-04251201
105714,17/05/2026,ST-02,Revenue - Beverage,-61491600.0,Weekly POS sales Beverage,POS-02260511
105715,31/05/2026,ST-06,COGS - Merchandise,36564185.0,Weekly COGS Merchandise,INV-06260525
105716,"Oct 12, 2025",ST-09,Revenue - Merchandise,"-36,533,200",Weekly POS sales Merchandise,POS-09251006
105717,30/03/2025,ST-06,Revenue - Merchandise,-43566600.0,Weekly POS sales Merchandise,POS-06250324
105718,"Jul 07, 2025",ST-01,COGS - Beverage,33402696.0,Weekly COGS Beverage,INV-01250701
105719,2026-07-19,ST-02,Revenue - Merchandise,-54740400.0,Weekly POS sales Merchandise,POS-02260713
105720,2026-07-31,ST-12,Revenue - Merchandise,-19739200.0,Weekly POS sales Merchandise,POS-12260727
105721,2025-09-30,ST-10,Marketing - Local,2456341.0,Local store marketing,MKT-202509
105722,2025-08-31,ST-08,Payroll - Store Staff,64361552.0,Monthly store payroll,PR-202508
105723,"Sep 07, 2025",ST-05,Revenue - Merchandise,-46861800.0,Weekly POS sales Merchandise,POS-05250901
105724,14/09/2025,ST-02,Revenue - Merchandise,-46376600.0,Weekly POS sales Merchandise,POS-02250908
105725,24/08/2025,ST-04,Revenue - Beverage,-50667800.0,Weekly POS sales Beverage,POS-04250818
105726,"Aug 07, 2025",ST-03,COGS - Merchandise,52771350.0,Weekly COGS Merchandise,INV-03250801
105727,2026-05-31,ST-04,Revenue - Food,-76531600.0,Weekly POS sales Food,POS-04260525
105728,2025-06-22,ST-07,Revenue - Beverage,-32872400.0,Weekly POS sales Beverage,POS-07250616
105729,2026-02-15,ST-06,Revenue - Food,-111687500.0,Weekly POS sales Food,POS-06260209
105730,"Sep 07, 2026",ST-01,COGS - Merchandise,53598749.0,Weekly COGS Merchandise,INV-01260901
105731,30/09/2026,ST-01,Revenue - Merchandise,-70870000.0,Weekly POS sales Merchandise,POS-01260928
105732,"Aug 10, 2025",ST-01,Revenue - Beverage,-82110000.0,Weekly POS sales Beverage,POS-01250804
105733,"May 10, 2026",ST-03,COGS - Beverage,30478810.0,Weekly COGS Beverage,INV-03260504
105734,17/05/2026,ST-10,Revenue - Beverage,-28362000.0,Weekly POS sales Beverage,POS-10260511
105735,27/07/2025,ST-01,Revenue - Merchandise,-74110800.0,Weekly POS sales Merchandise,POS-01250721
105736,2026-01-25,ST-10,COGS - Food,27974842.0,Weekly COGS Food,INV-10260119
105737,14/12/2025,ST-02,COGS - Merchandise,41779740.0,Weekly COGS Merchandise,INV-02251208
105738,2026-02-28,ST-10,Delivery Platform Commission,27156021.0,Delivery aggregator fees,DLV-202602
105739,"Sep 07, 2025",ST-10,Revenue - Merchandise,"-15,504,000",Weekly POS sales Merchandise,POS-10250901
105740,2025-02-28,ST-07,Store Supplies,6168180.0,Packaging & supplies,SUP-202502
105741,2026-08-30,ST-07,Revenue - Food,-54685400.0,Weekly POS sales Food,POS-07260824
105742,15/06/2025,ST-01,COGS - Beverage,25579985.0,Weekly COGS Beverage,INV-01250609
105743,"Mar 15, 2026",ST-06,COGS - Food,50925037.0,Weekly COGS Food,INV-06260309
105744,2025-05-31,ST-06,COGS - Food,39998432.0,Weekly COGS Food,INV-06250526
105745,"Sep 07, 2025",ST-04,COGS - Beverage,20013077.0,Weekly COGS Beverage,INV-04250901
105746,14/09/2025,ST-04,Revenue - Merchandise,-47065900.0,Weekly POS sales Merchandise,POS-04250908
105747,2026-03-31,ST-10,Revenue - Food,-44815600.0,Weekly POS sales Food,POS-10260330
105748,14/12/2025,ST-03,COGS - Beverage,36377739.0,Weekly COGS Beverage,INV-03251208
105749,2025-07-27,ST-03,COGS - Merchandise,"55,122,500",Weekly COGS Merchandise,INV-03250721
105750,2026-01-31,ST-04,Depreciation - Store Assets,28000000.0,Monthly depreciation,DEP-202601
105751,28/02/2026,ST-03,COGS - Beverage,36353294.0,Weekly COGS Beverage,INV-03260223
105752,"Mar 07, 2025",ST-08,Revenue - Beverage,-18777000.0,Weekly POS sales Beverage,POS-08250301
105753,23/08/2026,ST-02,COGS - Beverage,20772513.0,Weekly COGS Beverage,INV-02260817
105754,31/03/2025,ST-05,COGS - Food,43272707.0,Weekly COGS Food,INV-05250331
105755,2026-07-31,ST-02,Delivery Platform Commission,39777219.0,Delivery aggregator fees,DLV-202607
105756,2025-01-31,ST-03,Delivery Platform Commission,83776167.0,Delivery aggregator fees,DLV-202501
105757,"Oct 07, 2025",ST-04,Revenue - Merchandise,-48307000.0,Weekly POS sales Merchandise,POS-04251001
105758,"Jan 07, 2026",ST-03,COGS - Beverage,34595572.0,Weekly COGS Beverage,INV-03260101
105759,2026-09-30,ST-08,Payroll - Store Staff,79252425.0,Monthly store payroll,PR-202609
105760,"Jan 31, 2026",ST-09,COGS - Food,49565213.0,Weekly COGS Food,INV-09260126
105761,2026-09-30,ST-09,Revenue - Merchandise,"-48,804,800",Weekly POS sales Merchandise,POS-09260928
105762,"Jan 11, 2026",ST-03,Revenue - Merchandise,-95450400.0,Weekly POS sales Merchandise,POS-03260105
105763,30/03/2025,ST-02,Revenue - Merchandise,"-46,075,600",Weekly POS sales Merchandise,POS-02250324
105764,"Aug 31, 2026",ST-07,Repairs & Maintenance,9659000.0,R&M,RPM-202608
105765,"Mar 07, 2026",ST-09,COGS - Merchandise,"31,057,052",Weekly COGS Merchandise,INV-09260301
105766,"May 24, 2026",ST-04,COGS - Beverage,19702991.0,Weekly COGS Beverage,INV-04260518
105767,"May 17, 2026",ST-03,Revenue - Beverage,-73150400.0,Weekly POS sales Beverage,POS-03260511
105768,31/07/2026,ST-05,Marketing - Local,16069527.0,Local store marketing,MKT-202607
105769,"Mar 08, 2026",ST-09,COGS - Beverage,17148275.0,Weekly COGS Beverage,INV-09260302
105770,2025-08-17,ST-03,COGS - Beverage,28862697.0,Weekly COGS Beverage,INV-03250811
105771,2025-02-23,ST-04,Revenue - Merchandise,-56755300.0,Weekly POS sales Merchandise,POS-04250217
105772,"Sep 07, 2025",ST-02,COGS - Merchandise,31339364.0,Weekly COGS Merchandise,INV-02250901
105773,"Mar 16, 2025",ST-03,COGS - Food,60536786.0,Weekly COGS Food,INV-03250310
105774,"May 11, 2025",ST-05,Revenue - Food,-88300800.0,Weekly POS sales Food,POS-05250505
105775,2025-07-13,ST-06,Revenue - Merchandise,-42634800.0,Weekly POS sales Merchandise,POS-06250707
105776,2026-01-31,ST-08,Revenue - Beverage,-38628200.0,Weekly POS sales Beverage,POS-08260126
105777,14/06/2026,ST-03,COGS - Food,78150157.0,Weekly COGS Food,INV-03260608
105778,2025-09-30,ST-07,Marketing - Local,3694391.0,Local store marketing,MKT-202509
105779,2025-10-31,ST-07,Store Supplies,3719970.0,Packaging & supplies,SUP-202510
105780,21/06/2026,ST-05,COGS - Merchandise,40618872.0,Weekly COGS Merchandise,INV-05260615
105781,"Feb 07, 2026",ST-07,COGS - Food,38051581.0,Weekly COGS Food,INV-07260201
105782,"Jan 11, 2026",ST-07,REVENUE - MERCHANDISE,-42122600.0,Weekly POS sales Merchandise,POS-07260105
105783,"Apr 07, 2025",ST-03,COGS - Merchandise,44034538.0,Weekly COGS Merchandise,INV-03250401
105784,"Oct 31, 2025",ST-03,DELIVERY PLATFORM COMMISSION,55449745.0,Delivery aggregator fees,DLV-202510
105785,30/06/2026,ST-10,Rent Expense,41637000.0,Store rent,RNT-202606
105786,2026-02-15,ST-11,Revenue - Merchandise,-30360000.0,Weekly POS sales Merchandise,POS-11260209
105787,2026-09-27,ST-08,Revenue - Merchandise,-27397200.0,Weekly POS sales Merchandise,POS-08260921
105788,19/10/2025,ST-09,COGS - Merchandise,33216721.0,Weekly COGS Merchandise,INV-09251013
105789,22/02/2026,ST-04,Revenue - Food,-118215000.0,Weekly POS sales Food,POS-04260216
105790,"Jan 07, 2026",ST-10,COGS - BEVERAGE,11023237.0,Weekly COGS Beverage,INV-10260101
105791,"Jan 11, 2026",ST-03,COGS - Merchandise,65830636.0,Weekly COGS Merchandise,INV-03260105
105792,"May 11, 2025",ST-06,COGS - Merchandise,33955216.0,Weekly COGS Merchandise,INV-06250505
105793,"May 07, 2025",ST-01,Revenue - Merchandise,"-73,911,200",Weekly POS sales Merchandise,POS-01250501
105794,"Jan 11, 2026",ST-04,Revenue - Food,-87354000.0,Weekly POS sales Food,POS-04260105
105795,14/06/2026,ST-08,Revenue - Merchandise,-29136800.0,Weekly POS sales Merchandise,POS-08260608
105796,2026-09-30,ST-05,COGS - Beverage,23975983.0,Weekly COGS Beverage,INV-05260928
105797,2025-03-30,ST-04,Revenue - Beverage,-48706000.0,Weekly POS sales Beverage,POS-04250324
105798,2025-07-20,ST-6,Revenue - Merchandise,-51302000.0,Weekly POS sales Merchandise,POS-06250714
105799,2025-09-21,ST-04,Revenue - Merchandise,-43279500.0,Weekly POS sales Merchandise,POS-04250915
105800,"Sep 07, 2026",ST-03,Revenue - Food,-127142400.0,Weekly POS sales Food,POS-03260901
105801,2026-05-31,ST-12,Marketing - Local,4510399.0,Local store marketing,MKT-202605
105802,31/12/2025,,Repairs & Maintenance,13281000.0,R&M,RPM-202512
105803,"Apr 07, 2025",ST-09,Revenue - Food,-39536400.0,Weekly POS sales Food,POS-09250401
105804,27/09/2026,ST-12,Revenue - Merchandise,-20217600.0,Weekly POS sales Merchandise,POS-12260921
105805,"Aug 07, 2025",ST-10,COGS - Beverage,6915667.0,Weekly COGS Beverage,INV-10250801
105806,2025-09-30,ST-09,Rent Expense,70611000.0,Store rent,RNT-202509
105807,"Jan 31, 2025",ST-03,COGS - Food,77282751.0,Weekly COGS Food,INV-03250127
105808,"Sep 30, 2025",ST-09,COGS - Merchandise,27219427.0,Weekly COGS Merchandise,INV-09250929
105809,"Oct 07, 2025",ST-02,Revenue - Food,-80125500.0,Weekly POS sales Food,POS-02251001
105810,2026-07-31,ST-10,Utilities,10829655.0,Electricity & water,UTL-202607
105811,"May 25, 2025",ST-07,Revenue - Merchandise,-30855000.0,Weekly POS sales Merchandise,POS-07250519
105812,23/08/2026,ST-04,Revenue - Food,-91535400.0,Weekly POS sales Food,POS-04260817
105813,30/11/2025,ST-02,COGS - Beverage,22609840.0,Weekly COGS Beverage,INV-02251124
105814,25/01/2026,ST-07,Revenue - Food,-63119100.0,Weekly POS sales Food,POS-07260119
105815,"Aug 07, 2025",ST-10,Revenue - Merchandise,-15130500.0,Weekly POS sales Merchandise,POS-10250801
105816,"Dec 21, 2025",ST-02,COGS - Beverage,22348927.0,Weekly COGS Beverage,INV-02251215
105817,2025-07-31,ST-07,Repairs & Maintenance,3582000.0,R&M,RPM-202507
105818,"Jan 19, 2025",ST-05,COGS - Food,50164046.0,Weekly COGS Food,INV-05250113
105819,2026-07-31,ST-03,Payroll - Store Staff,197371918.0,Monthly store payroll,PR-202607
105820,"Jun 07, 2026",ST-05,Revenue - Beverage,-63544800.0,Weekly POS sales Beverage,POS-05260601
105821,2025-03-30,ST-03,Revenue - Merchandise,-65453400.0,Weekly POS sales Merchandise,POS-03250324
105822,31/07/2026,ST-08,COGS - Beverage,15977994.0,Weekly COGS Beverage,INV-08260727
105823,2025-02-28,ST-01,Revenue - Food,-152220000.0,Weekly POS sales Food,POS-01250224
105824,27/04/2025,ST-04,COGS - Merchandise,32308422.0,Weekly COGS Merchandise,INV-04250421
105825,31/03/2026,ST-03,Marketing - Local,13953616.0,Local store marketing,MKT-202603
105826,15/06/2025,ST-02,COGS - Merchandise,32808616.0,Weekly COGS Merchandise,INV-02250609
105827,31/03/2026,ST-02,Utilities,13850966.0,Electricity & water,UTL-202603
105828,"Oct 12, 2025",ST-06,COGS - Merchandise,32127284.0,Weekly COGS Merchandise,INV-06251006
105829,2025-04-13,ST-04,Revenue - Merchandise,-45359100.0,Weekly POS sales Merchandise,POS-04250407
105830,28/02/2026,ST-05,Revenue - Beverage,"-72,974,400",Weekly POS sales Beverage,POS-05260223
105831,"May 07, 2026",ST-12,COGS - Food,17834432.0,Weekly COGS Food,INV-12260501
105832,2026-09-30,ST-11,Marketing - Local,12787811.0,Local store marketing,MKT-202609
105833,27/07/2025,ST-02,Revenue - Merchandise,-52621800.0,Weekly POS sales Merchandise,POS-02250721
105834,"Mar 07, 2026",ST-11,Revenue - Food,-42247200.0,Weekly POS sales Food,POS-11260301
105835,"Aug 31, 2025",ST-10,COGS - Food,15216619.0,Weekly COGS Food,INV-10250825
105836,"Mar 09, 2025",ST-07,Revenue - Food,-49534600.0,Weekly POS sales Food,POS-07250303
105837,2025-06-30,ST-05,COGS - Beverage,23263659.0,Weekly COGS Beverage,INV-05250630
105838,2025-08-31,ST-07,Marketing - Local,5125512.0,Local store marketing,MKT-202508
105839,"Jun 07, 2026",ST-11,Revenue - Food,-67448600.0,Weekly POS sales Food,POS-11260601
105840,"Sep 07, 2025",ST-10,COGS - Merchandise,10905670.0,Weekly COGS Merchandise,INV-10250901
105841,2026-07-19,ST-10,COGS - Food,30833675.0,Weekly COGS Food,INV-10260713
105842,"Sep 07, 2025",ST-07,COGS - Food,25389775.0,Weekly COGS Food,INV-07250901
105843,28/02/2026,ST-11,COGS - Merchandise,23224224.0,Weekly COGS Merchandise,INV-11260223
105844,13/09/2026,ST-06,Revenue - Beverage,-58365400.0,Weekly POS sales Beverage,POS-06260907
105845,"Jul 31, 2025",ST-08,COGS - Beverage,11114761.0,Weekly COGS Beverage,INV-08250728
105846,31/12/2025,ST-02,Revenue - Merchandise,-65097800.0,Weekly POS sales Merchandise,POS-02251229
105847,27/07/2025,ST-03,Revenue - Beverage,-84444900.0,Weekly POS sales Beverage,POS-03250721
105848,2026-02-28,ST-07,COGS - Merchandise,26686407.0,Weekly COGS Merchandise,INV-07260223
105849,19/07/2026,ST-08,COGS - Food,28971797.0,Weekly COGS Food,INV-08260713
105850,2025-08-17,ST-09,COGS - Beverage,"17,506,632",Weekly COGS Beverage,INV-09250811
105851,2026-02-15,ST-09,Revenue - Food,-95045500.0,Weekly POS sales Food,POS-09260209
105852,"Apr 07, 2025",ST-04,COGS - Food,49400797.0,Weekly COGS Food,INV-04250401
105853,14/06/2026,ST-05,Revenue - Merchandise,-44310600.0,Weekly POS sales Merchandise,POS-05260608
105854,2026-02-28,HQ,Marketing - Brand,140427157.0,Brand campaigns,MKT-HO-202602
105855,30/08/2026,ST-02,COGS - Food,42853527.0,Weekly COGS Food,INV-02260824
105856,"Nov 09, 2025",ST-10,COGS - Beverage,8317201.0,Weekly COGS Beverage,INV-10251103
105857,"Jun 30, 2025",ST-03,Revenue - Beverage,-74528400.0,Weekly POS sales Beverage,POS-03250630
105858,2025-12-28,ST-03,COGS - Food,88936184.0,Weekly COGS Food,INV-03251222
105859,2025-02-28,ST-05,Delivery Platform Commission,41926601.0,Delivery aggregator fees,DLV-202502
105860,31/07/2025,HQ,Bank Charges,13110000.0,Bank fees,BNK-202507
105861,30/11/2025,ST-07,COGS - Food,28949454.0,Weekly COGS Food,INV-07251124
105862,2025-12-31,ST-08,Utilities,12695004.0,Electricity & water,UTL-202512
105863,"Sep 07, 2025",ST-03 ,COGS - Beverage,26629206.0,Weekly COGS Beverage,INV-03250901
105864,"Apr 26, 2026",ST-04,Revenue - Food,-62804400.0,Weekly POS sales Food,POS-04260420
105865,"Apr 30, 2026",ST-10,Utilities,7821329.0,Electricity & water,UTL-202604
105866,2025-11-16,ST-05,COGS - Food,45536691.0,Weekly COGS Food,INV-05251110
105867,"Mar 09, 2025",ST-06,Revenue - Beverage,-46243000.0,Weekly POS sales Beverage,POS-06250303
105868,30/08/2026,ST-02 ,Revenue - Merchandise,"-50,068,200",Weekly POS sales Merchandise,POS-02260824
105869,2025-01-31,ST-08,Store Supplies,4031645.0,Packaging & supplies,SUP-202501
105870,2025-02-16,ST-01,COGS - Beverage,36665922.0,Weekly COGS Beverage,INV-01250210
105871,"Aug 07, 2025",ST-10,Revenue - Beverage,-19064600.0,Weekly POS sales Beverage,POS-10250801
105872,"May 07, 2025",ST-01,COGS - Food,81985403.0,Weekly COGS Food,INV-01250501
105873,"Mar 07, 2026",ST-08,Revenue - Beverage,-33329500.0,Weekly POS sales Beverage,POS-08260301
105874,"Jan 25, 2026",ST-05,COGS - Merchandise,42083719.0,Weekly COGS Merchandise,INV-05260119
105875,"Apr 20, 2025",ST-04,REVENUE - MERCHANDISE,-42340700.0,Weekly POS sales Merchandise,POS-04250414
105876,"Mar 31, 2025",ST-06,Delivery Platform Commission,32331955.0,Delivery aggregator fees,DLV-202503
105877,2026-04-19,ST-07,Revenue - Beverage,-36183600.0,Weekly POS sales Beverage,POS-07260413
105878,"Jan 07, 2025",ST-03,  Revenue - Food ,-137349600.0,Weekly POS sales Food,POS-03250101
105879,"May 07, 2025",ST-02,Revenue - Merchandise,-45410400.0,Weekly POS sales Merchandise,POS-02250501
105880,2025-06-29,ST-05,Revenue - Beverage,-56457800.0,Weekly POS sales Beverage,POS-05250623
105881,31/05/2025,ST-09,COGS - Merchandise,20493410.0,Weekly COGS Merchandise,INV-09250526
105882,2025-09-30,ST-09,Repairs & Maintenance,12430000.0,R&M,RPM-202509
105883,2025-06-30,ST-06,Depreciation - Store Assets,28000000.0,Monthly depreciation,DEP-202506
105884,2025-08-24,ST-06,Revenue - Merchandise,-46184000.0,Weekly POS sales Merchandise,POS-06250818
105885,"Apr 12, 2026",ST-05,  COGS - Beverage ,19457963.0,Weekly COGS Beverage,INV-05260406
105886,2026-04-26,ST-10,COGS - Beverage,11117118.0,Weekly COGS Beverage,INV-10260420
105887,30/11/2025,ST-10,Store Supplies,3607916.0,Packaging & supplies,SUP-202511
105888,2025-12-21,ST-01,Revenue - Merchandise,-79070400.0,Weekly POS sales Merchandise,POS-01251215
105889,13/09/2026,ST-10,COGS - Food,29375906.0,Weekly COGS Food,INV-10260907
105890,2026-05-31,ST-04,Rent Expense,71364000.0,Store rent,RNT-202605
105891,2026-05-24,ST-01,COGS - Food,74543362.0,Weekly COGS Food,INV-01260518
105892,"Feb 09, 2025",ST-05,Revenue - Beverage,-69942600.0,Weekly POS sales Beverage,POS-05250203
105893,"Aug 07, 2025",ST-07,COGS - Beverage,12410992.0,Weekly COGS Beverage,INV-07250801
105894,"Aug 07, 2025",ST-02,COGS - Merchandise,33968563.0,Weekly COGS Merchandise,INV-02250801
105895,31/08/2026,ST-04,Revenue - Food,-82437600.0,Weekly POS sales Food,POS-04260831
105896,30/09/2025,ST-05,Marketing - Local,18130021.0,Local store marketing,MKT-202509
105897,31/05/2026,ST-01,Revenue - Beverage,-86064000.0,Weekly POS sales Beverage,POS-01260525
105898,2026-07-31,ST-01,Store Supplies,"8,442,917",Packaging & supplies,SUP-202607
105899,"Nov 07, 2025",ST-03,COGS - Food,68524954.0,Weekly COGS Food,INV-03251101
105900,2026-03-29,ST-06,Revenue - Food,-70915600.0,Weekly POS sales Food,POS-06260323
105901,"Jul 07, 2026",ST-08,Revenue - Food,-62995700.0,Weekly POS sales Food,POS-08260701
105902,2026-06-30,HQ,Payroll - Head Office,315273000.0,HO payroll,PR-HO-202606
105903,14/09/2025,ST-09,Revenue - Beverage,-39364200.0,Weekly POS sales Beverage,POS-09250908
105904,"Sep 07, 2026",ST-04,Revenue - Beverage,-53422200.0,Weekly POS sales Beverage,POS-04260901
105905,21/12/2025,ST-08,COGS - Beverage,14777723.0,Weekly COGS Beverage,INV-08251215
105906,28/09/2025,ST-08,Revenue - Food,-46227000.0,Weekly POS sales Food,POS-08250922
105907,2025-02-28,ST-03,Payroll - Store Staff,199745549.0,Monthly store payroll,PR-202502
105908,31/10/2025,ST-09,COGS - Merchandise,30756926.0,Weekly COGS Merchandise,INV-09251027
105909,2025-11-30,ST-03,Store Supplies,14346168.0,Packaging & supplies,SUP-202511
105910,2025-09-30,ST-05,Depreciation - Store Assets,28000000.0,Monthly depreciation,DEP-202509
105911,"Apr 30, 2026",ST-02,Store Supplies,10208454.0,Packaging & supplies,SUP-202604
105912,2025-08-17,ST-04,COGS - Food,42883280.0,Weekly COGS Food,INV-04250811
105913,"May 18, 2025",ST-09,COGS - Merchandise,21963166.0,Weekly COGS Merchandise,INV-09250512
105914,2025-05-31,ST-04,Revenue - Beverage,-54739000.0,Weekly POS sales Beverage,POS-04250526
105915,2025-07-31,ST-07,Payroll - Store Staff,62064084.0,Monthly store payroll,PR-202507
105916,31/01/2026,ST-04,COGS - Food,58823579.0,Weekly COGS Food,INV-04260126
105917,17/05/2026,ST-06,COGS - Food,48390717.0,Weekly COGS Food,INV-06260511
105918,"Sep 07, 2026",ST-03,COGS - Merchandise,46994351.0,Weekly COGS Merchandise,INV-03260901
105919,2025-10-19,ST-03,  Revenue - Food ,-123457600.0,Weekly POS sales Food,POS-03251013
105920,2026-09-30,ST-06,COGS - Merchandise,30020217.0,Weekly COGS Merchandise,INV-06260928
105921,"Jul 12, 2026",ST-08,  Revenue - Merchandise ,-31590300.0,Weekly POS sales Merchandise,POS-08260706
105922,2025-01-31,ST-5,Revenue - Food,-89666100.0,Weekly POS sales Food,POS-05250127
105923,14/12/2025,ST-05,Revenue - Beverage,"-62,642,400",Weekly POS sales Beverage,POS-05251208
105924,2026-01-25,ST-08,Revenue - Merchandise,-31696500.0,Weekly POS sales Merchandise,POS-08260119
105925,2025-12-31,ST-09,Revenue - Food,-109925200.0,Weekly POS sales Food,POS-09251229
105926,13/07/2025,ST-02,Revenue - Merchandise,"-55,759,800",Weekly POS sales Merchandise,POS-02250707
105927,"Jun 21, 2026",ST-11,Revenue - Food,-72175600.0,Weekly POS sales Food,POS-11260615
105928,"Jun 22, 2025",ST-01,Revenue - Beverage,-79545400.0,Weekly POS sales Beverage,POS-01250616
105929,2025-04-30,ST-05,REPAIRS & MAINTENANCE,13652000.0,R&M,RPM-202504
105930,"Aug 07, 2026",ST-03,COGS - Beverage,28606703.0,Weekly COGS Beverage,INV-03260801
105931,2026-08-30,ST-07,REVENUE - MERCHANDISE,-31356000.0,Weekly POS sales Merchandise,POS-07260824
105932,2026-01-18,ST-03,Revenue - Food,-151344700.0,Weekly POS sales Food,POS-03260112
105933,2025-01-19,ST-02,Revenue - Food,-89008100.0,Weekly POS sales Food,POS-02250113
105934,"Dec 21, 2025",ST-10,Revenue - Merchandise,-25057200.0,Weekly POS sales Merchandise,POS-10251215
105935,"Jul 31, 2025",ST-06,Depreciation - Store Assets,28000000.0,Monthly depreciation,DEP-202507
105936,2025-05-18,ST-06,Revenue - Food,-74635200.0,Weekly POS sales Food,POS-06250512
105937,23/11/2025,ST-10,Revenue - Merchandise,-22896200.0,Weekly POS sales Merchandise,POS-10251117
105938,2025-12-31,ST-05,Delivery Platform Commission,44007037.0,Delivery aggregator fees,DLV-202512
105939,2026-07-31,ST-05,Store Supplies,11062417.0,Packaging & supplies,SUP-202607
105940,"Aug 07, 2026",ST-03,COGS - Merchandise,61388324.0,Weekly COGS Merchandise,INV-03260801
105941,2026-04-30,ST-09,COGS - Merchandise,36781705.0,Weekly COGS Merchandise,INV-09260427
105942,2026-06-28,ST-07,COGS - Beverage,13206873.0,Weekly COGS Beverage,INV-07260622
105943,2026-06-28,ST-09,COGS - Food,42162763.0,Weekly COGS Food,INV-09260622
105944,2025-03-31,ST-06,Store Supplies,9735153.0,Packaging & supplies,SUP-202503
105945,2025-12-21,ST-05,COGS - Beverage,26332379.0,Weekly COGS Beverage,INV-05251215
105946,"Jun 08, 2025",ST-06,Revenue - Merchandise,-48688000.0,Weekly POS sales Merchandise,POS-06250602
105947,2025-10-31,ST-03,Marketing - Local,10507273.0,Local store marketing,MKT-202510
105948,30/06/2026,ST-04,Store Supplies,9811374.0,Packaging & supplies,SUP-202606
105949,"Oct 12, 2025",ST-05,COGS - Food,45825208.0,Weekly COGS Food,INV-05251006
105950,"Sep 13, 2026",ST-08 ,COGS - Merchandise,22666943.0,Weekly COGS Merchandise,INV-08260907
105951,19/04/2026,ST-06,Revenue - Beverage,-55454200.0,Weekly POS sales Beverage,POS-06260413
105952,24/08/2025,ST-01,Revenue - Food,-140778200.0,Weekly POS sales Food,POS-01250818
105953,"Feb 08, 2026",ST-05,Revenue - Merchandise,-60693900.0,Weekly POS sales Merchandise,POS-05260202
105954,2025-10-31,ST-08,Payroll - Store Staff,66236592.0,Monthly store payroll,PR-202510
105955,2025-02-16,ST-04,COGS - Food,53871216.0,Weekly COGS Food,INV-04250210
105956,2025-01-19,ST-06,Revenue - Merchandise,-45823300.0,Weekly POS sales Merchandise,POS-06250113
105957,26/07/2026,ST-10,Revenue - Merchandise,-33321600.0,Weekly POS sales Merchandise,POS-10260720
105958,27/09/2026,ST-04,Revenue - Beverage,-54228300.0,Weekly POS sales Beverage,POS-04260921
105959,31/07/2026,ST-01,COGS - Food,82499562.0,Weekly COGS Food,INV-01260727
105960,2026-09-30,ST-01,Payroll - Store Staff,179337065.0,Monthly store payroll,PR-202609
105961,"Jan 18, 2026",ST-03,COGS - Beverage,34560318.0,Weekly COGS Beverage,INV-03260112
105962,2026-07-31,ST-03,Depreciation - Store Assets,43400000.0,Monthly depreciation,DEP-202607
105963,2026-09-30,ST-11,Depreciation - Store Assets,28000000.0,Monthly depreciation,DEP-202609
105964,2025-09-21,ST-04 ,COGS - Beverage,"17,561,176",Weekly COGS Beverage,INV-04250915
105965,"Jul 27, 2025",ST-09,COGS - Food,34029932.0,Weekly COGS Food,INV-09250721
105966,"Oct 12, 2025",ST-05,Revenue - Merchandise,-50068800.0,Weekly POS sales Merchandise,POS-05251006
105967,2026-06-30,ST-09,Revenue - Merchandise,-45408000.0,Weekly POS sales Merchandise,POS-09260629
105968,"May 07, 2026",ST-12,COGS - Beverage,6586495.0,Weekly COGS Beverage,INV-12260501
105969,"Jan 25, 2026",ST-04,COGS - BEVERAGE,23677417.0,Weekly COGS Beverage,INV-04260119
105970,"Mar 09, 2025",ST-09,COGS - Merchandise,18453157.0,Weekly COGS Merchandise,INV-09250303
105971,2025-03-31,ST-07,Revenue - Food,-39824200.0,Weekly POS sales Food,POS-07250331
105972,2025-11-30,ST-06,Revenue - Food,-85234500.0,Weekly POS sales Food,POS-06251124
105973,"May 31, 2025",ST-03,Revenue - Beverage,-77319000.0,Weekly POS sales Beverage,POS-03250526
105974,31/03/2025,ST-04,COGS - Beverage,16059735.0,Weekly COGS Beverage,INV-04250331
105975,2025-05-31,ST-01,Store Supplies,12031246.0,Packaging & supplies,SUP-202505
105976,2025-12-21,ST-10,Revenue - Food,-45149000.0,Weekly POS sales Food,POS-10251215
105977,"Sep 07, 2026",ST-11,Revenue - Beverage,-51399600.0,Weekly POS sales Beverage,POS-11260901
105978,17/05/2026,ST-03,Revenue - Food,-140530000.0,Weekly POS sales Food,POS-03260511
105979,"Apr 19, 2026",ST-07,Revenue - Merchandise,-29359000.0,Weekly POS sales Merchandise,POS-07260413
105980,2025-03-31,ST-04,Repairs & Maintenance,4649000.0,R&M,RPM-202503
105981,2025-09-30,ST-09,Revenue - Merchandise,"-36,693,000",Weekly POS sales Merchandise,POS-09250929
105982,"Jan 11, 2026",ST-01,COGS - Food,95746362.0,Weekly COGS Food,INV-01260105
105983,2025-09-14,ST-07,COGS - Merchandise,17062498.0,Weekly COGS Merchandise,INV-07250908
105984,2026-07-31,ST-07,COGS - Merchandise,24541656.0,Weekly COGS Merchandise,INV-07260727
105985,2025-12-28,ST-05,COGS - Merchandise,44110087.0,Weekly COGS Merchandise,INV-05251222
105986,2025-03-31,ST-06,Revenue - Merchandise,-45691800.0,Weekly POS sales Merchandise,POS-06250331
105987,28/06/2026,ST-11,COGS - Merchandise,26639252.0,Weekly COGS Merchandise,INV-11260622
105988,2026-01-25,ST-04,Revenue - Beverage,-64290600.0,Weekly POS sales Beverage,POS-04260119
105989,"Feb 28, 2026",ST-11,  Marketing - Local ,7188517.0,Local store marketing,MKT-202602
105990,"Aug 10, 2025",ST-03,Revenue - Food,-135342600.0,Weekly POS sales Food,POS-03250804
105991,2025-09-21,ST-02,COGS - Food,39733671.0,Weekly COGS Food,INV-02250915
105992,2026-01-31,ST-07,REVENUE - MERCHANDISE,-37114800.0,Weekly POS sales Merchandise,POS-07260126
105993,"Sep 20, 2026",ST-11,Revenue - Food,-66276600.0,Weekly POS sales Food,POS-11260914
105994,2025-03-31,ST-08,Utilities,6307542.0,Electricity & water,UTL-202503
105995,"Jun 30, 2025",ST-07,Repairs & Maintenance,3933000.0,R&M,RPM-202506
105996,2025-08-17,ST-07,COGS - Beverage,12320548.0,Weekly COGS Beverage,INV-07250811
105997,2025-03-23,ST-09,COGS - Food,21884783.0,Weekly COGS Food,INV-09250317
105998,"Jul 19, 2026",ST-07 ,Revenue - Beverage,-34510200.0,Weekly POS sales Beverage,POS-07260713
105999,31/07/2026,ST-06,Store Supplies,11000718.0,Packaging & supplies,SUP-202607
106000,"Aug 30, 2026",ST-11,COGS - Food,39585040.0,Weekly COGS Food,INV-11260824
106001,"Apr 12, 2026",ST-11,COGS - Food,24138661.0,Weekly COGS Food,INV-11260406
106002,"Jan 07, 2026",ST-02,COGS - Beverage,23770816.0,Weekly COGS Beverage,INV-02260101
106003,2025-03-31,ST-09,Delivery Platform Commission,26924190.0,Delivery aggregator fees,DLV-202503
106004,20/04/2025,ST-03,Revenue - Beverage,-71562900.0,Weekly POS sales Beverage,POS-03250414
106005,"Sep 27, 2026",ST-11,Revenue - Beverage,"-41,347,800",Weekly POS sales Beverage,POS-11260921
106006,2026-05-31,ST-04,Revenue - Beverage,-56991700.0,Weekly POS sales Beverage,POS-04260525
106007,"May 10, 2026",ST-09,COGS - Beverage,20838717.0,Weekly COGS Beverage,INV-09260504
106008,2026-04-19,ST-04,Revenue - Food,-77447300.0,Weekly POS sales Food,POS-04260413
106009,2025-10-31,HQ,Bank Charges,16367000.0,Bank fees,BNK-202510
106010,"Sep 07, 2025",ST-06,COGS - Beverage,18841199.0,Weekly COGS Beverage,INV-06250901
106011,2025-04-30,ST-03,COGS - Food,64177400.0,Weekly COGS Food,INV-03250428
106012,"Aug 07, 2026",ST-07,Revenue - Food,-52303600.0,Weekly POS sales Food,POS-07260801
106013,2026-09-20,ST-10,COGS - Beverage,12936217.0,Weekly COGS Beverage,INV-10260914
106014,21/09/2025,ST-01,Revenue - Food,-98060600.0,Weekly POS sales Food,POS-01250915
106015,"Aug 16, 2026",ST-04,Revenue - Merchandise,-56640000.0,Weekly POS sales Merchandise,POS-04260810
106016,"Feb 08, 2026",ST-08,COGS - Merchandise,25924164.0,Weekly COGS Merchandise,INV-08260202
106017,2025-02-23,ST-06,COGS - Beverage,25559322.0,Weekly COGS Beverage,INV-06250217
106018,2026-08-31,ST-06,Revenue - Merchandise,-56479200.0,Weekly POS sales Merchandise,POS-06260831
106019,15/03/2026,ST-01,COGS - Beverage,31417338.0,Weekly COGS Beverage,INV-01260309
106020,"Aug 09, 2026",ST-02,COGS - Merchandise,39309851.0,Weekly COGS Merchandise,INV-02260803
106021,2026-09-30,ST-04,Revenue - Beverage,-48163200.0,Weekly POS sales Beverage,POS-04260928
106022,"May 31, 2025",ST-05,REVENUE - FOOD,-74375300.0,Weekly POS sales Food,POS-05250526
106023,31/05/2025,ST-09,Marketing - Local,6376230.0,Local store marketing,MKT-202505
106024,"Dec 07, 2025",ST-01,COGS - Beverage,36446220.0,Weekly COGS Beverage,INV-01251201
106025,2025-07-31,ST-09,Delivery Platform Commission,26180772.0,Delivery aggregator fees,DLV-202507
106026,"Oct 31, 2025",ST-07,COGS - Beverage,11022785.0,Weekly COGS Beverage,INV-07251027
106027,20/07/2025,ST-06,COGS - Merchandise,36485123.0,Weekly COGS Merchandise,INV-06250714
106028,17/05/2026,ST-09,Revenue - Beverage,-53765400.0,Weekly POS sales Beverage,POS-09260511
106029,"Jan 31, 2025",ST-04,Marketing - Local,14992872.0,Local store marketing,MKT-202501
106030,2025-11-23,ST-04,COGS - Merchandise,36437868.0,Weekly COGS Merchandise,INV-04251117
106031,31/10/2025,ST-10,COGS - Beverage,7780792.0,Weekly COGS Beverage,INV-10251027
106032,2026-05-31,HQ,IT & Software,"58,307,000",SaaS & IT,ITS-202605
106033,2025-07-31,ST-08,Depreciation - Store Assets,17360000.0,Monthly depreciation,DEP-202507
106034,"Sep 30, 2025",ST-05,COGS - MERCHANDISE,30040960.0,Weekly COGS Merchandise,INV-05250929
106035,2026-07-19,ST-12,Revenue - Merchandise,-21851400.0,Weekly POS sales Merchandise,POS-12260713
106036,2025-08-31,ST-08,Revenue - Merchandise,-28670800.0,Weekly POS sales Merchandise,POS-08250825
106037,"Mar 09, 2025",ST-02,COGS - Merchandise,25508398.0,Weekly COGS Merchandise,INV-02250303
106038,31/08/2026,ST-10,Revenue - Merchandise,-32592000.0,Weekly POS sales Merchandise,POS-10260831
106039,31/05/2025,ST-09,Utilities,10431654.0,Electricity & water,UTL-202505
106040,2025-01-19,ST-07,Revenue - Food,-50136300.0,Weekly POS sales Food,POS-07250113
106041,31/03/2025,ST-05,COGS - Beverage,18228570.0,Weekly COGS Beverage,INV-05250331
106042,2025-12-31,ST-05,Revenue - Food,-110298000.0,Weekly POS sales Food,POS-05251229
106043,31/01/2025,ST-03,Revenue - Food,-134185600.0,Weekly POS sales Food,POS-03250127
106044,"Mar 07, 2026",ST-01,Revenue - Beverage,-88706000.0,Weekly POS sales Beverage,POS-01260301
106045,2025-09-14,ST-01,COGS - Food,69285039.0,Weekly COGS Food,INV-01250908
106046,2025-11-23,ST-10,COGS - Merchandise,17095899.0,Weekly COGS Merchandise,INV-10251117
106047,"May 10, 2026",ST-08,COGS - Merchandise,23610498.0,Weekly COGS Merchandise,INV-08260504
106048,28/02/2026,ST-05,Revenue - Food,-87165200.0,Weekly POS sales Food,POS-05260223
106049,"Jul 31, 2026",ST-01,Depreciation - Store Assets,43400000.0,Monthly depreciation,DEP-202607
106050,"Aug 07, 2026",ST-09,COGS - Beverage,18797332.0,Weekly COGS Beverage,INV-09260801
106051,23/03/2025,ST-01,Revenue - Food,-104221900.0,Weekly POS sales Food,POS-01250317
106052,2025-03-30,ST-05,COGS - Beverage,20193453.0,Weekly COGS Beverage,INV-05250324
106053,31/08/2025,ST-07,Repairs & Maintenance,11725000.0,R&M,RPM-202508
106054,31/08/2025,ST-10,Revenue - Merchandise,-15421400.0,Weekly POS sales Merchandise,POS-10250825
106055,2026-06-21,ST-07,Revenue - Beverage,-34744700.0,Weekly POS sales Beverage,POS-07260615
106056,"Apr 30, 2026",ST-06,Revenue - Beverage,-55195000.0,Weekly POS sales Beverage,POS-06260427
106057,"Aug 07, 2026",ST-06,Revenue - Food,-88882200.0,Weekly POS sales Food,POS-06260801
106058,2026-08-31,ST-01,Rent Expense,102796000.0,Store rent,RNT-202608
106059,2026-08-31,ST-03,COGS - Merchandise,61678357.0,Weekly COGS Merchandise,INV-03260831
106060,"Jul 27, 2025",ST-09,COGS - Beverage,14440022.0,Weekly COGS Beverage,INV-09250721
106061,"May 11, 2025",ST-02,COGS - Merchandise,38701620.0,Weekly COGS Merchandise,INV-02250505
106062,2026-03-29,ST-02,COGS - Merchandise,33383291.0,Weekly COGS Merchandise,INV-02260323
106063,"Oct 12, 2025",ST-02,Revenue - Food,-74595900.0,Weekly POS sales Food,POS-02251006
106064,2025-07-31,ST-09,COGS - Food,35317154.0,Weekly COGS Food,INV-09250728
106065,"Jul 31, 2026",ST-10,Payroll - Store Staff,72579689.0,Monthly store payroll,PR-202607
106066,"Dec 07, 2025",ST-07,Revenue - Food,-56275200.0,Weekly POS sales Food,POS-07251201
106067,"Jul 07, 2025",ST-03,COGS - Merchandise,55911688.0,Weekly COGS Merchandise,INV-03250701
106068,"Jun 22, 2025",ST-02,Revenue - Merchandise,-39459600.0,Weekly POS sales Merchandise,POS-02250616
106069,"Mar 07, 2026",ST-09,Revenue - Beverage,-47712800.0,Weekly POS sales Beverage,POS-09260301
106070,"Apr 19, 2026",ST-04,COGS - Food,43135580.0,Weekly COGS Food,INV-04260413
106071,"Feb 15, 2026",ST-07,Revenue - Merchandise,-43799800.0,Weekly POS sales Merchandise,POS-07260209
106072,31/08/2026,ST-04,Payroll - Store Staff,159755782.0,Monthly store payroll,PR-202608
106073,"Mar 29, 2026",ST-01,Revenue - Beverage,-80080000.0,Weekly POS sales Beverage,POS-01260323
106074,"Aug 07, 2026",ST-05,COGS - Merchandise,39020051.0,Weekly COGS Merchandise,INV-05260801
106075,31/01/2026,,Utilities,11552223.0,Electricity & water,UTL-202601
106076,14/06/2026,ST-10,Revenue - Food,-50971200.0,Weekly POS sales Food,POS-10260608
106077,31/10/2025,ST-02,COGS - Merchandise,32565203.0,Weekly COGS Merchandise,INV-02251027
106078,2026-02-15,ST-01,Revenue - Beverage,-111559700.0,Weekly POS sales Beverage,POS-01260209
106079,2026-01-31,ST-05,Revenue - Food,-89175200.0,Weekly POS sales Food,POS-05260126
106080,"May 07, 2025",ST-03,Revenue - Beverage,-69223000.0,Weekly POS sales Beverage,POS-03250501
106081,2025-08-31,ST-10,Depreciation - Store Assets,17360000.0,Monthly depreciation,DEP-202508
106082,2025-12-31,ST-06,COGS - Food,60319271.0,Weekly COGS Food,INV-06251229
106083,14/12/2025,ST-05,COGS - Food,52998370.0,Weekly COGS Food,INV-05251208
106084,"Aug 10, 2025",ST-03,COGS - Merchandise,49916128.0,Weekly COGS Merchandise,INV-03250804
106085,2025-01-19,ST-08,Revenue - Beverage,-24011200.0,Weekly POS sales Beverage,POS-08250113
106086,31/07/2026,HQ,Interest Expense,192064000.0,Loan interest,INT-202607
106087,2025-03-31,ST-02,Repairs & Maintenance,1719000.0,R&M,RPM-202503
106088,31/07/2026,ST-11,Utilities,17284104.0,Electricity & water,UTL-202607
106089,31/03/2026,ST-01,Revenue - Beverage,-86300800.0,Weekly POS sales Beverage,POS-01260330
106090,"Mar 07, 2026",ST-03,COGS - Food,69809217.0,Weekly COGS Food,INV-03260301
106091,2026-07-19,ST-06,COGS - Merchandise,43234397.0,Weekly COGS Merchandise,INV-06260713
106092,2025-08-31,ST-04,Depreciation - Store Assets,28000000.0,Monthly depreciation,DEP-202508
106093,2025-09-21,ST-09,COGS - Beverage,14663935.0,Weekly COGS Beverage,INV-09250915
106094,2025-05-31,ST-05,Payroll - Store Staff,110459721.0,Monthly store payroll,PR-202505
106095,2026-04-30,ST-01,Marketing - Local,21832763.0,Local store marketing,MKT-202604
106096,2026-07-26,ST-05,Revenue - Merchandise,-55428000.0,Weekly POS sales Merchandise,POS-05260720
106097,2025-09-30,ST-10,Utilities,5046800.0,Electricity & water,UTL-202509
106098,"Oct 12, 2025",ST-03,Revenue - Beverage,-79326000.0,Weekly POS sales Beverage,POS-03251006
106099,"Jun 08, 2025",ST-07,Revenue - Merchandise,-33950700.0,Weekly POS sales Merchandise,POS-07250602
106100,2025-09-14,ST-04,Revenue - Food,-79920500.0,Weekly POS sales Food,POS-04250908
106101,29/06/2025,ST-03,COGS - Beverage,30727211.0,Weekly COGS Beverage,INV-03250623
106102,"Sep 30, 2026",ST-11,COGS - Food,38464716.0,Weekly COGS Food,INV-11260928
106103,"Jul 12, 2026",ST-11,Revenue - Beverage,-46087200.0,Weekly POS sales Beverage,POS-11260706
106104,31/03/2026,ST-07,Repairs & Maintenance,10008000.0,R&M,RPM-202603
106105,2025-07-13,ST-03,Revenue - Beverage,-78839700.0,Weekly POS sales Beverage,POS-03250707
106106,31/05/2026,ST-05,Utilities,16943999.0,Electricity & water,UTL-202605
106107,"Oct 12, 2025",ST-03,Revenue - Food,-115420000.0,Weekly POS sales Food,POS-03251006
106108,"Aug 30, 2026",ST-09,COGS - Beverage,21830174.0,Weekly COGS Beverage,INV-09260824
106109,2025-06-15,ST-07,COGS - Merchandise,16673053.0,Weekly COGS Merchandise,INV-07250609
106110,"Mar 22, 2026",ST-02,COGS - Merchandise,33200658.0,Weekly COGS Merchandise,INV-02260316
106111,"Apr 13, 2025",ST-07,COGS - Merchandise,19805454.0,Weekly COGS Merchandise,INV-07250407
106112,2026-05-31,ST-05,Revenue - Food,-87696000.0,Weekly POS sales Food,POS-05260525
106113,31/07/2025,ST-03,Revenue - Merchandise,-78660000.0,Weekly POS sales Merchandise,POS-03250728
106114,"Jul 31, 2026",ST-08,Rent Expense,40812000.0,Store rent,RNT-202607
106115,2025-07-27,ST-08,Revenue - Merchandise,-27907200.0,Weekly POS sales Merchandise,POS-08250721
106116,31/08/2026,ST-08,COGS - Food,32888228.0,Weekly COGS Food,INV-08260831
106117,20/07/2025,ST-04 ,Revenue - Food,-78049200.0,Weekly POS sales Food,POS-04250714
106118,"Jan 12, 2025",ST-08,COGS - Beverage,10205885.0,Weekly COGS Beverage,INV-08250106
106119,13/07/2025,ST-06,COGS - Merchandise,30026126.0,Weekly COGS Merchandise,INV-06250707
106120,30/06/2025,ST-08,COGS - Merchandise,19451972.0,Weekly COGS Merchandise,INV-08250630
106121,"Jan 31, 2025",ST-04,COGS - Food,53945470.0,Weekly COGS Food,INV-04250127
106122,"Dec 07, 2025",ST-05,Revenue - Beverage,-59697000.0,Weekly POS sales Beverage,POS-05251201
106123,31/12/2025,ST-01,Utilities,28048371.0,Electricity & water,UTL-202512
106124,2026-01-31,ST-07,Depreciation - Store Assets,17360000.0,Monthly depreciation,DEP-202601
106125,"Jul 07, 2026",ST-09,COGS - Beverage,19624291.0,Weekly COGS Beverage,INV-09260701
106126,26/01/2025,ST-03,Revenue - Food,-130124800.0,Weekly POS sales Food,POS-03250120
106127,2025-07-31,ST-04,Delivery Platform Commission,43008362.0,Delivery aggregator fees,DLV-202507
106128,13/04/2025,ST-01,COGS - Merchandise,46444769.0,Weekly COGS Merchandise,INV-01250407
106129,2026-07-26,ST-04,Revenue - Beverage,-53079600.0,Weekly POS sales Beverage,POS-04260720
106130,2026-02-22,ST-07,COGS - Food,33104744.0,Weekly COGS Food,INV-07260216
106131,"Jun 08, 2025",ST-07,COGS - Merchandise,24277603.0,Weekly COGS Merchandise,INV-07250602
106132,2026-03-31,ST-07,COGS - Merchandise,21262914.0,Weekly COGS Merchandise,INV-07260330
106133,2026-07-31,ST-03,COGS - Beverage,36705556.0,Weekly COGS Beverage,INV-03260727
106134,2025-02-28,HQ,Office Rent & Admin,95237000.0,HO rent & admin,ADM-202502
106135,16/03/2025,ST-09,COGS - Food,25828198.0,Weekly COGS Food,INV-09250310
106136,2025-02-23,ST-02,COGS - Beverage,22081131.0,Weekly COGS Beverage,INV-02250217
106137,2026-04-30,ST-01,Repairs & Maintenance,12211000.0,R&M,RPM-202604
106138,19/10/2025,ST-07,Revenue - Merchandise,-33535200.0,Weekly POS sales Merchandise,POS-07251013
106139,2025-02-23,ST-08,COGS - Beverage,11745030.0,Weekly COGS Beverage,INV-08250217
106140,2026-02-28,ST-08,Repairs & Maintenance,13595000.0,R&M,RPM-202602
106141,2026-03-15,ST-08,Revenue - Beverage,-29835000.0,Weekly POS sales Beverage,POS-08260309
106142,19/04/2026,ST-01,COGS - Merchandise,50029926.0,Weekly COGS Merchandise,INV-01260413
106143,2025-12-21,ST-04,Revenue - Food,-102548400.0,Weekly POS sales Food,POS-04251215
106144,"Nov 16, 2025",ST-06,COGS - Merchandise,38241731.0,Weekly COGS Merchandise,INV-06251110
106145,"Mar 07, 2025",ST-01,Revenue - Food,-110860000.0,Weekly POS sales Food,POS-01250301
106146,22/06/2025,ST-09,COGS - Beverage,15569076.0,Weekly COGS Beverage,INV-09250616
106147,"May 07, 2026",ST-08,Revenue - Merchandise,-35509600.0,Weekly POS sales Merchandise,POS-08260501
106148,2025-07-13,ST-03,COGS - Merchandise,59740281.0,Weekly COGS Merchandise,INV-03250707
106149,2026-05-31,ST-06,Utilities,19629541.0,Electricity & water,UTL-202605
106150,"Jul 20, 2025",ST-02,Revenue - Food,-83404800.0,Weekly POS sales Food,POS-02250714
106151,16/11/2025,ST-01,COGS - Beverage,30494059.0,Weekly COGS Beverage,INV-01251110
106152,28/02/2025,ST-02,Payroll - Store Staff,"126,704,175",Monthly store payroll,PR-202502
106153,30/04/2026,ST-11,Revenue - Merchandise,"-28,036,800",Weekly POS sales Merchandise,POS-11260427
106154,2025-06-30,HQ,Interest Expense,165653000.0,Loan interest,INT-202506
106155,2025-06-29,ST-09,COGS - Food,34901057.0,Weekly COGS Food,INV-09250623
106156,2025-04-30,ST-04,COGS - Beverage,16548024.0,Weekly COGS Beverage,INV-04250428
106157,2025-11-23,ST-05,COGS - Beverage,18494545.0,Weekly COGS Beverage,INV-05251117
106158,2026-07-31,ST-08,Store Supplies,6310368.0,Packaging & supplies,SUP-202607
106159,2025-10-31,ST-09,Utilities,13977537.0,Electricity & water,UTL-202510
106160,30/09/2025,ST-10,COGS - Merchandise,10068229.0,Weekly COGS Merchandise,INV-10250929
106161,14/06/2026,ST-07,Revenue - Beverage,-35392500.0,Weekly POS sales Beverage,POS-07260608
106162,2026-09-20,ST-01,Revenue - Merchandise,-79972900.0,Weekly POS sales Merchandise,POS-01260914
106163,30/09/2025,ST-09,COGS - Food,36126473.0,Weekly COGS Food,INV-09250929
106164,2026-02-28,ST-07,Marketing - Local,8131639.0,Local store marketing,MKT-202602
106165,"Feb 07, 2026",ST-04,COGS - Beverage,23222636.0,Weekly COGS Beverage,INV-04260201
106166,2025-06-29,ST-06,COGS - Merchandise,35247131.0,Weekly COGS Merchandise,INV-06250623
106167,"Oct 07, 2025",ST-09,Revenue - Food,-64860000.0,Weekly POS sales Food,POS-09251001
106168,31/07/2026,ST-09,Delivery Platform Commission,32646086.0,Delivery aggregator fees,DLV-202607
106169,23/11/2025,ST-04,Revenue - Beverage,-49201200.0,Weekly POS sales Beverage,POS-04251117
106170,2025-04-20,ST-02,COGS - Food,45910175.0,Weekly COGS Food,INV-02250414
106171,"Aug 10, 2025",ST-01,Revenue - Food,-122815000.0,Weekly POS sales Food,POS-01250804
106172,"Jun 07, 2025",ST-07,Revenue - Beverage,-36069600.0,Weekly POS sales Beverage,POS-07250601
106173,"Mar 08, 2026",ST-02,Revenue - Merchandise,-47840000.0,Weekly POS sales Merchandise,POS-02260302
106174,2026-02-28,ST-06,Payroll - Store Staff,129111787.0,Monthly store payroll,PR-202602
106175,"Jul 31, 2026",ST-09,COGS - Food,56968929.0,Weekly COGS Food,INV-09260727
106176,2025-10-31,ST-01,COGS - Beverage,22329011.0,Weekly COGS Beverage,INV-01251027
106177,"Feb 07, 2026",ST-07,Revenue - Food,-64951800.0,Weekly POS sales Food,POS-07260201
106178,23/02/2025,ST-08,COGS - Food,"23,398,074",Weekly COGS Food,INV-08250217
106179,30/04/2025,HQ,Marketing - Brand,81546370.0,Brand campaigns,MKT-HO-202504
106180,2026-06-28,ST-11,Revenue - Beverage,-45936000.0,Weekly POS sales Beverage,POS-11260622
106181,2025-09-30,ST-03,Marketing - Local,19169333.0,Local store marketing,MKT-202509
106182,2026-06-28,ST-02,Revenue - Food,-77409000.0,Weekly POS sales Food,POS-02260622
106183,2025-09-30,ST-07,COGS - Merchandise,22955222.0,Weekly COGS Merchandise,INV-07250929
106184,2025-04-13,ST-03,COGS - Beverage,27721538.0,Weekly COGS Beverage,INV-03250407
106185,2025-11-16,ST-08,Revenue - Merchandise,-33169500.0,Weekly POS sales Merchandise,POS-08251110
106186,30/09/2026,ST-09,Revenue - Beverage,-48648600.0,Weekly POS sales Beverage,POS-09260928
106187,2025-06-15,ST-02,Revenue - Food,-70261600.0,Weekly POS sales Food,POS-02250609
106188,20/04/2025,ST-04,Revenue - Food,-80179200.0,Weekly POS sales Food,POS-04250414
106189,"Aug 07, 2025",ST-02,COGS - Food,45048570.0,Weekly COGS Food,INV-02250801
106190,"Apr 30, 2025",ST-09,COGS - Food,18870615.0,Weekly COGS Food,INV-09250428
106191,28/02/2026,ST-01,Marketing - Local,22080935.0,Local store marketing,MKT-202602
106192,2026-04-19,ST-06,COGS - Merchandise,38968209.0,Weekly COGS Merchandise,INV-06260413
106193,2026-01-25,ST-10,Revenue - Beverage,-32531200.0,Weekly POS sales Beverage,POS-10260119
106194,"May 11, 2025",ST-09 ,COGS - Food,28368856.0,Weekly COGS Food,INV-09250505
106195,"Jan 07, 2026",ST-04,COGS - Beverage,24073650.0,Weekly COGS Beverage,INV-04260101
106196,"Jun 07, 2025",ST-05,Revenue - Beverage,-49639200.0,Weekly POS sales Beverage,POS-05250601
106197,2026-05-31,ST-04,Utilities,14073941.0,Electricity & water,UTL-202605
106198,2026-03-31,ST-07,Utilities,13067953.0,Electricity & water,UTL-202603
106199,30/06/2025,ST-02,Revenue - Beverage,-51847200.0,Weekly POS sales Beverage,POS-02250630
106200,2025-10-19,ST-10,Revenue - Food,-27931200.0,Weekly POS sales Food,POS-10251013
106201,2025-12-28,ST-06,Revenue - Merchandise,-60347700.0,Weekly POS sales Merchandise,POS-06251222
106202,"Apr 19, 2026",ST-06,Revenue - Food,-64727700.0,Weekly POS sales Food,POS-06260413
106203,22/02/2026,ST-10,COGS - Merchandise,21568001.0,Weekly COGS Merchandise,INV-10260216
106204,2025-02-28,ST-04,Repairs & Maintenance,14227000.0,R&M,RPM-202502
106205,2026-09-30,ST-12,Delivery Platform Commission,17829065.0,Delivery aggregator fees,DLV-202609
106206,"May 11, 2025",ST-08,COGS - Merchandise,16411317.0,Weekly COGS Merchandise,INV-08250505
106207,"Feb 07, 2025",ST-05,Revenue - Merchandise,-52236800.0,Weekly POS sales Merchandise,POS-05250201
106208,2025-08-31,ST-03,COGS - Beverage,32807306.0,Weekly COGS Beverage,INV-03250825
106209,2026-07-31,ST-11,COGS - Beverage,17412080.0,Weekly COGS Beverage,INV-11260727
106210,"May 07, 2026",ST-01,Revenue - Beverage,-93384000.0,Weekly POS sales Beverage,POS-01260501
106211,26/01/2025,ST-03,COGS - Food,74825256.0,Weekly COGS Food,INV-03250120
106212,"Jun 07, 2025",ST-04,Revenue - Beverage,-47560000.0,Weekly POS sales Beverage,POS-04250601
106213,2025-09-30,ST-03,Revenue - Beverage,-80071800.0,Weekly POS sales Beverage,POS-03250929
106214,31/05/2026,ST-03,Delivery Platform Commission,65582782.0,Delivery aggregator fees,DLV-202605
106215,2025-04-13,ST-08,Revenue - Beverage,-25133600.0,Weekly POS sales Beverage,POS-08250407
106216,2025-07-20,ST-09,COGS - Beverage,14267125.0,Weekly COGS Beverage,INV-09250714
106217,"Jan 18, 2026",ST-07,COGS - Food,35838105.0,Weekly COGS Food,INV-07260112
106218,2025-12-31,ST-08,COGS - Beverage,16394204.0,Weekly COGS Beverage,INV-08251229
106219,26/01/2025,ST-07,Revenue - Food,-48205200.0,Weekly POS sales Food,POS-07250120
106220,"Jun 29, 2025",ST-04,Revenue - Merchandise,-39960000.0,Weekly POS sales Merchandise,POS-04250623
106221,23/08/2026,ST-03,Revenue - Food,-147557300.0,Weekly POS sales Food,POS-03260817
106222,2025-10-19,ST-09,COGS - Beverage,14388905.0,Weekly COGS Beverage,INV-09251013
106223,2025-10-31,ST-06,Rent Expense,67823000.0,Store rent,RNT-202510
106224,30/06/2025,ST-02,Marketing - Local,14071552.0,Local store marketing,MKT-202506
106225,2025-11-30,ST-05,Depreciation - Store Assets,28000000.0,Monthly depreciation,DEP-202511
106226,"Jul 07, 2025",ST-03,COGS - Beverage,35900989.0,Weekly COGS Beverage,INV-03250701
106227,18/05/2025,ST-01,COGS - Food,72789878.0,Weekly COGS Food,INV-01250512
106228,"Nov 09, 2025",ST-01,Revenue - Food,-139933800.0,Weekly POS sales Food,POS-01251103
106229,26/01/2025,ST-04,Revenue - Food,-81646200.0,Weekly POS sales Food,POS-04250120
106230,"Oct 12, 2025",ST-04,Revenue - Merchandise,-38934000.0,Weekly POS sales Merchandise,POS-04251006
106231,14/09/2025,ST-03,COGS - Merchandise,50879886.0,Weekly COGS Merchandise,INV-03250908
106232,"Jul 12, 2026",ST-07,COGS - Beverage,13241288.0,Weekly COGS Beverage,INV-07260706
106233,"Nov 07, 2025",ST-02,Revenue - Food,-92697900.0,Weekly POS sales Food,POS-02251101
106234,17/05/2026,ST-06,Revenue - Beverage,-60517200.0,Weekly POS sales Beverage,POS-06260511
106235,"Oct 12, 2025",ST-07,COGS - Merchandise,24555745.0,Weekly COGS Merchandise,INV-07251006
106236,"Sep 07, 2026",ST-02,COGS - Food,52222913.0,Weekly COGS Food,INV-02260901
106237,2025-04-30,ST-08,Revenue - Merchandise,-23575000.0,Weekly POS sales Merchandise,POS-08250428
106238,2026-02-28,ST-02,Payroll - Store Staff,152101376.0,Monthly store payroll,PR-202602
106239,2026-03-15,ST-04,REVENUE - MERCHANDISE,-56512200.0,Weekly POS sales Merchandise,POS-04260309
106240,30/08/2026,ST-08,Revenue - Beverage,-31416000.0,Weekly POS sales Beverage,POS-08260824
106241,2025-04-30,ST-09,Delivery Platform Commission,13159776.0,Delivery aggregator fees,DLV-202504
106242,24/05/2026,ST-05,COGS - Merchandise,36455783.0,Weekly COGS Merchandise,INV-05260518
106243,2025-12-28,ST-03,COGS - Beverage,38238256.0,Weekly COGS Beverage,INV-03251222
106244,"Jul 12, 2026",ST-08,COGS - Merchandise,22127379.0,Weekly COGS Merchandise,INV-08260706
106245,2025-08-31,ST-08,Rent Expense,42807000.0,Store rent,RNT-202508
106246,23/11/2025,ST-02,COGS - Merchandise,35904486.0,Weekly COGS Merchandise,INV-02251117
106247,2025-08-24,ST-06,COGS - Merchandise,34418814.0,Weekly COGS Merchandise,INV-06250818
106248,31/10/2025,ST-04,Marketing - Local,9126161.0,Local store marketing,MKT-202510
106249,27/04/2025,ST-07,COGS - Food,29363914.0,Weekly COGS Food,INV-07250421
106250,2026-05-24,ST-09,Revenue - Food,-82113000.0,Weekly POS sales Food,POS-09260518
106251,"Mar 31, 2025",ST-05,COGS - Merchandise,27546327.0,Weekly COGS Merchandise,INV-05250331
106252,2025-05-18,ST-06,COGS - Food,44335588.0,Weekly COGS Food,INV-06250512
106253,24/08/2025,ST-02,Revenue - Merchandise,-45531400.0,Weekly POS sales Merchandise,POS-02250818
106254,19/01/2025,ST-05,REVENUE - FOOD,-85600200.0,Weekly POS sales Food,POS-05250113
106255,"Oct 12, 2025",ST-01,Revenue - Merchandise,-70526000.0,Weekly POS sales Merchandise,POS-01251006
106256,2026-03-22,ST-02,COGS - Beverage,19194842.0,Weekly COGS Beverage,INV-02260316
106257,"Aug 10, 2025",ST-02,Revenue - Beverage,-49235800.0,Weekly POS sales Beverage,POS-02250804
106258,2026-03-31,ST-04,COGS - Merchandise,33573477.0,Weekly COGS Merchandise,INV-04260330
106259,2026-04-30,ST-05,Rent Expense,69558000.0,Store rent,RNT-202604
106260,2025-03-31,ST-08,Rent Expense,41642000.0,Store rent,RNT-202503
106261,28/12/2025,ST-09,Revenue - Merchandise,-57495100.0,Weekly POS sales Merchandise,POS-09251222
106262,"Jul 31, 2025",ST-02,Revenue - Food,-72998000.0,Weekly POS sales Food,POS-02250728
106263,29/03/2026,ST-01,COGS - Food,71073136.0,Weekly COGS Food,INV-01260323
106264,2025-03-16,ST-05,COGS - Merchandise,28593842.0,Weekly COGS Merchandise,INV-05250310
106265,2025-01-31,ST-02,Marketing - Local,15996932.0,Local store marketing,MKT-202501
106266,31/03/2025,ST-06,Repairs & Maintenance,8738000.0,R&M,RPM-202503
106267,2025-12-21,ST-02,Revenue - Food,-99320400.0,Weekly POS sales Food,POS-02251215
106268,2025-09-30,ST-06,Store Supplies,7541753.0,Packaging & supplies,SUP-202509
106269,"May 07, 2025",ST-05,COGS - Beverage,19474656.0,Weekly COGS Beverage,INV-05250501
106270,"Jun 07, 2026",ST-01,COGS - Merchandise,51598588.0,Weekly COGS Merchandise,INV-01260601
106271,2025-01-31,ST-08,Revenue - Food,-38216200.0,Weekly POS sales Food,POS-08250127
106272,"Feb 09, 2025",ST-04,Revenue - Beverage,-55688400.0,Weekly POS sales Beverage,POS-04250203
106273,31/05/2026,ST-01,COGS - Merchandise,51876662.0,Weekly COGS Merchandise,INV-01260525
106274,"Jul 07, 2025",ST-02,COGS - Merchandise,33969331.0,Weekly COGS Merchandise,INV-02250701
106275,30/03/2025,ST-06,Revenue - Beverage,-41739100.0,Weekly POS sales Beverage,POS-06250324
106276,14/12/2025,ST-07,Revenue - Beverage,-37562400.0,Weekly POS sales Beverage,POS-07251208
106277,"Aug 24, 2025",ST-05,Revenue - Food,-71481600.0,Weekly POS sales Food,POS-05250818
106278,2025-10-19,ST-04,COGS - Merchandise,28599396.0,Weekly COGS Merchandise,INV-04251013
106279,"Aug 10, 2025",ST-01 ,Revenue - Merchandise,-70642400.0,Weekly POS sales Merchandise,POS-01250804
106280,2026-06-30,HQ,Interest Expense,175018000.0,Loan interest,INT-202606
106281,2025-04-27,ST-01,COGS - Food,"72,200,439",Weekly COGS Food,INV-01250421
106282,"Jun 21, 2026",ST-10,Revenue - Food,-61143600.0,Weekly POS sales Food,POS-10260615
106283,2026-09-30,ST-02,Revenue - Merchandise,-56190600.0,Weekly POS sales Merchandise,POS-02260928
106284,31/03/2026,ST-07,Revenue - Food,-40372600.0,Weekly POS sales Food,POS-07260330
106285,2025-07-31,ST-09,Revenue - Food,-63112200.0,Weekly POS sales Food,POS-09250728
106286,23/02/2025,ST-01 ,Revenue - Merchandise,-76622000.0,Weekly POS sales Merchandise,POS-01250217
106287,"Oct 26, 2025",ST-03,COGS - Food,70881273.0,Weekly COGS Food,INV-03251020
106288,2026-05-31,ST-08,Payroll - Store Staff,66140477.0,Monthly store payroll,PR-202605
106289,2025-02-28,HQ,Bank Charges,11687000.0,Bank fees,BNK-202502
106290,2025-06-30,ST-07,COGS - Beverage,11003204.0,Weekly COGS Beverage,INV-07250630
106291,"Jan 25, 2026",ST-08,COGS - Merchandise,23242548.0,Weekly COGS Merchandise,INV-08260119
106292,23/11/2025,ST-07,Revenue - Food,-50139600.0,Weekly POS sales Food,POS-07251117
106293,2026-03-31,ST-07,Depreciation - Store Assets,17360000.0,Monthly depreciation,DEP-202603
106294,"Jul 19, 2026",ST-06,COGS - Food,52886197.0,Weekly COGS Food,INV-06260713
106295,2025-10-31,ST-10,Rent Expense,42268000.0,Store rent,RNT-202510
106296,31/08/2025,ST-01,Revenue - Food,-124944000.0,Weekly POS sales Food,POS-01250825
106297,"Jun 08, 2025",ST-09,  Revenue - Beverage ,-43193200.0,Weekly POS sales Beverage,POS-09250602
106298,"Mar 23, 2025",ST-06,COGS - Food,49300228.0,Weekly COGS Food,INV-06250317
106299,2025-02-16,ST-04,Revenue - Merchandise,-57119700.0,Weekly POS sales Merchandise,POS-04250210
106300,"Aug 31, 2025",ST-07,Utilities,10649374.0,Electricity & water,UTL-202508
106301,2026-09-13,ST-03,Revenue - Food,-138920000.0,Weekly POS sales Food,POS-03260907
106302,2025-09-14,ST-10,Revenue - Beverage,-18782400.0,Weekly POS sales Beverage,POS-10250908
106303,2025-08-17,ST-07,COGS - Merchandise,24449695.0,Weekly COGS Merchandise,INV-07250811
106304,"Aug 07, 2025",ST-02,COGS - Beverage,23851889.0,Weekly COGS Beverage,INV-02250801
106305,2026-07-31,HQ,IT & Software,53151000.0,SaaS & IT,ITS-202607
106306,13/09/2026,ST-03,COGS - Merchandise,57876929.0,Weekly COGS Merchandise,INV-03260907
106307,2025-03-31,ST-04,COGS - Food,36430753.0,Weekly COGS Food,INV-04250331
106308,"Oct 12, 2025",ST-08,COGS - Beverage,11300805.0,Weekly COGS Beverage,INV-08251006
106309,2026-01-18,ST-03,COGS - Merchandise,67545310.0,Weekly COGS Merchandise,INV-03260112
106310,"Jan 07, 2026",ST-08,Revenue - Beverage,-43475000.0,Weekly POS sales Beverage,POS-08260101
106311,2026-08-30,ST-04,Revenue - Merchandise,"-52,565,700",Weekly POS sales Merchandise,POS-04260824
106312,2026-02-15,ST-07,COGS - Beverage,15776406.0,Weekly COGS Beverage,INV-07260209
106313,31/07/2026,ST-10,Revenue - Food,-49560000.0,Weekly POS sales Food,POS-10260727
106314,"Jun 30, 2026",ST-12,Store Supplies,2141819.0,Packaging & supplies,SUP-202606
106315,2026-03-22,ST-08,COGS - Beverage,10183561.0,Weekly COGS Beverage,INV-08260316
106316,2026-03-31,ST-02,Rent Expense,69767000.0,Store rent,RNT-202603
106317,2025-04-30,ST-09,Utilities,7175363.0,Electricity & water,UTL-202504
106318,"Oct 26, 2025",ST-10,COGS - Merchandise,14815521.0,Weekly COGS Merchandise,INV-10251020
106319,2026-04-19,ST-05,COGS - Food,49867921.0,Weekly COGS Food,INV-05260413
106320,"Feb 07, 2026",ST-11,Revenue - Merchandise,-33930000.0,Weekly POS sales Merchandise,POS-11260201
106321,2026-08-31,HQ,Depreciation - HO Assets,44756000.0,HO depreciation,DEP-HO-202608
106322,30/04/2026,ST-01,Delivery Platform Commission,71021609.0,Delivery aggregator fees,DLV-202604
106323,30/04/2026,ST-05,Payroll - Store Staff,114400747.0,Monthly store payroll,PR-202604
106324,2025-07-27,ST-05,Revenue - Merchandise,-44419300.0,Weekly POS sales Merchandise,POS-05250721
106325,31/05/2026,ST-10,Revenue - Merchandise,-30893100.0,Weekly POS sales Merchandise,POS-10260525
106326,"Mar 23, 2025",ST-04,Revenue - Beverage,-45240000.0,Weekly POS sales Beverage,POS-04250317
106327,2026-02-15,ST-03,Revenue - Beverage,"-100,141,400",Weekly POS sales Beverage,POS-03260209
106328,2026-07-19,ST-09,Revenue - Food,-88354800.0,Weekly POS sales Food,POS-09260713
106329,"Dec 07, 2025",ST-08,Revenue - Beverage,-37682000.0,Weekly POS sales Beverage,POS-08251201
106330,"Jun 29, 2025",ST-01,Revenue - Merchandise,-73114200.0,Weekly POS sales Merchandise,POS-01250623
106331,"Mar 31, 2025",ST-02,Revenue - Beverage,-43756700.0,Weekly POS sales Beverage,POS-02250331
106332,"Jun 07, 2026",ST-06,Revenue - Food,-85746600.0,Weekly POS sales Food,POS-06260601
106333,23/03/2025,ST-03 ,Revenue - Beverage,-64827000.0,Weekly POS sales Beverage,POS-03250317
106334,"Jul 07, 2026",ST-06,COGS - Beverage,23294267.0,Weekly COGS Beverage,INV-06260701
106335,"Jul 12, 2026",ST-02,COGS - Food,51185987.0,Weekly COGS Food,INV-02260706
106336,31/03/2026,ST-11,COGS - Beverage,10636485.0,Weekly COGS Beverage,INV-11260330
106337,2025-10-19,ST-04,COGS - FOOD,54106602.0,Weekly COGS Food,INV-04251013
106338,"May 07, 2025",ST-02,  COGS - Merchandise ,31024556.0,Weekly COGS Merchandise,INV-02250501
106339,2026-08-31,ST-02,  Depreciation - Store Assets ,28000000.0,Monthly depreciation,DEP-202608
106340,2025-03-16,ST-08,COGS - Food,19437826.0,Weekly COGS Food,INV-08250310
106341,"Apr 30, 2025",HQ,Office Rent & Admin,104397000.0,HO rent & admin,ADM-202504
106342,"Aug 07, 2026",ST-09,COGS - Merchandise,40144675.0,Weekly COGS Merchandise,INV-09260801
106343,2026-06-14,ST-11,Revenue - Merchandise,-41071200.0,Weekly POS sales Merchandise,POS-11260608
106344,15/03/2026,ST-07,Revenue - Merchandise,-30176000.0,Weekly POS sales Merchandise,POS-07260309
106345,"Jan 31, 2026",ST-10,Utilities,9114009.0,Electricity & water,UTL-202601
106346,"Mar 07, 2025",ST-04,COGS - Merchandise,31644915.0,Weekly COGS Merchandise,INV-04250301
106347,18/05/2025,ST-02,COGS - Food,45913197.0,Weekly COGS Food,INV-02250512
106348,21/06/2026,ST-05,Revenue - Merchandise,-57645000.0,Weekly POS sales Merchandise,POS-05260615
106349,"Feb 07, 2026",ST-05,Revenue - Beverage,-61457300.0,Weekly POS sales Beverage,POS-05260201
106350,2026-03-31,ST-06,Revenue - Beverage,-46775600.0,Weekly POS sales Beverage,POS-06260330
106351,2026-03-15,ST-08,COGS - Merchandise,19790790.0,Weekly COGS Merchandise,INV-08260309
106352,2025-11-30,ST-05,COGS - Beverage,18477329.0,Weekly COGS Beverage,INV-05251124
106353,"Apr 07, 2025",ST-04,COGS - Merchandise,32792118.0,Weekly COGS Merchandise,INV-04250401
106354,30/04/2025,ST-05,Payroll - Store Staff,94059834.0,Monthly store payroll,PR-202504
106355,2026-08-16,ST-11,COGS - Beverage,16063632.0,Weekly COGS Beverage,INV-11260810
106356,"Sep 27, 2026",ST-02,COGS - Beverage,23854682.0,Weekly COGS Beverage,INV-02260921
106357,"Apr 30, 2026",ST-03,Payroll - Store Staff,173494853.0,Monthly store payroll,PR-202604
106358,14/06/2026,ST-06 ,Revenue - Beverage,-58055400.0,Weekly POS sales Beverage,POS-06260608
106359,"Jul 12, 2026",ST-03,Revenue - Merchandise,-66882000.0,Weekly POS sales Merchandise,POS-03260706
106360,"Nov 07, 2025",ST-10,Revenue - Merchandise,-19352000.0,Weekly POS sales Merchandise,POS-10251101
106361,2026-03-15,ST-11,Revenue - Food,-39585700.0,Weekly POS sales Food,POS-11260309
106362,2025-09-30,ST-06,Utilities,15121960.0,Electricity & water,UTL-202509
106363,20/07/2025,ST-02,Revenue - Merchandise,-49755300.0,Weekly POS sales Merchandise,POS-02250714
106364,2026-06-30,ST-08,Store Supplies,4007019.0,Packaging & supplies,SUP-202606
106365,2026-05-31,ST-06,Revenue - Beverage,-59480500.0,Weekly POS sales Beverage,POS-06260525
106366,"Sep 07, 2026",ST-03,COGS - Beverage,34076909.0,Weekly COGS Beverage,INV-03260901
106367,2025-01-31,ST-07,Rent Expense,42062000.0,Store rent,RNT-202501
106368,2026-06-21,ST-06,COGS - Beverage,21411755.0,Weekly COGS Beverage,INV-06260615
106369,"Jan 12, 2025",ST-08,COGS - Merchandise,15840054.0,Weekly COGS Merchandise,INV-08250106
106370,"Apr 30, 2025",ST-02,Rent Expense,69518000.0,Store rent,RNT-202504
106371,2025-03-31,ST-05,Marketing - Local,16723461.0,Local store marketing,MKT-202503
106372,"May 07, 2026",ST-03,COGS - Food,78916751.0,Weekly COGS Food,INV-03260501
106373,"Jan 07, 2025",ST-07,Revenue - Beverage,-31185600.0,Weekly POS sales Beverage,POS-07250101
106374,2026-04-30,ST-05,Depreciation - Store Assets,28000000.0,Monthly depreciation,DEP-202604
106375,"Jun 30, 2026",ST-09,Rent Expense,67898000.0,Store rent,RNT-202606
106376,2025-06-15,ST-08,Revenue - Beverage,-29764200.0,Weekly POS sales Beverage,POS-08250609
106377,"Dec 14, 2025",ST-03,Revenue - Food,-151353000.0,Weekly POS sales Food,POS-03251208
106378,25/01/2026,ST-06,COGS - Beverage,22236698.0,Weekly COGS Beverage,INV-06260119
106379,"Dec 07, 2025",ST-08,COGS - Merchandise,26019396.0,Weekly COGS Merchandise,INV-08251201
106380,17/08/2025,ST-01,Revenue - Food,-115715600.0,Weekly POS sales Food,POS-01250811
106381,"Mar 31, 2025",ST-08,Store Supplies,3462086.0,Packaging & supplies,SUP-202503
106382,28/02/2026,ST-11,Revenue - Beverage,-35029500.0,Weekly POS sales Beverage,POS-11260223
106383,28/06/2026,ST-08,COGS - Food,31051442.0,Weekly COGS Food,INV-08260622
106384,"Jan 07, 2026",ST-02,Revenue - Beverage,-63566000.0,Weekly POS sales Beverage,POS-02260101
106385,16/11/2025,ST-09,Revenue - Food,-88242400.0,Weekly POS sales Food,POS-09251110
106386,"Sep 30, 2025",ST-01,Revenue - Beverage,-67698900.0,Weekly POS sales Beverage,POS-01250929
106387,"Jun 15, 2025",ST-04,COGS - Merchandise,35188035.0,Weekly COGS Merchandise,INV-04250609
106388,"Mar 07, 2026",ST-07,COGS - Beverage,12247505.0,Weekly COGS Beverage,INV-07260301
106389,2026-03-15,ST-07,Revenue - Food,-47734000.0,Weekly POS sales Food,POS-07260309
106390,2025-02-16,ST-05,COGS - Food,"51,857,971",Weekly COGS Food,INV-05250210
106391,30/09/2026,ST-12,COGS - Food,23728414.0,Weekly COGS Food,INV-12260928
106392,"May 11, 2025",ST-07,COGS - Merchandise,20176913.0,Weekly COGS Merchandise,INV-07250505
106393,"Mar 08, 2026",ST-10,COGS - Food,23179061.0,Weekly COGS Food,INV-10260302
106394,28/06/2026,ST-08,COGS - Beverage,13577277.0,Weekly COGS Beverage,INV-08260622
106395,"Aug 16, 2026",ST-06,COGS - MERCHANDISE,"35,356,267",Weekly COGS Merchandise,INV-06260810
106396,2025-02-23,ST-05 ,COGS - Food,62368523.0,Weekly COGS Food,INV-05250217
106397,"Apr 12, 2026",ST-04,COGS - Merchandise,30579692.0,Weekly COGS Merchandise,INV-04260406
106398,2026-05-31,ST-09,Utilities,18553585.0,Electricity & water,UTL-202605
106399,"Feb 15, 2026",ST-05,COGS - Merchandise,43160298.0,Weekly COGS Merchandise,INV-05260209
106400,2025-04-30,ST-01,Delivery Platform Commission,43785098.0,Delivery aggregator fees,DLV-202504
106401,"Nov 07, 2025",ST-05,COGS - Beverage,21017111.0,Weekly COGS Beverage,INV-05251101
106402,30/11/2025,ST-02,DELIVERY PLATFORM COMMISSION,50163159.0,Delivery aggregator fees,DLV-202511
106403,2026-03-31,ST-04,Depreciation - Store Assets,28000000.0,Monthly depreciation,DEP-202603
106404,"Feb 07, 2025",ST-04,COGS - Beverage,23549318.0,Weekly COGS Beverage,INV-04250201
106405,2025-12-14,ST-06,COGS - Beverage,25034048.0,Weekly COGS Beverage,INV-06251208
106406,30/06/2026,ST-03,COGS - Merchandise,57837575.0,Weekly COGS Merchandise,INV-03260629
106407,2025-09-21,ST-06,COGS - Food,49770074.0,Weekly COGS Food,INV-06250915
106408,2025-01-31,ST-01,Delivery Platform Commission,56265737.0,Delivery aggregator fees,DLV-202501
106409,31/08/2026,ST-03,Utilities,27562218.0,Electricity & water,UTL-202608
106410,2025-03-16,ST-09,COGS - Merchandise,"16,109,673",Weekly COGS Merchandise,INV-09250310
106411,2026-07-19,ST-10,Revenue - Beverage,-33880000.0,Weekly POS sales Beverage,POS-10260713
106412,16/02/2025,ST-08,Revenue - Beverage,-28280000.0,Weekly POS sales Beverage,POS-08250210
106413,"Jun 07, 2026",ST-12,COGS - Merchandise,11846409.0,Weekly COGS Merchandise,INV-12260601
106414,"Mar 08, 2026",ST-03,Revenue - Merchandise,-63369600.0,Weekly POS sales Merchandise,POS-03260302
106415,18/01/2026,ST-05,Revenue - Beverage,-72459400.0,Weekly POS sales Beverage,POS-05260112
106416,"Feb 07, 2026",ST-08,COGS - Merchandise,30368005.0,Weekly COGS Merchandise,INV-08260201
106417,2026-07-26,ST-12,COGS - Beverage,"7,909,837",Weekly COGS Beverage,INV-12260720
106418,"Apr 07, 2025",ST-08,COGS - Food,18959001.0,Weekly COGS Food,INV-08250401
106419,2025-10-31,ST-02,COGS - Food,47167049.0,Weekly COGS Food,INV-02251027
106420,2025-08-31,ST-03,Store Supplies,12108062.0,Packaging & supplies,SUP-202508
106421,"Mar 08, 2026",ST-08,COGS - Beverage,11808231.0,Weekly COGS Beverage,INV-08260302
106422,"Mar 08, 2026",ST-08,Revenue - Merchandise,-33583000.0,Weekly POS sales Merchandise,POS-08260302
106423,"May 31, 2026",ST-06,Depreciation - Store Assets,28000000.0,Monthly depreciation,DEP-202605
106424,2025-10-19,ST-10,COGS - Food,16837345.0,Weekly COGS Food,INV-10251013
106425,"May 07, 2026",ST-09,COGS - Beverage,19051242.0,Weekly COGS Beverage,INV-09260501
106426,"Jul 31, 2026",ST-06,Repairs & Maintenance,6303000.0,R&M,RPM-202607
106427,"Aug 31, 2026",ST-01,Store Supplies,14485969.0,Packaging & supplies,SUP-202608
106428,"Jan 07, 2026",ST-04,COGS - Merchandise,40984909.0,Weekly COGS Merchandise,INV-04260101
106429,2026-04-19,ST-01,Revenue - Beverage,-92097200.0,Weekly POS sales Beverage,POS-01260413
106430,23/02/2025,ST-01,Revenue - Beverage,-108521600.0,Weekly POS sales Beverage,POS-01250217
106431,"Jan 12, 2025",ST-05,COGS - Beverage,24983487.0,Weekly COGS Beverage,INV-05250106
106432,"Sep 07, 2026",ST-10,Revenue - Food,-55707000.0,Weekly POS sales Food,POS-10260901
106433,"Jun 07, 2025",ST-03,COGS - Beverage,27675948.0,Weekly COGS Beverage,INV-03250601
106434,"Jun 07, 2025",ST-03,Revenue - Merchandise,-64702300.0,Weekly POS sales Merchandise,POS-03250601
106435,2026-08-31,ST-03,Revenue - Merchandise,-85394400.0,Weekly POS sales Merchandise,POS-03260831
106436,"Apr 30, 2026",ST-01,COGS - Merchandise,53622284.0,Weekly COGS Merchandise,INV-01260427
106437,2026-05-17,ST-01,COGS - Merchandise,58491199.0,Weekly COGS Merchandise,INV-01260511
106438,20/04/2025,ST-09,COGS - Merchandise,20929675.0,Weekly COGS Merchandise,INV-09250414
106439,2026-05-31,ST-01,Rent Expense,113226000.0,Store rent,RNT-202605
106440,26/04/2026,ST-05,COGS - Beverage,18643871.0,Weekly COGS Beverage,INV-05260420
106441,31/12/2025,ST-03,COGS - Beverage,39455230.0,Weekly COGS Beverage,INV-03251229
106442,2025-12-28,ST-03,COGS - Merchandise,65348025.0,Weekly COGS Merchandise,INV-03251222
106443,2026-02-15,ST-10,COGS - Food,24683483.0,Weekly COGS Food,INV-10260209
106444,2025-08-31,ST-04,Marketing - Local,9722762.0,Local store marketing,MKT-202508
106445,2025-11-30,ST-08,Delivery Platform Commission,27909781.0,Delivery aggregator fees,DLV-202511
106446,2026-03-29,ST-07,Revenue - Beverage,-33120000.0,Weekly POS sales Beverage,POS-07260323
106447,2025-10-26,ST-04,Revenue - Merchandise,-42225600.0,Weekly POS sales Merchandise,POS-04251020
106448,2025-09-30,ST-07,Repairs & Maintenance,12995000.0,R&M,RPM-202509
106449,31/03/2026,ST-04,Revenue - Merchandise,-43737000.0,Weekly POS sales Merchandise,POS-04260330
106450,31/01/2026,ST-10,Revenue - Merchandise,-26512200.0,Weekly POS sales Merchandise,POS-10260126
106451,30/06/2026,ST-10,COGS - Beverage,14641657.0,Weekly COGS Beverage,INV-10260629
106452,30/11/2025,ST-01,Marketing - Local,13326202.0,Local store marketing,MKT-202511
106453,"Sep 13, 2026",ST-04,Revenue - Beverage,-52965600.0,Weekly POS sales Beverage,POS-04260907
106454,31/05/2026,ST-12,Revenue - Food,-26004100.0,Weekly POS sales Food,POS-12260525
106455,30/09/2026,ST-01,COGS - Beverage,26917874.0,Weekly COGS Beverage,INV-01260928
106456,"Jun 30, 2026",ST-01,Revenue - Merchandise,-81656000.0,Weekly POS sales Merchandise,POS-01260629
106457,2025-05-25,ST-03,COGS - Beverage,31819662.0,Weekly COGS Beverage,INV-03250519
106458,31/07/2025,ST-04 ,Marketing - Local,14356481.0,Local store marketing,MKT-202507
106459,2026-06-14,ST-02,COGS - Beverage,21204543.0,Weekly COGS Beverage,INV-02260608
106460,2025-08-31,ST-06,Marketing - Local,6813382.0,Local store marketing,MKT-202508
106461,"Aug 30, 2026",ST-03,COGS - Beverage,34397440.0,Weekly COGS Beverage,INV-03260824
106462,"Feb 08, 2026",ST-07,COGS - Beverage,15506435.0,Weekly COGS Beverage,INV-07260202
106463,31/12/2025,ST-07,COGS - Merchandise,"25,623,993",Weekly COGS Merchandise,INV-07251229
106464,29/03/2026,ST-08,Revenue - Beverage,-27477000.0,Weekly POS sales Beverage,POS-08260323
106465,2025-03-30,ST-03,COGS - Merchandise,47745268.0,Weekly COGS Merchandise,INV-03250324
106466,"Aug 10, 2025",ST-03,COGS - Beverage,30040315.0,Weekly COGS Beverage,INV-03250804
106467,2025-11-30,ST-07,Store Supplies,5461235.0,Packaging & supplies,SUP-202511
106468,2025-12-31,ST-07,Store Supplies,7478363.0,Packaging & supplies,SUP-202512
106469,"Jun 21, 2026",ST-01,COGS - Beverage,35328005.0,Weekly COGS Beverage,INV-01260615
106470,"Jul 31, 2026",ST-12,Repairs & Maintenance,7772000.0,R&M,RPM-202607
106471,"Apr 30, 2025",ST-03,Revenue - Food,-108389000.0,Weekly POS sales Food,POS-03250428
106472,21/09/2025,ST-06,COGS - Merchandise,29749429.0,Weekly COGS Merchandise,INV-06250915
106473,2025-09-14,ST-03,Revenue - Food,"-111,685,800",Weekly POS sales Food,POS-03250908
106474,30/04/2026,ST-07,Store Supplies,6401805.0,Packaging & supplies,SUP-202604
106475,"Oct 12, 2025",ST-05,Revenue - Beverage,-40560000.0,Weekly POS sales Beverage,POS-05251006
106476,2026-01-25,ST-09,COGS - Merchandise,47433401.0,Weekly COGS Merchandise,INV-09260119
106477,"Dec 14, 2025",ST-03,COGS - Merchandise,64735498.0,Weekly COGS Merchandise,INV-03251208
106478,"Jul 07, 2026",ST-09,Revenue - Food,-97666300.0,Weekly POS sales Food,POS-09260701
106479,"Mar 31, 2026",ST-02,COGS - Beverage,"21,818,828",Weekly COGS Beverage,INV-02260330
106480,"Oct 19, 2025",ST-10,REVENUE - MERCHANDISE,-16796800.0,Weekly POS sales Merchandise,POS-10251013
106481,22/03/2026,ST-05,COGS - Merchandise,35264169.0,Weekly COGS Merchandise,INV-05260316
106482,"Aug 07, 2026",ST-06,Revenue - Beverage,-61154100.0,Weekly POS sales Beverage,POS-06260801
106483,30/03/2025,ST-02,COGS - MERCHANDISE,34124869.0,Weekly COGS Merchandise,INV-02250324
106484,"Jun 30, 2026",ST-04,COGS - Beverage,25945538.0,Weekly COGS Beverage,INV-04260629
106485,"Sep 14, 2025",ST-01,COGS - Merchandise,49065786.0,Weekly COGS Merchandise,INV-01250908
106486,2025-10-31,ST-08,Delivery Platform Commission,24568354.0,Delivery aggregator fees,DLV-202510
106487,2025-08-31,ST-10,Rent Expense,41061000.0,Store rent,RNT-202508
106488,"Feb 08, 2026",ST-01,Revenue - Food,-162353800.0,Weekly POS sales Food,POS-01260202
106489,2026-03-31,ST-04,Revenue - Beverage,-51013600.0,Weekly POS sales Beverage,POS-04260330
106490,2025-12-14,ST-10,Revenue - Beverage,-29136800.0,Weekly POS sales Beverage,POS-10251208
106491,2026-05-31,ST-01,Store Supplies,13796177.0,Packaging & supplies,SUP-202605
106492,2026-09-30,ST-10,Utilities,11351826.0,Electricity & water,UTL-202609
106493,"Jun 07, 2025",ST-06,COGS - Merchandise,34704408.0,Weekly COGS Merchandise,INV-06250601
106494,"Jul 07, 2026",ST-11,Revenue - Beverage,-34843200.0,Weekly POS sales Beverage,POS-11260701
106495,31/08/2026,ST-11,Store Supplies,9238961.0,Packaging & supplies,SUP-202608
106496,"Mar 09, 2025",ST-09,Revenue - Beverage,-25383800.0,Weekly POS sales Beverage,POS-09250303
106497,"Feb 08, 2026",ST-11,Revenue - Food,-53820000.0,Weekly POS sales Food,POS-11260202
106498,"Apr 12, 2026",ST-02,Revenue - Beverage,-56232900.0,Weekly POS sales Beverage,POS-02260406
106499,2025-01-26,ST-05,Revenue - Beverage,-57224000.0,Weekly POS sales Beverage,POS-05250120
106500,30/09/2026,ST-09,Rent Expense,71460000.0,Store rent,RNT-202609
106501,2025-05-31,HQ,Professional Fees,54808000.0,Audit/legal/consulting,PRF-202505
106502,"Aug 07, 2026",ST-08,Revenue - Merchandise,-31281600.0,Weekly POS sales Merchandise,POS-08260801
106503,2025-06-30,ST-07,Marketing - Local,8749520.0,Local store marketing,MKT-202506
106504,2025-04-30,ST-09,Marketing - Local,4187689.0,Local store marketing,MKT-202504
106505,2026-05-31,ST-11,Marketing - Local,6377556.0,Local store marketing,MKT-202605
106506,27/04/2025,ST-04,Revenue - Beverage,-53616700.0,Weekly POS sales Beverage,POS-04250421
106507,2025-04-27,ST-06,COGS - Food,44733534.0,Weekly COGS Food,INV-06250421
106508,"Jul 20, 2025",ST-08,COGS - Food,27128658.0,Weekly COGS Food,INV-08250714
106509,"Mar 09, 2025",ST-06,COGS - Merchandise,27187033.0,Weekly COGS Merchandise,INV-06250303
106510,"Feb 22, 2026",ST-08,COGS - Merchandise,27120757.0,Weekly COGS Merchandise,INV-08260216
106511,2026-04-30,ST-03,Delivery Platform Commission,64581557.0,Delivery aggregator fees,DLV-202604
106512,"Aug 16, 2026",ST-10,Revenue - Beverage,-37421300.0,Weekly POS sales Beverage,POS-10260810
106513,2026-08-16,ST-10,COGS - Beverage,13807876.0,Weekly COGS Beverage,INV-10260810
106514,2025-11-16,ST-07,COGS - Food,30466396.0,Weekly COGS Food,INV-07251110
106515,2025-03-23,ST-09,COGS - Beverage,9563833.0,Weekly COGS Beverage,INV-09250317
106516,"Jul 07, 2026",ST-07,  Revenue - Food ,-57881600.0,Weekly POS sales Food,POS-07260701
106517,"Aug 09, 2026",ST-07,Revenue - Merchandise,-30272000.0,Weekly POS sales Merchandise,POS-07260803
106518,2026-05-31,ST-07,COGS - Merchandise,22447613.0,Weekly COGS Merchandise,INV-07260525
106519,2026-02-28,ST-10,Payroll - Store Staff,74363936.0,Monthly store payroll,PR-202602
106520,2025-12-31,ST-03,Revenue - Merchandise,-89668800.0,Weekly POS sales Merchandise,POS-03251229
106521,"Aug 09, 2026",ST-04,COGS - Food,55845608.0,Weekly COGS Food,INV-04260803
106522,"Nov 09, 2025",ST-07,COGS - Beverage,11551460.0,Weekly COGS Beverage,INV-07251103
106523,30/06/2025,ST-04,Revenue - Food,-73014000.0,Weekly POS sales Food,POS-04250630
106524,31/03/2026,ST-07,Store Supplies,6994505.0,Packaging & supplies,SUP-202603
106525,"May 07, 2026",ST-06,Revenue - Beverage,-53025000.0,Weekly POS sales Beverage,POS-06260501
106526,2025-10-26,ST-05,Revenue - Food,-78834100.0,Weekly POS sales Food,POS-05251020
106527,17/08/2025,ST-06,COGS - Beverage,17758282.0,Weekly COGS Beverage,INV-06250811
106528,"Mar 07, 2025",ST-06,Revenue - Merchandise,-40222000.0,Weekly POS sales Merchandise,POS-06250301
106529,13/09/2026,ST-08,Revenue - Merchandise,-30994600.0,Weekly POS sales Merchandise,POS-08260907
106530,"Dec 07, 2025",ST-05,COGS - Merchandise,38209746.0,Weekly COGS Merchandise,INV-05251201
106531,"Feb 07, 2026",ST-06,Revenue - Food,-101329500.0,Weekly POS sales Food,POS-06260201
106532,2025-04-30,ST-07,Store Supplies,3342173.0,Packaging & supplies,SUP-202504
106533,2026-04-30,ST-02,Depreciation - Store Assets,"28,000,000",Monthly depreciation,DEP-202604
106534,30/08/2026,ST-03,Revenue - Food,-139116400.0,Weekly POS sales Food,POS-03260824
106535,2026-09-30,ST-04,Repairs & Maintenance,5903000.0,R&M,RPM-202609
106536,21/12/2025,ST-10,COGS - Merchandise,18193517.0,Weekly COGS Merchandise,INV-10251215
106537,"May 07, 2025",ST-03,Revenue - Merchandise,-74510400.0,Weekly POS sales Merchandise,POS-03250501
106538,"Aug 10, 2025",ST-01,COGS - Food,70590767.0,Weekly COGS Food,INV-01250804
106539,"Nov 30, 2025",ST-04,COGS - Food,43151875.0,Weekly COGS Food,INV-04251124
106540,2026-03-22,ST-10,COGS - Merchandise,17604219.0,Weekly COGS Merchandise,INV-10260316
106541,30/08/2026,ST-09,COGS - Food,56003225.0,Weekly COGS Food,INV-09260824
106542,19/10/2025,ST-04,Revenue - Food,-91450000.0,Weekly POS sales Food,POS-04251013
106543,2025-07-27,ST-07,COGS - Beverage,11725847.0,Weekly COGS Beverage,INV-07250721
106544,"Jul 31, 2026",ST-04,Repairs & Maintenance,14455000.0,R&M,RPM-202607
106545,22/03/2026,ST-11,COGS - Merchandise,22312634.0,Weekly COGS Merchandise,INV-11260316
106546,2025-09-30,ST-02,COGS - Food,46612940.0,Weekly COGS Food,INV-02250929
106547,31/03/2026,ST-02,Marketing - Local,7254531.0,Local store marketing,MKT-202603
106548,"Mar 23, 2025",ST-03,Revenue - Merchandise,-64587600.0,Weekly POS sales Merchandise,POS-03250317
106549,"Jan 18, 2026",ST-07,COGS - Beverage,18394186.0,Weekly COGS Beverage,INV-07260112
106550,2025-06-30,ST-09,Repairs & Maintenance,6045000.0,R&M,RPM-202506
106551,"Dec 07, 2025",ST-07,COGS - Beverage,14395970.0,Weekly COGS Beverage,INV-07251201
106552,"Sep 30, 2026",ST-08,Store Supplies,4272540.0,Packaging & supplies,SUP-202609
106553,"Oct 31, 2025",ST-01,Repairs & Maintenance,8826000.0,R&M,RPM-202510
106554,2026-03-31,ST-04,Revenue - Food,-89775300.0,Weekly POS sales Food,POS-04260330
106555,28/02/2026,ST-08,COGS - Food,47135297.0,Weekly COGS Food,INV-08260223
106556,2026-07-31,ST-08,Revenue - Food,-54532300.0,Weekly POS sales Food,POS-08260727
106557,2026-02-28,ST-05,COGS - Food,50539254.0,Weekly COGS Food,INV-05260223
106558,2026-07-19,ST-10,Revenue - Food,-52241000.0,Weekly POS sales Food,POS-10260713
106559,2026-01-31,ST-05,Payroll - Store Staff,138841202.0,Monthly store payroll,PR-202601
106560,2026-02-28,ST-04,Store Supplies,8873526.0,Packaging & supplies,SUP-202602
106561,"Dec 21, 2025",ST-04,Revenue - Beverage,-73393200.0,Weekly POS sales Beverage,POS-04251215
106562,31/03/2026,ST-07,COGS - Food,"23,553,578",Weekly COGS Food,INV-07260330
106563,"Jul 12, 2026",ST-02,COGS - Beverage,18660350.0,Weekly COGS Beverage,INV-02260706
106564,2026-09-20,ST-02,Revenue - Food,-76053000.0,Weekly POS sales Food,POS-02260914
106565,"Sep 14, 2025",ST-05,Revenue - Beverage,-46422400.0,Weekly POS sales Beverage,POS-05250908
106566,"May 31, 2026",ST-01,Revenue - Food,-129950000.0,Weekly POS sales Food,POS-01260525
106567,31/08/2025,ST-10,COGS - Merchandise,11104295.0,Weekly COGS Merchandise,INV-10250825
106568,"Jul 12, 2026",ST-07 ,Revenue - Food,-59160000.0,Weekly POS sales Food,POS-07260706
106569,2025-05-18,ST-06,COGS - Beverage,14380333.0,Weekly COGS Beverage,INV-06250512
106570,31/05/2026,ST-05,COGS - Beverage,20761877.0,Weekly COGS Beverage,INV-05260525
106571,26/04/2026,,COGS - Merchandise,22699205.0,Weekly COGS Merchandise,INV-08260420
106572,"Aug 07, 2026",ST-10,COGS - Beverage,15985423.0,Weekly COGS Beverage,INV-10260801
106573,"Mar 16, 2025",ST-02,Revenue - Merchandise,-43621000.0,Weekly POS sales Merchandise,POS-02250310
106574,2026-07-31,ST-11,Repairs & Maintenance,10563000.0,R&M,RPM-202607
106575,2026-05-31,ST-10,COGS - Food,26845784.0,Weekly COGS Food,INV-10260525
106576,"Feb 08, 2026",ST-09,  Revenue - Food ,-110124000.0,Weekly POS sales Food,POS-09260202
106577,2025-10-19,ST-10,COGS - Beverage,6678550.0,Weekly COGS Beverage,INV-10251013
106578,19/10/2025,ST-04,COGS - Beverage,17884839.0,Weekly COGS Beverage,INV-04251013
106579,30/09/2026,ST-10,Revenue - Food,-55614000.0,Weekly POS sales Food,POS-10260928
106580,"Feb 08, 2026",ST-06,Revenue - Merchandise,-49201200.0,Weekly POS sales Merchandise,POS-06260202
106581,2025-10-19,ST-01,COGS - Merchandise,51755892.0,Weekly COGS Merchandise,INV-01251013
106582,31/10/2025,ST-06,Revenue - Merchandise,-46726200.0,Weekly POS sales Merchandise,POS-06251027
106583,2026-09-30,ST-08,COGS - Beverage,12582032.0,Weekly COGS Beverage,INV-08260928
106584,31/03/2026,ST-05,Delivery Platform Commission,35845259.0,Delivery aggregator fees,DLV-202603
106585,"Jan 07, 2025",ST-06,COGS - Food,55259700.0,Weekly COGS Food,INV-06250101
106586,31/01/2025,ST-06,Utilities,23053825.0,Electricity & water,UTL-202501
106587,2026-08-31,ST-07,Store Supplies,6949635.0,Packaging & supplies,SUP-202608
106588,2025-08-31,ST-06,Rent Expense,66035000.0,Store rent,RNT-202508
106589,30/04/2025,ST-05,Delivery Platform Commission,17505355.0,Delivery aggregator fees,DLV-202504
106590,"Jun 07, 2025",ST-06 ,Revenue - Merchandise,-48650400.0,Weekly POS sales Merchandise,POS-06250601
106591,"Apr 12, 2026",ST-11,Revenue - Food,-42588900.0,Weekly POS sales Food,POS-11260406
106592,2025-07-31,ST-07,Utilities,11383904.0,Electricity & water,UTL-202507
106593,"Nov 07, 2025",ST-07,  Revenue - Merchandise ,-32923200.0,Weekly POS sales Merchandise,POS-07251101
106594,2025-08-31,ST-09,Depreciation - Store Assets,"28,000,000",Monthly depreciation,DEP-202508
106595,"Mar 07, 2026",ST-07,COGS - Merchandise,20754872.0,Weekly COGS Merchandise,INV-07260301
106596,2025-12-14,ST-10,COGS - Merchandise,19490195.0,Weekly COGS Merchandise,INV-10251208
106597,2025-05-25,ST-07,COGS - Merchandise,22913062.0,Weekly COGS Merchandise,INV-07250519
106598,"Aug 07, 2026",ST-04,Revenue - Merchandise,-59163000.0,Weekly POS sales Merchandise,POS-04260801
106599,2026-04-30,ST-07,Utilities,11626883.0,Electricity & water,UTL-202604
106600,"Aug 16, 2026",ST-03,Revenue - Merchandise,-83466700.0,Weekly POS sales Merchandise,POS-03260810
106601,2025-09-30,ST-04,COGS - Food,34003958.0,Weekly COGS Food,INV-04250929
106602,"Sep 30, 2026",ST-05,COGS - Merchandise,"38,090,432",Weekly COGS Merchandise,INV-05260928
106603,"Jan 07, 2025",ST-04,Revenue - Merchandise,-58144000.0,Weekly POS sales Merchandise,POS-04250101
106604,"May 10, 2026",ST-06,COGS - Merchandise,31982602.0,Weekly COGS Merchandise,INV-06260504
106605,"May 10, 2026",ST-07,COGS - Beverage,14407355.0,Weekly COGS Beverage,INV-07260504
106606,2025-03-31,ST-03,Utilities,25973164.0,Electricity & water,UTL-202503
106607,"Oct 07, 2025",ST-09,COGS - Food,38190508.0,Weekly COGS Food,INV-09251001
106608,30/09/2025,ST-02,Marketing - Local,9338935.0,Local store marketing,MKT-202509
106609,"Sep 07, 2025",ST-04,COGS - Food,45021919.0,Weekly COGS Food,INV-04250901
106610,31/03/2026,ST-10,Repairs & Maintenance,2461000.0,R&M,RPM-202603
106611,"Jan 07, 2025",ST-08,COGS - Food,24274111.0,Weekly COGS Food,INV-08250101
106612,2025-11-23,ST-06,Revenue - Food,-93217600.0,Weekly POS sales Food,POS-06251117
106613,2026-07-19,ST-02,Revenue - Food,-85318800.0,Weekly POS sales Food,POS-02260713
106614,2026-02-28,ST-02,Rent Expense,69618000.0,Store rent,RNT-202602
106615,"Feb 28, 2025",ST-08,Revenue - Merchandise,-19024600.0,Weekly POS sales Merchandise,POS-08250224
106616,2025-09-30,ST-08,Revenue - Food,-51705500.0,Weekly POS sales Food,POS-08250929
106617,2026-01-31,ST-07,COGS - Beverage,15138067.0,Weekly COGS Beverage,INV-07260126
106618,"Jan 19, 2025",ST-04,Revenue - Beverage,-55294800.0,Weekly POS sales Beverage,POS-04250113
106619,30/06/2026,ST-01,Marketing - Local,25168493.0,Local store marketing,MKT-202606
106620,"Apr 12, 2026",ST-10,Revenue - Beverage,-30472200.0,Weekly POS sales Beverage,POS-10260406
106621,"Mar 09, 2025",ST-02,COGS - Food,41348911.0,Weekly COGS Food,INV-02250303
106622,2026-07-26,ST-02,COGS - Merchandise,36710970.0,Weekly COGS Merchandise,INV-02260720
106623,"Dec 07, 2025",ST-02,REVENUE - MERCHANDISE,-57739500.0,Weekly POS sales Merchandise,POS-02251201
106624,"Jan 07, 2025",ST-06,Revenue - Merchandise,-58204600.0,Weekly POS sales Merchandise,POS-06250101
106625,2025-06-30,ST-06,Payroll - Store Staff,120391480.0,Monthly store payroll,PR-202506
106626,"Nov 09, 2025",ST-10,Revenue - Merchandise,-21552500.0,Weekly POS sales Merchandise,POS-10251103
106627,"Jul 07, 2026",ST-12,Revenue - Food,-34431300.0,Weekly POS sales Food,POS-12260701
106628,"Jul 07, 2026",ST-09,COGS - Food,58413452.0,Weekly COGS Food,INV-09260701
106629,2025-06-29,ST-07,Revenue - Food,-57798000.0,Weekly POS sales Food,POS-07250623
106630,"Nov 09, 2025",ST-01,COGS - Beverage,23997373.0,Weekly COGS Beverage,INV-01251103
106631,"Feb 28, 2025",ST-06,Repairs & Maintenance,16426000.0,R&M,RPM-202502
106632,"Jun 07, 2026",ST-07,COGS - Beverage,11859951.0,Weekly COGS Beverage,INV-07260601
106633,"Jun 21, 2026",,COGS - Merchandise,21941562.0,Weekly COGS Merchandise,INV-10260615
106634,"Apr 12, 2026",ST-01,Revenue - Food,-101411600.0,Weekly POS sales Food,POS-01260406
106635,2026-06-30,HQ,Professional Fees,70019000.0,Audit/legal/consulting,PRF-202606
106636,2026-06-21,ST-06,COGS - Food,50473935.0,Weekly COGS Food,INV-06260615
106637,2026-02-22,ST-02,COGS - Beverage,26099099.0,Weekly COGS Beverage,INV-02260216
106638,"Feb 07, 2025",ST-04,COGS - Merchandise,38953316.0,Weekly COGS Merchandise,INV-04250201
106639,2025-11-23,ST-05,Revenue - Food,-92414000.0,Weekly POS sales Food,POS-05251117
106640,2026-07-26,ST-06,Revenue - Food,-88665200.0,Weekly POS sales Food,POS-06260720
106641,"Dec 07, 2025",ST-06,COGS - Food,52832340.0,Weekly COGS Food,INV-06251201
106642,"Jul 12, 2026",ST-08 ,COGS - Beverage,14266913.0,Weekly COGS Beverage,INV-08260706
106643,"Mar 08, 2026",ST-06,Revenue - Merchandise,-51331500.0,Weekly POS sales Merchandise,POS-06260302
106644,"Feb 28, 2026",ST-09,Revenue - Food,-116245800.0,Weekly POS sales Food,POS-09260223
106645,2026-03-22,ST-06,Revenue - Food,-85356700.0,Weekly POS sales Food,POS-06260316
106646,19/07/2026,ST-09,Revenue - Beverage,-53526400.0,Weekly POS sales Beverage,POS-09260713
106647,"Apr 07, 2026",ST-03,Revenue - Food,-135101100.0,Weekly POS sales Food,POS-03260401
106648,"Jul 07, 2026",ST-3,COGS - Merchandise,"59,361,215",Weekly COGS Merchandise,INV-03260701
106649,2026-09-13,ST-06,Revenue - Food,-78960000.0,Weekly POS sales Food,POS-06260907
106650,2025-12-31,ST-04,Revenue - Beverage,-60073200.0,Weekly POS sales Beverage,POS-04251229
106651,2026-08-16,ST-05,Revenue - Food,-89376000.0,Weekly POS sales Food,POS-05260810
106652,2026-05-24,ST-01,Revenue - Food,-125300900.0,Weekly POS sales Food,POS-01260518
106653,2026-02-28,ST-03,Store Supplies,14762041.0,Packaging & supplies,SUP-202602
106654,"May 17, 2026",ST-06,Revenue - Merchandise,-54415200.0,Weekly POS sales Merchandise,POS-06260511
106655,"Mar 07, 2025",ST-04,COGS - Food,39379772.0,Weekly COGS Food,INV-04250301
106656,31/07/2026,ST-05,COGS - Merchandise,36143238.0,Weekly COGS Merchandise,INV-05260727
106657,2026-09-30,ST-12,Marketing - Local,3288262.0,Local store marketing,MKT-202609
106658,"Jul 07, 2026",ST-05,COGS - Beverage,20951607.0,Weekly COGS Beverage,INV-05260701
106659,2026-03-15,ST-02,COGS - Merchandise,34018980.0,Weekly COGS Merchandise,INV-02260309
106660,30/08/2026,ST-09,Revenue - Food,-96092500.0,Weekly POS sales Food,POS-09260824
106661,15/02/2026,ST-04,COGS - Beverage,24339494.0,Weekly COGS Beverage,INV-04260209
106662,"Aug 10, 2025",ST-08,COGS - Merchandise,22460619.0,Weekly COGS Merchandise,INV-08250804
106663,2025-06-30,ST-05,Delivery Platform Commission,58544539.0,Delivery aggregator fees,DLV-202506
106664,2026-01-31,ST-03,COGS - Merchandise,56792392.0,Weekly COGS Merchandise,INV-03260126
106665,2026-08-16,ST-07,Revenue - Beverage,-33345000.0,Weekly POS sales Beverage,POS-07260810
106666,2025-11-30,ST-04 ,Revenue - Merchandise,-47170500.0,Weekly POS sales Merchandise,POS-04251124
106667,2025-03-31,ST-01,REVENUE - FOOD,-110236500.0,Weekly POS sales Food,POS-01250331
106668,"May 07, 2025",ST-05,Revenue - Food,-86730600.0,Weekly POS sales Food,POS-05250501
106669,2025-04-27,ST-01,COGS - Beverage,25869574.0,Weekly COGS Beverage,INV-01250421
106670,"May 10, 2026",ST-11,Revenue - Food,-61494100.0,Weekly POS sales Food,POS-11260504
106671,"May 11, 2025",ST-05,COGS - Food,49664415.0,Weekly COGS Food,INV-05250505
106672,"May 31, 2026",ST-08,Revenue - Food,-57789600.0,Weekly POS sales Food,POS-08260525
106673,"Apr 26, 2026",ST-02,  COGS - Beverage ,21305683.0,Weekly COGS Beverage,INV-02260420
106674,2025-02-23,ST-07,COGS - Food,34516477.0,Weekly COGS Food,INV-07250217
106675,16/08/2026,ST-09,Revenue - Food,-91760000.0,Weekly POS sales Food,POS-09260810
106676,"Feb 07, 2026",ST-02,Revenue - Food,-108263100.0,Weekly POS sales Food,POS-02260201
106677,"Jan 12, 2025",ST-01,COGS - Beverage,34416569.0,Weekly COGS Beverage,INV-01250106
106678,31/08/2026,ST-10,Depreciation - Store Assets,17360000.0,Monthly depreciation,DEP-202608
106679,2025-07-27,ST-04,Revenue - Beverage,-45903000.0,Weekly POS sales Beverage,POS-04250721
106680,2026-05-17,ST-10,COGS - Merchandise,24322951.0,Weekly COGS Merchandise,INV-10260511
106681,"Nov 09, 2025",ST-05,Revenue - Merchandise,-44788800.0,Weekly POS sales Merchandise,POS-05251103
106682,31/03/2026,,COGS - Merchandise,57983301.0,Weekly COGS Merchandise,INV-01260330
106683,"May 07, 2026",ST-10,Revenue - Merchandise,-27108200.0,Weekly POS sales Merchandise,POS-10260501
106684,2026-08-31,ST-08,Rent Expense,43356000.0,Store rent,RNT-202608
106685,"Jul 12, 2026",ST-06,Revenue - Merchandise,-54108800.0,Weekly POS sales Merchandise,POS-06260706
106686,"Nov 07, 2025",ST-04,COGS - Merchandise,40057313.0,Weekly COGS Merchandise,INV-04251101
106687,2026-02-28,ST-09,COGS - Merchandise,38763964.0,Weekly COGS Merchandise,INV-09260223
106688,2025-12-31,ST-10,COGS - Beverage,10697563.0,Weekly COGS Beverage,INV-10251229
106689,"May 11, 2025",ST-03,COGS - Food,65503657.0,Weekly COGS Food,INV-03250505
106690,2026-04-30,ST-02,COGS - Food,43045359.0,Weekly COGS Food,INV-02260427
106691,2025-11-30,ST-04,Depreciation - Store Assets,28000000.0,Monthly depreciation,DEP-202511
106692,"Apr 12, 2026",ST-08,Revenue - Beverage,-31396000.0,Weekly POS sales Beverage,POS-08260406
106693,"May 24, 2026",ST-08,COGS - Beverage,13071938.0,Weekly COGS Beverage,INV-08260518
106694,23/08/2026,ST-11,Revenue - Beverage,-44109800.0,Weekly POS sales Beverage,POS-11260817
106695,2025-04-13,ST-07,Revenue - Beverage,-32019900.0,Weekly POS sales Beverage,POS-07250407
106696,2025-12-31,ST-03,Depreciation - Store Assets,43400000.0,Monthly depreciation,DEP-202512
106697,2026-01-25,ST-09,COGS - Food,52230939.0,Weekly COGS Food,INV-09260119
106698,31/08/2025,ST-08,Revenue - Beverage,-27403000.0,Weekly POS sales Beverage,POS-08250825
106699,"Jan 31, 2026",ST-10,Rent Expense,40010000.0,Store rent,RNT-202601
106700,"Feb 07, 2026",ST-03,Revenue - Beverage,-112792000.0,Weekly POS sales Beverage,POS-03260201
106701,"Dec 07, 2025",ST-01,Revenue - Beverage,-98728000.0,Weekly POS sales Beverage,POS-01251201
106702,"Mar 07, 2026",ST-03,COGS - Merchandise,55596507.0,Weekly COGS Merchandise,INV-03260301
106703,19/04/2026,ST-03,Revenue - Beverage,-82749500.0,Weekly POS sales Beverage,POS-03260413
106704,2026-01-31,ST-02,Depreciation - Store Assets,28000000.0,Monthly depreciation,DEP-202601
106705,"Sep 14, 2025",ST-07,COGS - Food,29809575.0,Weekly COGS Food,INV-07250908
106706,2025-11-30,ST-10,COGS - Merchandise,15112852.0,Weekly COGS Merchandise,INV-10251124
106707,"Mar 07, 2026",ST-07,Revenue - Beverage,-32482500.0,Weekly POS sales Beverage,POS-07260301
106708,2026-03-29,ST-07,COGS - Food,26732907.0,Weekly COGS Food,INV-07260323
106709,2025-12-21,ST-03,Revenue - Beverage,-104428800.0,Weekly POS sales Beverage,POS-03251215
106710,"Jan 31, 2026",ST-06,COGS - Food,61559369.0,Weekly COGS Food,INV-06260126
106711,30/03/2025,ST-01,COGS - Beverage,27474465.0,Weekly COGS Beverage,INV-01250324
106712,"Dec 07, 2025",ST-03,COGS - Food,84867174.0,Weekly COGS Food,INV-03251201
106713,"May 11, 2025",ST-08,Revenue - Merchandise,-23769700.0,Weekly POS sales Merchandise,POS-08250505
106714,2026-09-20,ST-10,Revenue - Beverage,-35420000.0,Weekly POS sales Beverage,POS-10260914
106715,"Aug 10, 2025",ST-10,Revenue - Merchandise,-15764400.0,Weekly POS sales Merchandise,POS-10250804
106716,31/01/2026,ST-01,COGS - Beverage,40923518.0,Weekly COGS Beverage,INV-01260126
106717,30/06/2025,ST-04,COGS - Food,43325617.0,Weekly COGS Food,INV-04250630
106718,"Apr 12, 2026",ST-11,COGS - Merchandise,20637114.0,Weekly COGS Merchandise,INV-11260406
106719,31/01/2026,ST-08,Delivery Platform Commission,30806136.0,Delivery aggregator fees,DLV-202601
106720,31/05/2026,ST-01,Depreciation - Store Assets,43400000.0,Monthly depreciation,DEP-202605
106721,"May 11, 2025",ST-01,Revenue - Beverage,-82845000.0,Weekly POS sales Beverage,POS-01250505
106722,2025-10-26,ST-09,COGS - Beverage,16037852.0,Weekly COGS Beverage,INV-09251020
106723,2026-09-30,ST-10,Repairs & Maintenance,6744000.0,R&M,RPM-202609
106724,2025-12-31,ST-07,Marketing - Local,7283147.0,Local store marketing,MKT-202512
106725,"May 11, 2025",ST-08,Revenue - Beverage,-28522800.0,Weekly POS sales Beverage,POS-08250505
106726,2025-09-14,ST-08,Revenue - Merchandise,-29917200.0,Weekly POS sales Merchandise,POS-08250908
106727,2026-08-16,ST-11,Revenue - Food,-76500000.0,Weekly POS sales Food,POS-11260810
106728,31/05/2025,ST-07,Depreciation - Store Assets,17360000.0,Monthly depreciation,DEP-202505
106729,"Mar 30, 2025",ST-02,COGS - Beverage,15060528.0,Weekly COGS Beverage,INV-02250324
106730,2026-01-18,ST-06,Revenue - Merchandise,-57862700.0,Weekly POS sales Merchandise,POS-06260112
106731,"Oct 12, 2025",ST-01,COGS - Merchandise,50747336.0,Weekly COGS Merchandise,INV-01251006
106732,"Apr 07, 2025",ST-01,COGS - Food,66490892.0,Weekly COGS Food,INV-01250401
106733,13/07/2025,ST-05,Revenue - Beverage,-58722300.0,Weekly POS sales Beverage,POS-05250707
106734,15/03/2026,ST-09,COGS - Beverage,20800915.0,Weekly COGS Beverage,INV-09260309
106735,2025-11-16,ST-10,Revenue - Food,-36985700.0,Weekly POS sales Food,POS-10251110
106736,2026-03-29,ST-10,Revenue - Food,-42228000.0,Weekly POS sales Food,POS-10260323
106737,"Sep 07, 2026",ST-09,Revenue - Beverage,-48929800.0,Weekly POS sales Beverage,POS-09260901
106738,30/04/2026,ST-01,Revenue - Food,-132652800.0,Weekly POS sales Food,POS-01260427
106739,22/02/2026,ST-10,Revenue - Merchandise,-28841000.0,Weekly POS sales Merchandise,POS-10260216
106740,2026-09-30,ST-08,Depreciation - Store Assets,17360000.0,Monthly depreciation,DEP-202609
106741,29/06/2025,ST-06,Revenue - Merchandise,-48025600.0,Weekly POS sales Merchandise,POS-06250623
106742,2025-06-22,ST-08,COGS - Beverage,9389276.0,Weekly COGS Beverage,INV-08250616
106743,"May 10, 2026",ST-08,COGS - Food,30959175.0,Weekly COGS Food,INV-08260504
106744,2026-02-15,ST-03,Revenue - Merchandise,-94852800.0,Weekly POS sales Merchandise,POS-03260209
106745,2025-06-29,ST-05,COGS - Merchandise,34926423.0,Weekly COGS Merchandise,INV-05250623
106746,2026-02-22,ST-04,COGS - Beverage,"24,630,574",Weekly COGS Beverage,INV-04260216
106747,29/06/2025,ST-02,Revenue - Beverage,-49772800.0,Weekly POS sales Beverage,POS-02250623
106748,"Dec 31, 2025",ST-01,Depreciation - Store Assets,43400000.0,Monthly depreciation,DEP-202512
106749,"Jul 20, 2025",ST-06,COGS - Beverage,20010281.0,Weekly COGS Beverage,INV-06250714
106750,"Jun 07, 2026",ST-10,Revenue - Beverage,-37380000.0,Weekly POS sales Beverage,POS-10260601
106751,31/08/2025,ST-06 ,COGS - Merchandise,33862521.0,Weekly COGS Merchandise,INV-06250825
106752,"Jan 07, 2026",ST-03,Revenue - Beverage,-93363600.0,Weekly POS sales Beverage,POS-03260101
106753,"Mar 08, 2026",ST-05,Revenue - Merchandise,-45404400.0,Weekly POS sales Merchandise,POS-05260302
106754,"Mar 07, 2025",ST-09,Revenue - Beverage,-25725000.0,Weekly POS sales Beverage,POS-09250301
106755,"May 10, 2026",ST-06,COGS - Food,40482308.0,Weekly COGS Food,INV-06260504
106756,"Dec 21, 2025",ST-10,COGS - Beverage,10525786.0,Weekly COGS Beverage,INV-10251215
106757,"Aug 09, 2026",ST-07,REVENUE - FOOD,-63140000.0,Weekly POS sales Food,POS-07260803
106758,"Jan 07, 2025",ST-03,COGS - Food,78649892.0,Weekly COGS Food,INV-03250101
106759,19/10/2025,ST-05,Revenue - Beverage,-55615000.0,Weekly POS sales Beverage,POS-05251013
106760,"Jul 31, 2026",ST-06,Revenue - Merchandise,-43878700.0,Weekly POS sales Merchandise,POS-06260727
106761,2026-06-30,ST-03,Payroll - Store Staff,181416536.0,Monthly store payroll,PR-202606
106762,"Jun 07, 2025",ST-01,Revenue - Beverage,-86987600.0,Weekly POS sales Beverage,POS-01250601
106763,2026-01-25,ST-03,Revenue - Beverage,-118745000.0,Weekly POS sales Beverage,POS-03260119
106764,30/04/2025,ST-08,Utilities,9519154.0,Electricity & water,UTL-202504
106765,2026-06-21,ST-05,Revenue - Beverage,-65331200.0,Weekly POS sales Beverage,POS-05260615
106766,"Mar 08, 2026",ST-02,COGS - Food,47357360.0,Weekly COGS Food,INV-02260302
106767,"Jan 18, 2026",ST-02,COGS - Food,50724166.0,Weekly COGS Food,INV-02260112
106768,2025-10-19,ST-03,Revenue - Merchandise,-74134200.0,Weekly POS sales Merchandise,POS-03251013
106769,"May 11, 2025",ST-06,Revenue - Beverage,-54283200.0,Weekly POS sales Beverage,POS-06250505
106770,"Nov 23, 2025",ST-08,Revenue - Merchandise,-31002300.0,Weekly POS sales Merchandise,POS-08251117
106771,"Jun 07, 2026",ST-04,COGS - Beverage,21304688.0,Weekly COGS Beverage,INV-04260601
106772,22/02/2026,ST-07,Revenue - Merchandise,-34294200.0,Weekly POS sales Merchandise,POS-07260216
106773,2026-03-22,ST-06,Revenue - Merchandise,-54877200.0,Weekly POS sales Merchandise,POS-06260316
106774,2025-01-31,ST-01,Store Supplies,13349729.0,Packaging & supplies,SUP-202501
106775,2026-06-14,ST-12,COGS - Beverage,8211886.0,Weekly COGS Beverage,INV-12260608
106776,"Apr 13, 2025",ST-02,COGS - Merchandise,33958708.0,Weekly COGS Merchandise,INV-02250407
106777,"May 10, 2026",ST-09,COGS - Food,51687130.0,Weekly COGS Food,INV-09260504
106778,2026-03-29,ST-09,Revenue - Beverage,-53726600.0,Weekly POS sales Beverage,POS-09260323
106779,2026-06-30,ST-10,Depreciation - Store Assets,17360000.0,Monthly depreciation,DEP-202606
106780,13/07/2025,ST-04,Revenue - Beverage,-48403500.0,Weekly POS sales Beverage,POS-04250707
106781,"Mar 08, 2026",ST-02,COGS - MERCHANDISE,33354367.0,Weekly COGS Merchandise,INV-02260302
106782,"Feb 08, 2026",ST-02,Revenue - Food,-109808800.0,Weekly POS sales Food,POS-02260202
106783,2025-06-15,ST-08,Revenue - Merchandise,-21211500.0,Weekly POS sales Merchandise,POS-08250609
106784,2025-04-13,ST-03,Revenue - Beverage,-72906100.0,Weekly POS sales Beverage,POS-03250407
106785,13/07/2025,ST-05,COGS - Beverage,21406119.0,Weekly COGS Beverage,INV-05250707
106786,30/04/2025,ST-04,Revenue - Merchandise,-38227000.0,Weekly POS sales Merchandise,POS-04250428
106787,2026-06-14,ST-09,Revenue - Food,-89919000.0,Weekly POS sales Food,POS-09260608
106788,2026-07-19,ST-04,Revenue - Merchandise,-49715400.0,Weekly POS sales Merchandise,POS-04260713
106789,2025-01-31,HQ,Payroll - Head Office,315162000.0,HO payroll,PR-HO-202501
106790,27/04/2025,ST-08,Revenue - Merchandise,-22608000.0,Weekly POS sales Merchandise,POS-08250421
106791,"Mar 07, 2026",ST-04,Revenue - Beverage,-52597000.0,Weekly POS sales Beverage,POS-04260301
106792,"May 31, 2025",ST-06,Depreciation - Store Assets,28000000.0,Monthly depreciation,DEP-202505
106793,29/06/2025,ST-05,Revenue - Food,-79016700.0,Weekly POS sales Food,POS-05250623
106794,25/05/2025,ST-06,Revenue - Beverage,-51060800.0,Weekly POS sales Beverage,POS-06250519
106795,"Aug 31, 2026",ST-08,Marketing - Local,7747674.0,Local store marketing,MKT-202608
106796,"Aug 09, 2026",ST-08,Revenue - Merchandise,-30911100.0,Weekly POS sales Merchandise,POS-08260803
106797,2025-04-13,ST-08,COGS - Beverage,9116112.0,Weekly COGS Beverage,INV-08250407
106798,2026-06-30,ST-03,COGS - Food,72865486.0,Weekly COGS Food,INV-03260629
106799,2025-03-31,ST-08,Revenue - Merchandise,-20034000.0,Weekly POS sales Merchandise,POS-08250331
106800,2026-05-31,ST-05,Delivery Platform Commission,44101607.0,Delivery aggregator fees,DLV-202605
106801,2026-02-28,ST-07,Repairs & Maintenance,6916000.0,R&M,RPM-202602
106802,2025-09-30,ST-01,COGS - Food,64301835.0,Weekly COGS Food,INV-01250929
106803,2025-04-20,ST-05,Revenue - Merchandise,-46311400.0,Weekly POS sales Merchandise,POS-05250414
106804,2026-09-30,ST-07,Store Supplies,6137034.0,Packaging & supplies,SUP-202609
106805,2025-09-14,ST-06,COGS - Merchandise,26673624.0,Weekly COGS Merchandise,INV-06250908
106806,2026-03-29,ST-03,COGS - Food,65597793.0,Weekly COGS Food,INV-03260323
106807,2025-01-19,ST-06,COGS - Merchandise,33473267.0,Weekly COGS Merchandise,INV-06250113
106808,25/01/2026,ST-06,Revenue - Beverage,-60924600.0,Weekly POS sales Beverage,POS-06260119
106809,"Mar 08, 2026",ST-11,COGS - Beverage,10355358.0,Weekly COGS Beverage,INV-11260302
106810,30/04/2025,ST-07,COGS - Food,22248196.0,Weekly COGS Food,INV-07250428
106811,2026-06-28,ST-07,Revenue - Merchandise,-29667000.0,Weekly POS sales Merchandise,POS-07260622
106812,"Jan 11, 2026",ST-10,COGS - Food,28589653.0,Weekly COGS Food,INV-10260105
106813,15/02/2026,ST-10,Revenue - Beverage,-42598600.0,Weekly POS sales Beverage,POS-10260209
106814,"May 11, 2025",ST-09,Revenue - Food,-49146300.0,Weekly POS sales Food,POS-09250505
106815,"Sep 07, 2026",ST-04,COGS - Beverage,21001387.0,Weekly COGS Beverage,INV-04260901
106816,2025-02-28,ST-02,COGS - Beverage,17623114.0,Weekly COGS Beverage,INV-02250224
106817,18/01/2026,ST-02,Revenue - Merchandise,-49649500.0,Weekly POS sales Merchandise,POS-02260112
106818,"Jul 07, 2026",ST-04,Revenue - Beverage,-50946400.0,Weekly POS sales Beverage,POS-04260701
106819,"Dec 31, 2025",ST-04,Marketing - Local,7288575.0,Local store marketing,MKT-202512
106820,31/01/2026,ST-03,Revenue - Food,-162977600.0,Weekly POS sales Food,POS-03260126
106821,2026-09-30,ST-07,COGS - Food,31679733.0,Weekly COGS Food,INV-07260928
106822,"Feb 07, 2025",ST-01,Revenue - Food,-147073500.0,Weekly POS sales Food,POS-01250201
106823,2025-10-31,ST-05,COGS - Beverage,15793504.0,Weekly COGS Beverage,INV-05251027
106824,2025-12-31,ST-08,Revenue - Food,-54926000.0,Weekly POS sales Food,POS-08251229
106825,"Aug 24, 2025",ST-03,Revenue - Merchandise,-83365800.0,Weekly POS sales Merchandise,POS-03250818
106826,"May 10, 2026",ST-07,COGS - Food,35097338.0,Weekly COGS Food,INV-07260504
106827,"Nov 23, 2025",ST-08,COGS - Beverage,11236201.0,Weekly COGS Beverage,INV-08251117
106828,"Jul 13, 2025",ST-01,Revenue - Food,-141711200.0,Weekly POS sales Food,POS-01250707
106829,30/06/2025,,Store Supplies,7980125.0,Packaging & supplies,SUP-202506
106830,2026-07-19,ST-01,Revenue - Food,-136878500.0,Weekly POS sales Food,POS-01260713
106831,"Sep 30, 2026",ST-05,Revenue - Beverage,-64799500.0,Weekly POS sales Beverage,POS-05260928
106832,"Dec 07, 2025",ST-06,Revenue - Food,-89687100.0,Weekly POS sales Food,POS-06251201
106833,2026-03-15,ST-04,COGS - Merchandise,39768245.0,Weekly COGS Merchandise,INV-04260309
106834,31/01/2025,ST-06,Delivery Platform Commission,48640460.0,Delivery aggregator fees,DLV-202501
106835,2025-08-17,ST-01,COGS - Merchandise,52861384.0,Weekly COGS Merchandise,INV-01250811
106836,2025-12-31,ST-09,Marketing - Local,18626566.0,Local store marketing,MKT-202512
106837,24/08/2025,ST-05,COGS - Beverage,18312600.0,Weekly COGS Beverage,INV-05250818
106838,2025-02-28,ST-01,Repairs & Maintenance,13271000.0,R&M,RPM-202502
106839,2026-06-21,ST-02,COGS - Merchandise,43656149.0,Weekly COGS Merchandise,INV-02260615
106840,2025-08-31,ST-06,Revenue - Beverage,-51702200.0,Weekly POS sales Beverage,POS-06250825
106841,"Feb 28, 2025",ST-06,Utilities,21644555.0,Electricity & water,UTL-202502
106842,2026-04-30,ST-10,Marketing - Local,6906423.0,Local store marketing,MKT-202604
106843,2025-12-31,ST-03,Payroll - Store Staff,203535181.0,Monthly store payroll,PR-202512
106844,30/04/2026,ST-09,Rent Expense,67190000.0,Store rent,RNT-202604
106845,2026-05-31,ST-03,COGS - Food,75575755.0,Weekly COGS Food,INV-03260525
106846,2026-09-30,ST-11,Utilities,15747114.0,Electricity & water,UTL-202609
106847,26/07/2026,ST-06,COGS - Merchandise,31901695.0,Weekly COGS Merchandise,INV-06260720
106848,"Jul 31, 2026",ST-11 ,Delivery Platform Commission,28985771.0,Delivery aggregator fees,DLV-202607
106849,"Jul 07, 2026",ST-02,Revenue - Beverage,-58282400.0,Weekly POS sales Beverage,POS-02260701
106850,2026-09-30,ST-03,COGS - Beverage,31520477.0,Weekly COGS Beverage,INV-03260928
106851,31/05/2025,ST-01,Revenue - Beverage,-70520400.0,Weekly POS sales Beverage,POS-01250526
106852,31/03/2026,ST-11,COGS - Food,27784540.0,Weekly COGS Food,INV-11260330
106853,2026-08-23,ST-08,COGS - Merchandise,21855278.0,Weekly COGS Merchandise,INV-08260817
106854,"Aug 07, 2025",ST-03,Revenue - Merchandise,-73593300.0,Weekly POS sales Merchandise,POS-03250801
106855,"Aug 31, 2026",ST-07,Payroll - Store Staff,83193622.0,Monthly store payroll,PR-202608
106856,"Feb 28, 2026",ST-08,Delivery Platform Commission,33564822.0,Delivery aggregator fees,DLV-202602
106857,2025-06-15,ST-06,COGS - Food,43759252.0,Weekly COGS Food,INV-06250609
106858,"Jun 07, 2025",ST-09,Revenue - Merchandise,-33984000.0,Weekly POS sales Merchandise,POS-09250601
106859,"Mar 07, 2026",ST-09,COGS - Beverage,16377881.0,Weekly COGS Beverage,INV-09260301
106860,31/07/2026,ST-06,COGS - Beverage,19371537.0,Weekly COGS Beverage,INV-06260727
106861,"Jul 19, 2026",ST-08,COGS - Beverage,13207287.0,Weekly COGS Beverage,INV-08260713
106862,"Jan 31, 2026",ST-04,Revenue - Beverage,-76532000.0,Weekly POS sales Beverage,POS-04260126
106863,"Jan 26, 2025",ST-02,COGS - Beverage,24894497.0,Weekly COGS Beverage,INV-02250120
106864,"Aug 17, 2025",ST-05,COGS - Food,42761002.0,Weekly COGS Food,INV-05250811
106865,17/05/2026,ST-12,COGS - Food,16472587.0,Weekly COGS Food,INV-12260511
106866,"Sep 07, 2025",ST-01,Revenue - Beverage,-84105900.0,Weekly POS sales Beverage,POS-01250901
106867,"Jul 07, 2025",ST-02,COGS - Beverage,19161738.0,Weekly COGS Beverage,INV-02250701
106868,29/06/2025,ST-01,Revenue - Food,-128255400.0,Weekly POS sales Food,POS-01250623
106869,"Feb 09, 2025",ST-07,Revenue - Beverage,-38627400.0,Weekly POS sales Beverage,POS-07250203
106870,31/08/2026,ST-06,Marketing - Local,12558330.0,Local store marketing,MKT-202608
106871,31/07/2025,ST-09,Revenue - Merchandise,-34353900.0,Weekly POS sales Merchandise,POS-09250728
106872,"Aug 17, 2025",ST-05,Revenue - Food,-74273000.0,Weekly POS sales Food,POS-05250811
106873,"Aug 07, 2025",ST-04,Revenue - Food,-86435000.0,Weekly POS sales Food,POS-04250801
106874,"Oct 31, 2025",ST-09,Delivery Platform Commission,37610110.0,Delivery aggregator fees,DLV-202510
106875,"Jul 12, 2026",ST-06,Revenue - Beverage,-57663100.0,Weekly POS sales Beverage,POS-06260706
106876,2025-05-31,ST-03,Depreciation - Store Assets,43400000.0,Monthly depreciation,DEP-202505
106877,"Aug 09, 2026",ST-05,COGS - Food,51204011.0,Weekly COGS Food,INV-05260803
106878,2025-05-31,ST-07,Payroll - Store Staff,67489784.0,Monthly store payroll,PR-202505
106879,30/09/2025,ST-03,Depreciation - Store Assets,43400000.0,Monthly depreciation,DEP-202509
106880,31/07/2026,ST-05,COGS - Beverage,18724734.0,Weekly COGS Beverage,INV-05260727
106881,28/02/2026,ST-07,Revenue - Food,-53603700.0,Weekly POS sales Food,POS-07260223
106882,"Aug 09, 2026",ST-03,Revenue - Beverage,-90262100.0,Weekly POS sales Beverage,POS-03260803
106883,"Apr 07, 2026",ST-08,COGS - Merchandise,20364825.0,Weekly COGS Merchandise,INV-08260401
106884,2026-05-31,ST-08,COGS - Merchandise,23040146.0,Weekly COGS Merchandise,INV-08260525
106885,"Sep 07, 2025",ST-09,Revenue - Beverage,-44240000.0,Weekly POS sales Beverage,POS-09250901
106886,26/10/2025,ST-03,Revenue - Food,-125906000.0,Weekly POS sales Food,POS-03251020
106887,2026-09-13,ST-12,Revenue - Food,-37414400.0,Weekly POS sales Food,POS-12260907
106888,"Apr 07, 2025",ST-09,Revenue - Merchandise,-28699600.0,Weekly POS sales Merchandise,POS-09250401
106889,2025-06-29,ST-02,COGS - Merchandise,31934000.0,Weekly COGS Merchandise,INV-02250623
106890,2025-07-27,ST-09,COGS - Merchandise,27668300.0,Weekly COGS Merchandise,INV-09250721
106891,"Aug 10, 2025",ST-06,COGS - Food,55970809.0,Weekly COGS Food,INV-06250804
106892,2025-11-23,ST-02,Revenue - Food,-85312800.0,Weekly POS sales Food,POS-02251117
106893,26/07/2026,ST-02,COGS - Beverage,23037728.0,Weekly COGS Beverage,INV-02260720
106894,2025-05-18,ST-01,Revenue - Food,-125345400.0,Weekly POS sales Food,POS-01250512
106895,2026-09-30,ST-09,Revenue - Food,-86993400.0,Weekly POS sales Food,POS-09260928
106896,"Feb 09, 2025",ST-01,COGS - Food,"90,354,024",Weekly COGS Food,INV-01250203
106897,2025-04-30,ST-09,Rent Expense,67767000.0,Store rent,RNT-202504
106898,"Oct 07, 2025",ST-04,COGS - Merchandise,35979107.0,Weekly COGS Merchandise,INV-04251001
106899,"Jul 12, 2026",ST-10,COGS - Merchandise,24839828.0,Weekly COGS Merchandise,INV-10260706
106900,13/07/2025,ST-03,Revenue - Food,-133868700.0,Weekly POS sales Food,POS-03250707
106901,2026-09-30,HQ,Office Rent & Admin,105073000.0,HO rent & admin,ADM-202609
106902,2025-01-26,ST-08,COGS - Merchandise,14993712.0,Weekly COGS Merchandise,INV-08250120
106903,2025-01-19,ST-02,Revenue - Beverage,-56263200.0,Weekly POS sales Beverage,POS-02250113
106904,"Jun 07, 2026",ST-03,COGS - Food,77880399.0,Weekly COGS Food,INV-03260601
106905,"Mar 07, 2026",ST-7,COGS - Food,30722304.0,Weekly COGS Food,INV-07260301
106906,"Aug 07, 2026",ST-10,Revenue - Food,-53810900.0,Weekly POS sales Food,POS-10260801
106907,"May 25, 2025",ST-02,Revenue - Merchandise,-49740100.0,Weekly POS sales Merchandise,POS-02250519
106908,"Feb 07, 2026",ST-03,Revenue - Food,-142786000.0,Weekly POS sales Food,POS-03260201
106909,2025-06-29,ST-02,Revenue - Merchandise,-45425800.0,Weekly POS sales Merchandise,POS-02250623
106910,2026-03-22,ST-11,COGS - Beverage,10698016.0,Weekly COGS Beverage,INV-11260316
106911,2025-02-16,ST-08,Revenue - Food,-38451400.0,Weekly POS sales Food,POS-08250210
106912,2026-08-31,ST-09,Utilities,21151081.0,Electricity & water,UTL-202608
106913,"Jun 29, 2025",ST-05,COGS - Food,45870239.0,Weekly COGS Food,INV-05250623
106914,2025-07-27,ST-06,COGS - Merchandise,35461931.0,Weekly COGS Merchandise,INV-06250721
106915,31/03/2026,ST-09,COGS - Merchandise,37919579.0,Weekly COGS Merchandise,INV-09260330
106916,"Nov 07, 2025",ST-01,COGS - Merchandise,53726979.0,Weekly COGS Merchandise,INV-01251101
106917,30/04/2026,ST-05,Delivery Platform Commission,31382169.0,Delivery aggregator fees,DLV-202604
106918,2026-08-31,ST-03,Marketing - Local,19653253.0,Local store marketing,MKT-202608
106919,"May 10, 2026",ST-12,COGS - Merchandise,10550748.0,Weekly COGS Merchandise,INV-12260504
106920,2026-08-31,ST-06,COGS - Food,45905058.0,Weekly COGS Food,INV-06260831
106921,2025-12-31,ST-03,Revenue - Beverage,-108325000.0,Weekly POS sales Beverage,POS-03251229
106922,28/02/2025,ST-01,Revenue - Merchandise,-78424200.0,Weekly POS sales Merchandise,POS-01250224
106923,2025-03-31,ST-04,Delivery Platform Commission,36879477.0,Delivery aggregator fees,DLV-202503
106924,2025-08-31,ST-06,COGS - Food,53727933.0,Weekly COGS Food,INV-06250825
106925,2025-11-30,ST-02,Revenue - Beverage,-57528000.0,Weekly POS sales Beverage,POS-02251124
106926,"Nov 07, 2025",ST-09,COGS - Merchandise,34442310.0,Weekly COGS Merchandise,INV-09251101
106927,2025-10-31,ST-10,Revenue - Food,-32863000.0,Weekly POS sales Food,POS-10251027
106928,26/07/2026,ST-01,COGS - Merchandise,55234776.0,Weekly COGS Merchandise,INV-01260720
106929,2025-06-30,ST-08,COGS - Beverage,9825791.0,Weekly COGS Beverage,INV-08250630
106930,2025-09-30,ST-01,Payroll - Store Staff,143849142.0,Monthly store payroll,PR-202509
106931,2025-09-28,ST-04,Revenue - Merchandise,-42679000.0,Weekly POS sales Merchandise,POS-04250922
106932,"Jul 31, 2025",ST-03,COGS - Food,67354591.0,Weekly COGS Food,INV-03250728
106933,2026-08-23,ST-07,COGS - Beverage,13351542.0,Weekly COGS Beverage,INV-07260817
106934,"Apr 27, 2025",ST-02,COGS - Food,44078657.0,Weekly COGS Food,INV-02250421
106935,2026-01-31,ST-02,Delivery Platform Commission,40946384.0,Delivery aggregator fees,DLV-202601
106936,2026-04-30,ST-07,COGS - Merchandise,23173291.0,Weekly COGS Merchandise,INV-07260427
106937,"Jul 31, 2026",ST-02,COGS - Beverage,21927063.0,Weekly COGS Beverage,INV-02260727
106938,2026-08-23,ST-12,Revenue - Beverage,-22098300.0,Weekly POS sales Beverage,POS-12260817
106939,31/10/2025,ST-06,Marketing - Local,13891067.0,Local store marketing,MKT-202510
106940,"Jan 07, 2026",ST-10,COGS - Food,27473392.0,Weekly COGS Food,INV-10260101
106941,2026-02-22,ST-07,COGS - Merchandise,25989263.0,Weekly COGS Merchandise,INV-07260216
106942,"Aug 07, 2025",ST-09,COGS - Beverage,17245961.0,Weekly COGS Beverage,INV-09250801
106943,2025-12-21,ST-04,COGS - Food,57133683.0,Weekly COGS Food,INV-04251215
106944,2026-09-27,ST-10,Revenue - Merchandise,-30073000.0,Weekly POS sales Merchandise,POS-10260921
106945,2025-07-20,ST-02,Revenue - Beverage,-60390000.0,Weekly POS sales Beverage,POS-02250714
106946,31/03/2025,ST-02,Depreciation - Store Assets,28000000.0,Monthly depreciation,DEP-202503
106947,2026-03-31,ST-01,  Store Supplies ,16646893.0,Packaging & supplies,SUP-202603
106948,"Mar 07, 2026",ST-05,COGS - Merchandise,33543851.0,Weekly COGS Merchandise,INV-05260301
106949,22/03/2026,ST-07,COGS - Merchandise,21469657.0,Weekly COGS Merchandise,INV-07260316
106950,"May 10, 2026",ST-07,COGS - Merchandise,23613774.0,Weekly COGS Merchandise,INV-07260504
106951,2026-03-15,ST-01,COGS - Merchandise,47724303.0,Weekly COGS Merchandise,INV-01260309
106952,"Apr 27, 2025",ST-02,Revenue - Merchandise,-41582200.0,Weekly POS sales Merchandise,POS-02250421
106953,30/09/2025,ST-05,Delivery Platform Commission,"42,276,789",Delivery aggregator fees,DLV-202509
106954,"May 11, 2025",ST-01 ,COGS - Beverage,30221985.0,Weekly COGS Beverage,INV-01250505
106955,"Sep 07, 2026",ST-10,Revenue - Merchandise,-29396800.0,Weekly POS sales Merchandise,POS-10260901
106956,30/11/2025,ST-03,COGS - Merchandise,49428802.0,Weekly COGS Merchandise,INV-03251124
106957,2025-01-31,ST-04,Revenue - Merchandise,-47770300.0,Weekly POS sales Merchandise,POS-04250127
106958,"Aug 07, 2025",ST-01,Revenue - Merchandise,-72925500.0,Weekly POS sales Merchandise,POS-01250801
106959,"May 17, 2026",ST-10,COGS - Food,26011919.0,Weekly COGS Food,INV-10260511
106960,"Jan 11, 2026",ST-03,COGS - Food,84550916.0,Weekly COGS Food,INV-03260105
106961,2026-06-28,ST-09,COGS - Beverage,24031858.0,Weekly COGS Beverage,INV-09260622
106962,13/07/2025,ST-01,COGS - Merchandise,50843537.0,Weekly COGS Merchandise,INV-01250707
106963,"Aug 07, 2025",ST-06,Revenue - Merchandise,-43068000.0,Weekly POS sales Merchandise,POS-06250801
106964,"Jun 07, 2025",ST-03,Revenue - Food,-111952500.0,Weekly POS sales Food,POS-03250601
106965,"May 11, 2025",ST-01,Revenue - Merchandise,-74546800.0,Weekly POS sales Merchandise,POS-01250505
106966,2026-05-31,ST-08,Delivery Platform Commission,25295953.0,Delivery aggregator fees,DLV-202605
106967,2026-07-26,ST-08,COGS - Food,33961884.0,Weekly COGS Food,INV-08260720
106968,"Jan 25, 2026",ST-03,COGS - Food,87318436.0,Weekly COGS Food,INV-03260119
106969,31/05/2026,ST-05,COGS - Merchandise,38593212.0,Weekly COGS Merchandise,INV-05260525
106970,2026-04-30,ST-02,Revenue - Food,-71764000.0,Weekly POS sales Food,POS-02260427
106971,2026-02-22,ST-11,COGS - Beverage,13329540.0,Weekly COGS Beverage,INV-11260216
106972,2026-03-22,ST-09,Revenue - Food,-89362800.0,Weekly POS sales Food,POS-09260316
106973,30/04/2025,ST-01,Revenue - Merchandise,-71589600.0,Weekly POS sales Merchandise,POS-01250428
106974,30/08/2026,ST-02,Revenue - Food,-74417200.0,Weekly POS sales Food,POS-02260824
106975,2025-08-17,ST-02,COGS - Food,44197320.0,Weekly COGS Food,INV-02250811
106976,2025-07-27,ST-01,COGS - Merchandise,56178273.0,Weekly COGS Merchandise,INV-01250721
106977,30/04/2026,ST-03,Revenue - Beverage,-81136000.0,Weekly POS sales Beverage,POS-03260427
106978,2025-12-28,ST-05,Revenue - Food,-112740000.0,Weekly POS sales Food,POS-05251222
106979,2026-09-27,ST-05,Revenue - Beverage,-61389000.0,Weekly POS sales Beverage,POS-05260921
106980,"Aug 09, 2026",ST-05,COGS - Merchandise,37312440.0,Weekly COGS Merchandise,INV-05260803
106981,"Oct 07, 2025",ST-04,COGS - Beverage,19639878.0,Weekly COGS Beverage,INV-04251001
106982,29/06/2025,ST-08,Revenue - Merchandise,"-24,664,500",Weekly POS sales Merchandise,POS-08250623
106983,"May 11, 2025",ST-02,Revenue - Merchandise,-51426900.0,Weekly POS sales Merchandise,POS-02250505
106984,2025-09-30,ST-04,COGS - Food,34003958.0,Weekly COGS Food,INV-04250929
106985,2025-05-18,ST-05,COGS - Merchandise,37513286.0,Weekly COGS Merchandise,INV-05250512
106986,2026-03-31,ST-05,Rent Expense,68417000.0,Store rent,RNT-202603
106987,31/07/2025,ST-05,Depreciation - Store Assets,28000000.0,Monthly depreciation,DEP-202507
106988,"Jun 28, 2026",ST-01,Revenue - Beverage,-92150600.0,Weekly POS sales Beverage,POS-01260622
106989,31/07/2026,ST-03,Revenue - Food,-156492700.0,Weekly POS sales Food,POS-03260727
106990,2025-09-30,ST-01,Repairs & Maintenance,9647000.0,R&M,RPM-202509
106991,"Sep 30, 2026",ST-10,COGS - Beverage,12080552.0,Weekly COGS Beverage,INV-10260928
106992,2025-03-30,ST-08,Revenue - Beverage,-19641600.0,Weekly POS sales Beverage,POS-08250324
106993,"May 31, 2025",ST-04,Payroll - Store Staff,98512554.0,Monthly store payroll,PR-202505
106994,"Oct 12, 2025",ST-08,Revenue - Food,-49478400.0,Weekly POS sales Food,POS-08251006
106995,2025-04-13,ST-03,COGS - FOOD,65040673.0,Weekly COGS Food,INV-03250407
106996,"Sep 30, 2025",ST-02,Rent Expense,66375000.0,Store rent,RNT-202509
106997,30/09/2025,ST-10,Store Supplies,2704607.0,Packaging & supplies,SUP-202509
106998,28/06/2026,ST-07,COGS - Food,34049206.0,Weekly COGS Food,INV-07260622
106999,"Jun 07, 2026",ST-01,  COGS - Food ,77911334.0,Weekly COGS Food,INV-01260601
107000,28/09/2025,ST-03,Revenue - Merchandise,-63390600.0,Weekly POS sales Merchandise,POS-03250922
107001,"Jun 07, 2026",ST-07,COGS - Merchandise,22083295.0,Weekly COGS Merchandise,INV-07260601
107002,28/02/2025,ST-01,Store Supplies,14121233.0,Packaging & supplies,SUP-202502
107003,21/09/2025,ST-03,COGS - Merchandise,49029010.0,Weekly COGS Merchandise,INV-03250915
107004,15/02/2026,ST-05,REVENUE - MERCHANDISE,-62310500.0,Weekly POS sales Merchandise,POS-05260209
107005,"Jul 12, 2026",ST-10,COGS - Food,38780704.0,Weekly COGS Food,INV-10260706
107006,2026-05-24,ST-09,COGS - Beverage,19518948.0,Weekly COGS Beverage,INV-09260518
107007,"Jan 07, 2026",ST-01,COGS - Beverage,41029770.0,Weekly COGS Beverage,INV-01260101
107008,31/12/2025,ST-02,Payroll - Store Staff,132451928.0,Monthly store payroll,PR-202512
107009,2026-07-31,ST-09,Rent Expense,"68,883,000",Store rent,RNT-202607
107010,2026-01-25,ST-01,Revenue - Merchandise,-101835400.0,Weekly POS sales Merchandise,POS-01260119
107011,19/10/2025,ST-02,COGS - Beverage,20626112.0,Weekly COGS Beverage,INV-02251013
107012,"Nov 07, 2025",ST-01,COGS - Food,74175261.0,Weekly COGS Food,INV-01251101
107013,2025-04-30,HQ,IT & Software,69478000.0,SaaS & IT,ITS-202504
107014,"May 10, 2026",ST-05,COGS - Beverage,19753926.0,Weekly COGS Beverage,INV-05260504
107015,2026-03-31,ST-05,Depreciation - Store Assets,28000000.0,Monthly depreciation,DEP-202603
107016,2025-02-23,ST-04,COGS - Merchandise,41069379.0,Weekly COGS Merchandise,INV-04250217
107017,2025-02-28,ST-02,COGS - Food,67319345.0,Weekly COGS Food,INV-02250224
107018,28/02/2026,ST-11,Revenue - Food,-57834000.0,Weekly POS sales Food,POS-11260223
107019,"Apr 07, 2026",ST-08,Revenue - Food,-50820000.0,Weekly POS sales Food,POS-08260401
107020,16/08/2026,ST-09,COGS - Food,53887055.0,Weekly COGS Food,INV-09260810
107021,2026-08-30,ST-03,Revenue - Merchandise,-64263400.0,Weekly POS sales Merchandise,POS-03260824
107022,"May 11, 2025",ST-01,Revenue - Food,-126777600.0,Weekly POS sales Food,POS-01250505
107023,"Jan 11, 2026",ST-08,Revenue - Beverage,-41485200.0,Weekly POS sales Beverage,POS-08260105
107024,2025-11-30,ST-08,COGS - Merchandise,17120924.0,Weekly COGS Merchandise,INV-08251124
107025,2025-10-31,ST-08,COGS - Food,26594040.0,Weekly COGS Food,INV-08251027
107026,"Mar 07, 2026",ST-03,Revenue - Merchandise,-78837900.0,Weekly POS sales Merchandise,POS-03260301
107027,2025-05-31,ST-06,Revenue - Merchandise,-43221200.0,Weekly POS sales Merchandise,POS-06250526
107028,2025-05-31,ST-08,Utilities,8541399.0,Electricity & water,UTL-202505
107029,14/06/2026,ST-01,Revenue - Food,-146258400.0,Weekly POS sales Food,POS-01260608
107030,"Sep 07, 2025",ST-05,COGS - Beverage,18016901.0,Weekly COGS Beverage,INV-05250901
107031,"Jun 07, 2026",ST-11,Revenue - Merchandise,-34479200.0,Weekly POS sales Merchandise,POS-11260601
107032,2025-01-19,ST-05,Revenue - Merchandise,-46326400.0,Weekly POS sales Merchandise,POS-05250113
107033,"May 10, 2026",ST-01,COGS - Food,73286716.0,Weekly COGS Food,INV-01260504
107034,2026-05-31,ST-02,COGS - Beverage,24168014.0,Weekly COGS Beverage,INV-02260525
107035,21/09/2025,ST-03,COGS - Food,67884280.0,Weekly COGS Food,INV-03250915
107036,2025-10-19,ST-02,Revenue - Food,-70863200.0,Weekly POS sales Food,POS-02251013
107037,"Nov 09, 2025",ST-09,Revenue - Merchandise,-42545800.0,Weekly POS sales Merchandise,POS-09251103
107038,"Nov 30, 2025",ST-09,Revenue - Merchandise,-44386400.0,Weekly POS sales Merchandise,POS-09251124
107039,31/03/2026,ST-09,COGS - Food,38372019.0,Weekly COGS Food,INV-09260330
107040,30/11/2025,ST-01,COGS - Beverage,36317384.0,Weekly COGS Beverage,INV-01251124
107041,"Jul 07, 2026",ST-02,Revenue - Food,-81862900.0,Weekly POS sales Food,POS-02260701
107042,2026-05-31,ST-09,Store Supplies,7667205.0,Packaging & supplies,SUP-202605
107043,20/09/2026,ST-11,Revenue - Beverage,-37927800.0,Weekly POS sales Beverage,POS-11260914
107044,"Oct 12, 2025",ST-06,Revenue - Merchandise,-44554400.0,Weekly POS sales Merchandise,POS-06251006
107045,31/10/2025,HQ,Payroll - Head Office,323076000.0,HO payroll,PR-HO-202510
107046,2025-12-31,ST-06,Repairs & Maintenance,9318000.0,R&M,RPM-202512
107047,2026-08-16,ST-02,COGS - Beverage,20705987.0,Weekly COGS Beverage,INV-02260810
107048,"Sep 30, 2026",ST-02,Rent Expense,67859000.0,Store rent,RNT-202609
107049,2025-03-23,ST-01,  COGS - Beverage ,26466066.0,Weekly COGS Beverage,INV-01250317
107050,2025-04-13,ST-09,COGS - Merchandise,17049375.0,Weekly COGS Merchandise,INV-09250407
107051,14/06/2026,ST-10,COGS - Food,28989352.0,Weekly COGS Food,INV-10260608
107052,2026-08-31,ST-12,Revenue - Food,-39312800.0,Weekly POS sales Food,POS-12260831
107053,2025-03-16,ST-01,COGS - Food,67818060.0,Weekly COGS Food,INV-01250310
107054,2026-06-30,ST-11,COGS - Beverage,14184175.0,Weekly COGS Beverage,INV-11260629
107055,"Aug 30, 2026",ST-01,Revenue - Beverage,-84774400.0,Weekly POS sales Beverage,POS-01260824
107056,"Jan 07, 2025",ST-01,Revenue - Beverage,-85995000.0,Weekly POS sales Beverage,POS-01250101
107057,"Jul 07, 2026",ST-12,COGS - Beverage,8804052.0,Weekly COGS Beverage,INV-12260701
107058,"May 31, 2025",ST-02,Depreciation - Store Assets,28000000.0,Monthly depreciation,DEP-202505
107059,31/03/2025,ST-09,Store Supplies,3227232.0,Packaging & supplies,SUP-202503
107060,"Mar 22, 2026",ST-07,COGS - Beverage,11214676.0,Weekly COGS Beverage,INV-07260316
107061,"Mar 08, 2026",ST-03,COGS - Merchandise,46520867.0,Weekly COGS Merchandise,INV-03260302
107062,2025-11-30,ST-07,Revenue - Beverage,-35383900.0,Weekly POS sales Beverage,POS-07251124
107063,31/01/2025,ST-02,COGS - Food,40887536.0,Weekly COGS Food,INV-02250127
107064,2025-12-31,ST-4,Rent Expense,66041000.0,Store rent,RNT-202512
107065,14/09/2025,ST-03,  COGS - Food ,64105573.0,Weekly COGS Food,INV-03250908
107066,"Jun 30, 2025",ST-04,Payroll - Store Staff,124408147.0,Monthly store payroll,PR-202506
107067,2026-06-28,ST-02,COGS - Beverage,18451138.0,Weekly COGS Beverage,INV-02260622
107068,2025-05-31,ST-03,Utilities,24169051.0,Electricity & water,UTL-202505
107069,14/09/2025,ST-02,Revenue - Food,-68384400.0,Weekly POS sales Food,POS-02250908
107070,"Apr 30, 2026",ST-07,Delivery Platform Commission,23009775.0,Delivery aggregator fees,DLV-202604
107071,"Apr 12, 2026",ST-06,Revenue - Food,-87352000.0,Weekly POS sales Food,POS-06260406
107072,2026-07-31,ST-09,COGS - Merchandise,40509318.0,Weekly COGS Merchandise,INV-09260727
107073,"Mar 16, 2025",ST-6,COGS - Food,42197415.0,Weekly COGS Food,INV-06250310
107074,"Jun 08, 2025",ST-01,COGS - Food,67220749.0,Weekly COGS Food,INV-01250602
107075,"Mar 07, 2026",ST-02,Revenue - Food,-71983800.0,Weekly POS sales Food,POS-02260301
107076,"Nov 07, 2025",ST-03,Revenue - Food,-118400400.0,Weekly POS sales Food,POS-03251101
107077,2025-01-31,ST-01,Revenue - Food,-142256700.0,Weekly POS sales Food,POS-01250127
107078,"Apr 12, 2026",ST-03,Revenue - Merchandise,-82825400.0,Weekly POS sales Merchandise,POS-03260406
107079,31/07/2025,ST-03,Utilities,25214475.0,Electricity & water,UTL-202507
107080,"Mar 31, 2026",ST-02,COGS - Food,42140740.0,Weekly COGS Food,INV-02260330
107081,2025-05-31,ST-05,Store Supplies,9575225.0,Packaging & supplies,SUP-202505
107082,2026-04-19,ST-09,Revenue - Food,-78098100.0,Weekly POS sales Food,POS-09260413
107083,"Jun 07, 2026",ST-02,Revenue - Food,-88386800.0,Weekly POS sales Food,POS-02260601
107084,30/09/2026,ST-01,Revenue - Food,-137464600.0,Weekly POS sales Food,POS-01260928
107085,31/08/2025,ST-04,Revenue - Merchandise,-51557300.0,Weekly POS sales Merchandise,POS-04250825
107086,2025-07-20,ST-05,Revenue - Food,-85544000.0,Weekly POS sales Food,POS-05250714
107087,"Jan 07, 2026",ST-03,COGS - Food,92070988.0,Weekly COGS Food,INV-03260101
107088,"Feb 07, 2026",ST-01,COGS - Beverage,43098200.0,Weekly COGS Beverage,INV-01260201
107089,21/06/2026,ST-10,COGS - Beverage,11590981.0,Weekly COGS Beverage,INV-10260615
107090,27/04/2025,ST-06,Revenue - Food,-77103000.0,Weekly POS sales Food,POS-06250421
107091,2025-01-19,ST-03,COGS - Merchandise,62480144.0,Weekly COGS Merchandise,INV-03250113
107092,"May 07, 2025",ST-09,Revenue - Merchandise,-30044800.0,Weekly POS sales Merchandise,POS-09250501
107093,23/03/2025,ST-07,COGS - Food,"22,097,993",Weekly COGS Food,INV-07250317
107094,2026-05-24,ST-11,Revenue - Food,-57491100.0,Weekly POS sales Food,POS-11260518
107095,2025-08-24,ST-04,Revenue - Food,-85321200.0,Weekly POS sales Food,POS-04250818
107096,2025-08-31,ST-09,Payroll - Store Staff,76483790.0,Monthly store payroll,PR-202508
107097,2026-06-30,ST-08,Revenue - Beverage,-37736000.0,Weekly POS sales Beverage,POS-08260629
107098,2026-09-20,ST-06,Revenue - Food,-87480000.0,Weekly POS sales Food,POS-06260914
107099,2026-07-26,ST-01,COGS - Food,83831826.0,Weekly COGS Food,INV-01260720
107100,16/03/2025,ST-02,Revenue - Beverage,-48473100.0,Weekly POS sales Beverage,POS-02250310
107101,2025-12-31,ST-07,Delivery Platform Commission,26265894.0,Delivery aggregator fees,DLV-202512
107102,2026-01-25,ST-01,Revenue - Beverage,-100027200.0,Weekly POS sales Beverage,POS-01260119
107103,2025-08-24,ST-09,COGS - Food,36823137.0,Weekly COGS Food,INV-09250818
107104,2025-05-18,ST-02,Revenue - Food,-79909200.0,Weekly POS sales Food,POS-02250512
107105,"Jun 08, 2025",ST-09,COGS - Food,29927145.0,Weekly COGS Food,INV-09250602
107106,31/03/2026,ST-01,Marketing - Local,8045944.0,Local store marketing,MKT-202603
107107,"Jan 12, 2025",ST-01,Revenue - Beverage,-89697300.0,Weekly POS sales Beverage,POS-01250106
107108,"Aug 10, 2025",ST-04,COGS - Merchandise,37668429.0,Weekly COGS Merchandise,INV-04250804
107109,"Oct 12, 2025",ST-03,COGS - Beverage,29606677.0,Weekly COGS Beverage,INV-03251006
107110,29/06/2025,ST-08,COGS - Food,20910325.0,Weekly COGS Food,INV-08250623
107111,31/07/2026,ST-12,COGS - Merchandise,13998990.0,Weekly COGS Merchandise,INV-12260727
107112,2026-09-13,ST-07,Revenue - Beverage,-32712000.0,Weekly POS sales Beverage,POS-07260907
107113,30/09/2025,ST-05,COGS - Beverage,17733740.0,Weekly COGS Beverage,INV-05250929
107114,2026-02-15,ST-08,Revenue - Merchandise,-45119700.0,Weekly POS sales Merchandise,POS-08260209
107115,"Jan 31, 2025",ST-08,Rent Expense,41575000.0,Store rent,RNT-202501
107116,2025-06-30,ST-08,Revenue - Merchandise,-26938400.0,Weekly POS sales Merchandise,POS-08250630
107117,"Feb 07, 2026",ST-02,Revenue - Beverage,-73656000.0,Weekly POS sales Beverage,POS-02260201
107118,25/05/2025,ST-01,COGS - BEVERAGE,27039052.0,Weekly COGS Beverage,INV-01250519
107119,31/03/2025,ST-09,Revenue - Food,-36645200.0,Weekly POS sales Food,POS-09250331
107120,31/07/2025,ST-03 ,Rent Expense,104437000.0,Store rent,RNT-202507
107121,2026-07-31,ST-12,Marketing - Local,5860009.0,Local store marketing,MKT-202607
107122,"Mar 31, 2025",ST-06,Revenue - Food,-76992500.0,Weekly POS sales Food,POS-06250331
107123,2025-11-30,ST-06,Store Supplies,8089604.0,Packaging & supplies,SUP-202511
107124,"Feb 09, 2025",ST-01,Revenue - Food,-150180000.0,Weekly POS sales Food,POS-01250203
107125,2026-05-31,ST-07,Payroll - Store Staff,72853099.0,Monthly store payroll,PR-202605
107126,"Jan 31, 2026",ST-04,Repairs & Maintenance,9068000.0,R&M,RPM-202601
107127,2026-03-29,ST-05,Revenue - Merchandise,-44033600.0,Weekly POS sales Merchandise,POS-05260323
107128,2026-02-28,ST-10,Repairs & Maintenance,11077000.0,R&M,RPM-202602
107129,"Mar 09, 2025",ST-09,COGS - Food,21251371.0,Weekly COGS Food,INV-09250303
107130,2026-02-22,ST-08,Revenue - Food,-64480500.0,Weekly POS sales Food,POS-08260216
107131,"Feb 22, 2026",ST-05,COGS - Food,63148272.0,Weekly COGS Food,INV-05260216
107132,"Feb 07, 2026",ST-10,REVENUE - MERCHANDISE,-33213400.0,Weekly POS sales Merchandise,POS-10260201
107133,2026-04-19,ST-05,Revenue - Merchandise,-42874000.0,Weekly POS sales Merchandise,POS-05260413
107134,28/02/2026,ST-02,Utilities,22606396.0,Electricity & water,UTL-202602
107135,"Mar 16, 2025",ST-05,Revenue - Merchandise,-42129000.0,Weekly POS sales Merchandise,POS-05250310
107136,"Aug 30, 2026",ST-07,COGS - Merchandise,22816498.0,Weekly COGS Merchandise,INV-07260824
107137,"Mar 08, 2026",ST-04,COGS - Merchandise,31702527.0,Weekly COGS Merchandise,INV-04260302
107138,2026-08-31,ST-12,Marketing - Local,5751581.0,Local store marketing,MKT-202608
107139,2025-04-30,ST-02,Utilities,14528653.0,Electricity & water,UTL-202504
107140,2026-07-31,ST-04,Revenue - Merchandise,-57477000.0,Weekly POS sales Merchandise,POS-04260727
107141,19/10/2025,ST-08,Revenue - Merchandise,-25866200.0,Weekly POS sales Merchandise,POS-08251013
107142,22/02/2026,ST-11,COGS - Food,31428942.0,Weekly COGS Food,INV-11260216
107143,"Aug 07, 2026",ST-05,COGS - Beverage,21896404.0,Weekly COGS Beverage,INV-05260801
107144,"May 07, 2025",ST-07,COGS - Beverage,12715446.0,Weekly COGS Beverage,INV-07250501
107145,26/07/2026,ST-10,COGS - Merchandise,24988499.0,Weekly COGS Merchandise,INV-10260720
107146,2025-11-23,ST-03,COGS - Merchandise,54463423.0,Weekly COGS Merchandise,INV-03251117
107147,14/09/2025,ST-02,COGS - Beverage,19805698.0,Weekly COGS Beverage,INV-02250908
107148,16/02/2025,ST-05,Revenue - Food,-90150000.0,Weekly POS sales Food,POS-05250210
107149,"Sep 07, 2025",ST-10,COGS - Food,17063349.0,Weekly COGS Food,INV-10250901
107150,"Jul 07, 2026",ST-11,COGS - Food,38427558.0,Weekly COGS Food,INV-11260701
107151,2026-07-19,ST-03,Revenue - Beverage,-85140000.0,Weekly POS sales Beverage,POS-03260713
107152,"Nov 09, 2025",ST-02,Revenue - Beverage,-49312000.0,Weekly POS sales Beverage,POS-02251103
107153,30/04/2026,ST-08,Repairs & Maintenance,"11,267,000",R&M,RPM-202604
107154,2026-09-30,ST-04,Revenue - Merchandise,-42873000.0,Weekly POS sales Merchandise,POS-04260928
107155,2025-05-31,ST-04,Rent Expense,72843000.0,Store rent,RNT-202505
107156,31/05/2025,ST-06,Revenue - Beverage,-52733900.0,Weekly POS sales Beverage,POS-06250526
107157,2026-02-15,ST-05,Revenue - Beverage,-67637700.0,Weekly POS sales Beverage,POS-05260209
107158,2025-07-13,ST-06,COGS - Food,51196048.0,Weekly COGS Food,INV-06250707
107159,2026-01-25,ST-02,Revenue - Food,-92817600.0,Weekly POS sales Food,POS-02260119
107160,2025-07-31,HQ,Professional Fees,3805000.0,Audit/legal/consulting,PRF-202507
107161,2025-05-31,ST-03,Revenue - Merchandise,-57512000.0,Weekly POS sales Merchandise,POS-03250526
107162,"Sep 13, 2026",ST-09,Revenue - Food,-76780800.0,Weekly POS sales Food,POS-09260907
107163,"Aug 07, 2025",ST-06,Revenue - Food,-87074400.0,Weekly POS sales Food,POS-06250801
107164,"Jan 11, 2026",ST-06,Revenue - Food,-107336300.0,Weekly POS sales Food,POS-06260105
107165,25/05/2025,ST-03,Revenue - Beverage,-82929000.0,Weekly POS sales Beverage,POS-03250519
107166,"Nov 07, 2025",ST-08,Revenue - Food,-50520000.0,Weekly POS sales Food,POS-08251101
107167,2026-08-23,ST-06,COGS - Merchandise,36239044.0,Weekly COGS Merchandise,INV-06260817
107168,31/01/2026,ST-10,  COGS - Food ,27043587.0,Weekly COGS Food,INV-10260126
107169,2026-01-31,ST-06,COGS - Beverage,25726357.0,Weekly COGS Beverage,INV-06260126
107170,2026-02-22,ST-08,Revenue - Food,-64480500.0,Weekly POS sales Food,POS-08260216
107171,2025-07-31,ST-01,COGS - Food,83731357.0,Weekly COGS Food,INV-01250728
107172,2026-08-31,ST-06,  Repairs & Maintenance ,6616000.0,R&M,RPM-202608
107173,"May 31, 2025",ST-05,COGS - Food,43337481.0,Weekly COGS Food,INV-05250526
107174,30/06/2026,ST-09,COGS - Merchandise,31675567.0,Weekly COGS Merchandise,INV-09260629
107175,"Jan 07, 2025",ST-02,Revenue - Food,-84112800.0,Weekly POS sales Food,POS-02250101
107176,26/04/2026,ST-09,COGS - Merchandise,35158992.0,Weekly COGS Merchandise,INV-09260420
107177,2026-06-21,ST-07,Revenue - Merchandise,-31985800.0,Weekly POS sales Merchandise,POS-07260615
107178,"Jan 11, 2026",ST-01,REVENUE - MERCHANDISE,-74412900.0,Weekly POS sales Merchandise,POS-01260105
107179,2026-04-30,ST-03,COGS - Merchandise,51261311.0,Weekly COGS Merchandise,INV-03260427
107180,2026-04-30,ST-11,Repairs & Maintenance,"15,178,000",R&M,RPM-202604
107181,"Jul 07, 2026",ST-03,COGS - Food,76684397.0,Weekly COGS Food,INV-03260701
107182,2025-11-16,ST-05 ,Revenue - Food,-78414300.0,Weekly POS sales Food,POS-05251110
107183,"Jan 07, 2025",ST-03,COGS - Merchandise,54014262.0,Weekly COGS Merchandise,INV-03250101
107184,"Jan 07, 2025",ST-05,Revenue - Food,-99002000.0,Weekly POS sales Food,POS-05250101
107185,2025-03-31,ST-08,Delivery Platform Commission,17465379.0,Delivery aggregator fees,DLV-202503
107186,2025-07-31,ST-03,Repairs & Maintenance,10629000.0,R&M,RPM-202507
107187,"Mar 09, 2025",ST-05,Revenue - Food,-75605600.0,Weekly POS sales Food,POS-05250303
107188,"Dec 07, 2025",ST-08,COGS - Beverage,14303347.0,Weekly COGS Beverage,INV-08251201
107189,"Feb 09, 2025",ST-07,Revenue - Food,-53071400.0,Weekly POS sales Food,POS-07250203
107190,26/07/2026,ST-11,Revenue - Beverage,-48001200.0,Weekly POS sales Beverage,POS-11260720
107191,"Mar 31, 2025",ST-08,Payroll - Store Staff,"54,537,098",Monthly store payroll,PR-202503
107192,2026-02-15,ST-09,Revenue - Merchandise,-57409000.0,Weekly POS sales Merchandise,POS-09260209
107193,"Jun 30, 2025",ST-09,COGS - Beverage,12968580.0,Weekly COGS Beverage,INV-09250630
107194,"Sep 27, 2026",ST-07,COGS - Food,29421932.0,Weekly COGS Food,INV-07260921
107195,19/07/2026,ST-12,COGS - Merchandise,15577567.0,Weekly COGS Merchandise,INV-12260713
107196,"Mar 15, 2026",ST-06,Revenue - Food,-88238500.0,Weekly POS sales Food,POS-06260309
107197,"Feb 28, 2026",ST-10,Revenue - Beverage,-27453600.0,Weekly POS sales Beverage,POS-10260223
107198,2026-07-31,ST-04,Revenue - Beverage,-65041200.0,Weekly POS sales Beverage,POS-04260727
107199,2025-07-31,ST-08,Payroll - Store Staff,62975146.0,Monthly store payroll,PR-202507
107200,2025-07-31,ST-01,Revenue - Merchandise,-65462000.0,Weekly POS sales Merchandise,POS-01250728
107201,2026-08-31,ST-07,Depreciation - Store Assets,17360000.0,Monthly depreciation,DEP-202608
107202,2026-06-28,ST-10,COGS - Merchandise,21370537.0,Weekly COGS Merchandise,INV-10260622
107203,30/06/2026,ST-06,Revenue - Beverage,-63679200.0,Weekly POS sales Beverage,POS-06260629
107204,"May 31, 2026",ST-05,Depreciation - Store Assets,28000000.0,Monthly depreciation,DEP-202605
107205,2026-07-26,ST-07,Revenue - Merchandise,-37301400.0,Weekly POS sales Merchandise,POS-07260720
107206,20/07/2025,ST-09,Revenue - Merchandise,-35646000.0,Weekly POS sales Merchandise,POS-09250714
107207,"Jan 12, 2025",ST-07,COGS - Food,27964097.0,Weekly COGS Food,INV-07250106
107208,2025-05-18,ST-05,COGS - Food,50008848.0,Weekly COGS Food,INV-05250512
107209,"Aug 31, 2026",ST-04,Depreciation - Store Assets,28000000.0,Monthly depreciation,DEP-202608
107210,"Jul 07, 2026",ST-01,Revenue - Food,-147808000.0,Weekly POS sales Food,POS-01260701
107211,28/02/2025,ST-08,Utilities,9824611.0,Electricity & water,UTL-202502
107212,28/02/2026,ST-09,Delivery Platform Commission,50441235.0,Delivery aggregator fees,DLV-202602
107213,2026-04-30,ST-10,Revenue - Food,-44044800.0,Weekly POS sales Food,POS-10260427
107214,2025-07-27,ST-06,COGS - Food,55472161.0,Weekly COGS Food,INV-06250721
107215,"Sep 07, 2026",ST-04,Revenue - Merchandise,-57604200.0,Weekly POS sales Merchandise,POS-04260901
107216,2025-02-23,ST-01,COGS - Beverage,39863346.0,Weekly COGS Beverage,INV-01250217
107217,2025-04-13,ST-02,Revenue - Merchandise,-46216800.0,Weekly POS sales Merchandise,POS-02250407
107218,"May 18, 2025",ST-08,Revenue - Beverage,-27542900.0,Weekly POS sales Beverage,POS-08250512
107219,2026-01-18,ST-06,COGS - Food,52650855.0,Weekly COGS Food,INV-06260112
107220,"Dec 07, 2025",ST-05,Revenue - Merchandise,-54813000.0,Weekly POS sales Merchandise,POS-05251201
107221,31/08/2025,ST-02,Revenue - Merchandise,-46670400.0,Weekly POS sales Merchandise,POS-02250825
107222,"Feb 07, 2026",ST-09,COGS - Beverage,18169234.0,Weekly COGS Beverage,INV-09260201
107223,2025-10-26,ST-07,Revenue - Food,-46704000.0,Weekly POS sales Food,POS-07251020
107224,30/04/2025,ST-07,Utilities,10189023.0,Electricity & water,UTL-202504
107225,2025-11-30,ST-05,COGS - Food,51905033.0,Weekly COGS Food,INV-05251124
107226,2025-02-28,ST-08,Store Supplies,4652601.0,Packaging & supplies,SUP-202502
107227,2025-04-27,ST-01,COGS - Merchandise,48490026.0,Weekly COGS Merchandise,INV-01250421
107228,2026-07-31,ST-08,Payroll - Store Staff,66329456.0,Monthly store payroll,PR-202607
107229,28/12/2025,ST-03,Revenue - Food,-149641800.0,Weekly POS sales Food,POS-03251222
107230,"Jan 07, 2025",ST-08,COGS - Beverage,8747068.0,Weekly COGS Beverage,INV-08250101
107231,30/06/2026,ST-01,COGS - Merchandise,60925475.0,Weekly COGS Merchandise,INV-01260629
107232,20/09/2026,ST-06,COGS - Merchandise,32142447.0,Weekly COGS Merchandise,INV-06260914
107233,"Jul 12, 2026",ST-06,Revenue - Food,-73442200.0,Weekly POS sales Food,POS-06260706
107234,2025-08-31,ST-06,Delivery Platform Commission,33822057.0,Delivery aggregator fees,DLV-202508
107235,"Nov 07, 2025",ST-04,Revenue - Beverage,-60204500.0,Weekly POS sales Beverage,POS-04251101
107236,30/06/2026,ST-03,Marketing - Local,8219307.0,Local store marketing,MKT-202606
107237,"Feb 09, 2025",ST-07,COGS - Merchandise,20214124.0,Weekly COGS Merchandise,INV-07250203
107238,2025-07-27,ST-06,Revenue - Food,-96330500.0,Weekly POS sales Food,POS-06250721
107239,"Jan 18, 2026",,COGS - Food,60755408.0,Weekly COGS Food,INV-09260112
107240,2026-09-30,ST-07,Payroll - Store Staff,70783535.0,Monthly store payroll,PR-202609
107241,31/07/2026,ST-01,COGS - Merchandise,67784775.0,Weekly COGS Merchandise,INV-01260727
107242,2026-05-17,ST-08,COGS - Merchandise,19593708.0,Weekly COGS Merchandise,INV-08260511
107243,2026-09-13,ST-05,COGS - Beverage,18379060.0,Weekly COGS Beverage,INV-05260907
107244,"Jun 30, 2026",ST-05,Repairs & Maintenance,8100000.0,R&M,RPM-202606
107245,2026-04-30,ST-04,COGS - Beverage,20255338.0,Weekly COGS Beverage,INV-04260427
107246,2025-12-28,ST-05,COGS - Food,66336503.0,Weekly COGS Food,INV-05251222
107247,"Nov 30, 2025",ST-06,Depreciation - Store Assets,28000000.0,Monthly depreciation,DEP-202511
107248,2025-08-31,ST-09,COGS - Merchandise,22976870.0,Weekly COGS Merchandise,INV-09250825
107249,2026-09-20,ST-08,Revenue - Food,-44792800.0,Weekly POS sales Food,POS-08260914
107250,"Jun 07, 2026",ST-11,Revenue - Beverage,-42254300.0,Weekly POS sales Beverage,POS-11260601
107251,"Jun 30, 2026",ST-03,Revenue - Merchandise,-79172600.0,Weekly POS sales Merchandise,POS-03260629
107252,2026-06-21,ST-01,Revenue - Beverage,-96393800.0,Weekly POS sales Beverage,POS-01260615
107253,2025-01-19,ST-03,COGS - Food,84470630.0,Weekly COGS Food,INV-03250113
107254,"Feb 23, 2025",ST-02,Revenue - Beverage,-60204800.0,Weekly POS sales Beverage,POS-02250217
107255,30/09/2026,ST-08,COGS - Merchandise,25664563.0,Weekly COGS Merchandise,INV-08260928
107256,"Jul 07, 2025",ST-01,COGS - Merchandise,58950822.0,Weekly COGS Merchandise,INV-01250701
107257,"May 07, 2025",ST-05,Revenue - Beverage,-54579000.0,Weekly POS sales Beverage,POS-05250501
107258,21/06/2026,ST-10,Revenue - Merchandise,-30493400.0,Weekly POS sales Merchandise,POS-10260615
107259,"Mar 07, 2026",ST-01,COGS - Beverage,33219156.0,Weekly COGS Beverage,INV-01260301
107260,23/08/2026,ST-05,Revenue - Beverage,-59621400.0,Weekly POS sales Beverage,POS-05260817
107261,2025-10-31,ST-04,Payroll - Store Staff,111041584.0,Monthly store payroll,PR-202510
107262,"Apr 07, 2025",ST-01,COGS - MERCHANDISE,52234066.0,Weekly COGS Merchandise,INV-01250401
107263,19/04/2026,ST-01,Revenue - Merchandise,-72268800.0,Weekly POS sales Merchandise,POS-01260413
107264,"Mar 22, 2026",ST-10,COGS - Food,21748654.0,Weekly COGS Food,INV-10260316
107265,"Jun 15, 2025",ST-01,Revenue - Food,-142428000.0,Weekly POS sales Food,POS-01250609
107266,31/12/2025,ST-07,Revenue - Food,-53568000.0,Weekly POS sales Food,POS-07251229
107267,2026-03-29,ST-09,COGS - Food,38027281.0,Weekly COGS Food,INV-09260323
107268,2026-09-30,ST-09,Delivery Platform Commission,40760008.0,Delivery aggregator fees,DLV-202609
107269,31/12/2025,ST-01,Repairs & Maintenance,11572000.0,R&M,RPM-202512
107270,16/08/2026,ST-07,COGS - Food,28217498.0,Weekly COGS Food,INV-07260810
107271,31/05/2026,ST-12,COGS - Beverage,6328592.0,Weekly COGS Beverage,INV-12260525
107272,"Dec 07, 2025",ST-04,Revenue - Merchandise,-60849500.0,Weekly POS sales Merchandise,POS-04251201
107273,2025-10-19,ST-02,COGS - Food,40885142.0,Weekly COGS Food,INV-02251013
107274,2025-06-30,ST-04,Store Supplies,"12,033,637",Packaging & supplies,SUP-202506
107275,"Jun 07, 2025",ST-09,COGS - Food,"34,245,167",Weekly COGS Food,INV-09250601
107276,"Aug 17, 2025",ST-02,Revenue - Merchandise,-46362800.0,Weekly POS sales Merchandise,POS-02250811
107277,2025-09-30,ST-10,Rent Expense,41493000.0,Store rent,RNT-202509
107278,24/05/2026,ST-01,REVENUE - BEVERAGE,-81294400.0,Weekly POS sales Beverage,POS-01260518
107279,16/03/2025,ST-04,COGS - Food,37513968.0,Weekly COGS Food,INV-04250310
107280,"Jan 12, 2025",ST-02,COGS - Beverage,25019196.0,Weekly COGS Beverage,INV-02250106
107281,2025-10-26,ST-06,COGS - Merchandise,37123289.0,Weekly COGS Merchandise,INV-06251020
107282,21/12/2025,ST-08,Revenue - Merchandise,-38757500.0,Weekly POS sales Merchandise,POS-08251215
107283,17/05/2026,ST-01,COGS - Beverage,36673763.0,Weekly COGS Beverage,INV-01260511
107284,"Aug 07, 2026",ST-11,COGS - Beverage,16312130.0,Weekly COGS Beverage,INV-11260801
107285,2026-05-31,ST-09,Revenue - Merchandise,-51318400.0,Weekly POS sales Merchandise,POS-09260525
107286,2026-04-26,ST-07,Revenue - Food,-46924800.0,Weekly POS sales Food,POS-07260420
107287,2025-12-31,ST-02,Delivery Platform Commission,43112284.0,Delivery aggregator fees,DLV-202512
107288,"Feb 07, 2026",ST-01,Revenue - Beverage,-112039200.0,Weekly POS sales Beverage,POS-01260201
107289,2026-07-31,ST-07,Store Supplies,"4,580,245",Packaging & supplies,SUP-202607
107290,2025-12-31,ST-08,Revenue - Beverage,-42967500.0,Weekly POS sales Beverage,POS-08251229
107291,"Sep 30, 2026",ST-06,Revenue - Beverage,-49350600.0,Weekly POS sales Beverage,POS-06260928
107292,2026-08-31,ST-02,Delivery Platform Commission,43506900.0,Delivery aggregator fees,DLV-202608
107293,"Jun 08, 2025",ST-02,COGS - Food,42740211.0,Weekly COGS Food,INV-02250602
107294,"Nov 07, 2025",ST-08,COGS - Merchandise,23507136.0,Weekly COGS Merchandise,INV-08251101
107295,"Sep 07, 2025",ST-03,COGS - Food,62535295.0,Weekly COGS Food,INV-03250901
107296,"Dec 07, 2025",ST-07,COGS - Food,30480373.0,Weekly COGS Food,INV-07251201
107297,2025-10-19,ST-06,COGS - Food,43157237.0,Weekly COGS Food,INV-06251013
107298,2025-03-31,ST-08,Marketing - Local,3145846.0,Local store marketing,MKT-202503
107299,2026-02-28,ST-03,Marketing - Local,43497433.0,Local store marketing,MKT-202602
107300,2026-04-26,ST-01,Revenue - Beverage,-79763200.0,Weekly POS sales Beverage,POS-01260420
107301,2025-05-25,ST-06,Revenue - Merchandise,-47616000.0,Weekly POS sales Merchandise,POS-06250519
107302,"Apr 12, 2026",ST-05,Revenue - Merchandise,-44642800.0,Weekly POS sales Merchandise,POS-05260406
107303,2025-01-19,ST-03,Revenue - Merchandise,-87062500.0,Weekly POS sales Merchandise,POS-03250113
107304,28/02/2025,ST-02,Repairs & Maintenance,"7,627,000",R&M,RPM-202502
107305,2026-09-13,ST-09,Revenue - Beverage,-69686500.0,Weekly POS sales Beverage,POS-09260907
107306,"Mar 31, 2026",ST-11,Revenue - Food,-47700300.0,Weekly POS sales Food,POS-11260330
107307,"Aug 09, 2026",ST-05,Revenue - Beverage,-55556000.0,Weekly POS sales Beverage,POS-05260803
107308,31/10/2025,ST-08,COGS - Merchandise,24036040.0,Weekly COGS Merchandise,INV-08251027
107309,30/06/2025,ST-05,  Revenue - Food ,-69145600.0,Weekly POS sales Food,POS-05250630
107310,2025-07-20,ST-03,COGS - Food,74771624.0,Weekly COGS Food,INV-03250714
107311,28/02/2026,HQ,Office Rent & Admin,112176000.0,HO rent & admin,ADM-202602
107312,2025-09-30,ST-08,Marketing - Local,"9,008,542",Local store marketing,MKT-202509
107313,"Sep 07, 2025",ST-08,Revenue - Merchandise,-29672500.0,Weekly POS sales Merchandise,POS-08250901
107314,31/07/2025,ST-05,Revenue - Beverage,-48568800.0,Weekly POS sales Beverage,POS-05250728
107315,"Aug 07, 2025",ST-02,Revenue - Merchandise,-48738500.0,Weekly POS sales Merchandise,POS-02250801
107316,"Nov 09, 2025",ST-02,  COGS - Merchandise ,31144639.0,Weekly COGS Merchandise,INV-02251103
107317,30/04/2025,ST-09,Revenue - Food,-33290400.0,Weekly POS sales Food,POS-09250428
107318,"Jul 07, 2026",ST-12,Revenue - Beverage,-22950800.0,Weekly POS sales Beverage,POS-12260701
107319,2026-01-31,ST-03,Depreciation - Store Assets,43400000.0,Monthly depreciation,DEP-202601
107320,"May 24, 2026",ST-08,Revenue - Food,-48730500.0,Weekly POS sales Food,POS-08260518
107321,13/09/2026,ST-02,COGS - Merchandise,33829966.0,Weekly COGS Merchandise,INV-02260907
107322,"Jun 07, 2026",ST-09,COGS - Food,49328532.0,Weekly COGS Food,INV-09260601
107323,2025-05-31,ST-02,Utilities,14172948.0,Electricity & water,UTL-202505
107324,2025-03-23,ST-04,REVENUE - FOOD,-76833300.0,Weekly POS sales Food,POS-04250317
107325,2025-06-29,ST-07,REVENUE - MERCHANDISE,-34549200.0,Weekly POS sales Merchandise,POS-07250623
107326,"Oct 07, 2025",ST-03,Revenue - Beverage,-82902000.0,Weekly POS sales Beverage,POS-03251001
107327,"Oct 26, 2025",ST-04,COGS - Beverage,20130674.0,Weekly COGS Beverage,INV-04251020
107328,"Jun 30, 2026",ST-02,Revenue - Beverage,-53940000.0,Weekly POS sales Beverage,POS-02260629
107329,"Jun 30, 2025",ST-09,Payroll - Store Staff,88631962.0,Monthly store payroll,PR-202506
107330,"Sep 30, 2025",ST-06,Rent Expense,65881000.0,Store rent,RNT-202509
107331,"Nov 09, 2025",ST-02,COGS - Beverage,19088814.0,Weekly COGS Beverage,INV-02251103
107332,2025-02-28,ST-07,Rent Expense,42522000.0,Store rent,RNT-202502
107333,31/05/2026,ST-01,COGS - Food,72318530.0,Weekly COGS Food,INV-01260525
107334,"Feb 09, 2025",ST-04,Revenue - Merchandise,-54145000.0,Weekly POS sales Merchandise,POS-04250203
107335,"Sep 07, 2025",ST-03,COGS - Merchandise,48004484.0,Weekly COGS Merchandise,INV-03250901
107336,"Apr 07, 2025",ST-06,Revenue - Beverage,-49010500.0,Weekly POS sales Beverage,POS-06250401
107337,2026-03-31,ST-09,Repairs & Maintenance,8068000.0,R&M,RPM-202603
107338,"Oct 12, 2025",ST-02,REVENUE - MERCHANDISE,-44492000.0,Weekly POS sales Merchandise,POS-02251006
107339,29/06/2025,ST-04,Revenue - Beverage,"-48,638,000",Weekly POS sales Beverage,POS-04250623
107340,2026-01-18,ST-08,Revenue - Food,-60500000.0,Weekly POS sales Food,POS-08260112
107341,2025-04-30,HQ,Interest Expense,195186000.0,Loan interest,INT-202504
107342,2025-08-31,ST-09,COGS - Beverage,14231527.0,Weekly COGS Beverage,INV-09250825
107343,2025-11-16,ST-04,Revenue - Beverage,-55831200.0,Weekly POS sales Beverage,POS-04251110
107344,30/06/2026,HQ,Depreciation - HO Assets,43899000.0,HO depreciation,DEP-HO-202606
107345,2025-08-31,ST-04,Rent Expense,68485000.0,Store rent,RNT-202508
107346,"Feb 07, 2025",ST-03,Revenue - Beverage,-98113600.0,Weekly POS sales Beverage,POS-03250201
107347,28/02/2025,ST-01,Delivery Platform Commission,67408711.0,Delivery aggregator fees,DLV-202502
107348,"Aug 31, 2026",ST-11,COGS - Merchandise,29596950.0,Weekly COGS Merchandise,INV-11260831
107349,2025-08-24,ST-09,COGS - Merchandise,"25,424,655",Weekly COGS Merchandise,INV-09250818
107350,"Mar 31, 2026",ST-03,Delivery Platform Commission,55392600.0,Delivery aggregator fees,DLV-202603
107351,22/03/2026,ST-01,Revenue - Merchandise,-64953300.0,Weekly POS sales Merchandise,POS-01260316
107352,2025-01-31,ST-01,Payroll - Store Staff,185503313.0,Monthly store payroll,PR-202501
107353,2025-03-23,ST-1,COGS - Merchandise,47358912.0,Weekly COGS Merchandise,INV-01250317
107354,2026-05-24,ST-04,Revenue - Beverage,-56258800.0,Weekly POS sales Beverage,POS-04260518
107355,30/09/2026,ST-03,Marketing - Local,12056153.0,Local store marketing,MKT-202609
107356,"Apr 26, 2026",ST-08,Revenue - Food,-44950000.0,Weekly POS sales Food,POS-08260420
107357,2025-06-29,ST-07,Revenue - Beverage,-33700400.0,Weekly POS sales Beverage,POS-07250623
107358,"Mar 07, 2026",ST-11,COGS - Food,24179463.0,Weekly COGS Food,INV-11260301
107359,"Dec 21, 2025",ST-03,COGS - Beverage,39105448.0,Weekly COGS Beverage,INV-03251215
107360,17/08/2025,ST-06,Revenue - Food,-87626000.0,Weekly POS sales Food,POS-06250811
107361,"Jun 08, 2025",ST-04,Revenue - Food,-81710400.0,Weekly POS sales Food,POS-04250602
107362,15/02/2026,ST-07,COGS - Food,39205338.0,Weekly COGS Food,INV-07260209
107363,"Aug 07, 2026",ST-05,Revenue - Food,-79138300.0,Weekly POS sales Food,POS-05260801
107364,2026-08-31,ST-03,Revenue - Food,-148012800.0,Weekly POS sales Food,POS-03260831
107365,2026-07-26,ST-05,Revenue - Food,-97502400.0,Weekly POS sales Food,POS-05260720
107366,2025-06-29,ST-03,Revenue - Beverage,-85598000.0,Weekly POS sales Beverage,POS-03250623
107367,2025-09-21,ST-04,COGS - Food,"37,028,125",Weekly COGS Food,INV-04250915
107368,2026-03-15,ST-07,COGS - Food,26980729.0,Weekly COGS Food,INV-07260309
107369,"Mar 08, 2026",ST-04,Revenue - Merchandise,-45691800.0,Weekly POS sales Merchandise,POS-04260302
107370,2025-03-16,ST-07,Revenue - Beverage,-27657600.0,Weekly POS sales Beverage,POS-07250310
107371,"Feb 09, 2025",ST-06,Revenue - Food,"-105,764,100",Weekly POS sales Food,POS-06250203
107372,"Nov 07, 2025",ST-01,COGS - Beverage,30853541.0,Weekly COGS Beverage,INV-01251101
107373,30/04/2025,ST-09,Depreciation - Store Assets,28000000.0,Monthly depreciation,DEP-202504
107374,"Mar 07, 2025",ST-03,COGS - Beverage,25516006.0,Weekly COGS Beverage,INV-03250301
107375,27/04/2025,ST-09,Revenue - Beverage,-27996100.0,Weekly POS sales Beverage,POS-09250421
107376,28/02/2025,ST-04,Revenue - Beverage,"-60,848,200",Weekly POS sales Beverage,POS-04250224
107377,30/11/2025,ST-02,Revenue - Merchandise,-51286800.0,Weekly POS sales Merchandise,POS-02251124
107378,31/03/2026,ST-09,Rent Expense,66338000.0,Store rent,RNT-202603
107379,2025-06-30,ST-09,Store Supplies,5756783.0,Packaging & supplies,SUP-202506
107380,2025-09-28,ST-01,Revenue - Food,-122790200.0,Weekly POS sales Food,POS-01250922
107381,14/12/2025,ST-01,Revenue - Merchandise,-103023100.0,Weekly POS sales Merchandise,POS-01251208
107382,"Aug 09, 2026",ST-09,COGS - Food,46147727.0,Weekly COGS Food,INV-09260803
107383,2025-04-30,ST-05,Revenue - Beverage,-39412000.0,Weekly POS sales Beverage,POS-05250428
107384,2026-08-23,ST-12,COGS - Merchandise,18906878.0,Weekly COGS Merchandise,INV-12260817
107385,"Sep 07, 2026",ST-08,COGS - Food,33740710.0,Weekly COGS Food,INV-08260901
107386,2025-05-31,ST-08,Store Supplies,2988181.0,Packaging & supplies,SUP-202505
107387,31/03/2025,ST-09,Revenue - Beverage,-22597500.0,Weekly POS sales Beverage,POS-09250331
107388,"Apr 30, 2026",ST-05,Revenue - Merchandise,-50114400.0,Weekly POS sales Merchandise,POS-05260427
107389,2026-04-26,ST-01,Revenue - Food,-128838000.0,Weekly POS sales Food,POS-01260420
107390,2025-01-26,ST-04,COGS - Food,47748434.0,Weekly COGS Food,INV-04250120
107391,2025-07-27,ST-01,COGS - Beverage,32828936.0,Weekly COGS Beverage,INV-01250721
107392,"Jun 30, 2026",ST-02,Repairs & Maintenance,4413000.0,R&M,RPM-202606
107393,2025-02-16,ST-04,COGS - Beverage,25294412.0,Weekly COGS Beverage,INV-04250210
107394,2025-01-31,ST-06,Rent Expense,68712000.0,Store rent,RNT-202501
107395,"May 17, 2026",ST-03,COGS - Merchandise,60759729.0,Weekly COGS Merchandise,INV-03260511
107396,2026-09-20,ST-04,COGS - Merchandise,37952373.0,Weekly COGS Merchandise,INV-04260914
107397,2026-02-22,ST-06,Revenue - Merchandise,-54037200.0,Weekly POS sales Merchandise,POS-06260216
107398,"Sep 30, 2026",ST-09,Depreciation - Store Assets,28000000.0,Monthly depreciation,DEP-202609
107399,"Aug 09, 2026",ST-06,Revenue - Merchandise,-53136000.0,Weekly POS sales Merchandise,POS-06260803
107400,"May 25, 2025",ST-01,COGS - Food,79362439.0,Weekly COGS Food,INV-01250519
107401,23/02/2025,ST-06,COGS - Food,54510800.0,Weekly COGS Food,INV-06250217
107402,"Aug 09, 2026",ST-02,COGS - Food,51239580.0,Weekly COGS Food,INV-02260803
107403,30/04/2025,ST-03,Store Supplies,8729030.0,Packaging & supplies,SUP-202504
107404,2025-09-30,ST-05,Rent Expense,72650000.0,Store rent,RNT-202509
107405,2026-03-15,ST-02,COGS - Food,46718835.0,Weekly COGS Food,INV-02260309
107406,31/05/2025,ST-04,COGS - Merchandise,34296939.0,Weekly COGS Merchandise,INV-04250526
107407,16/08/2026,ST-11,COGS - MERCHANDISE,"31,537,821",Weekly COGS Merchandise,INV-11260810
107408,2026-04-26,ST-05,COGS - Merchandise,36087607.0,Weekly COGS Merchandise,INV-05260420
107409,2026-02-22,ST-09,COGS - Beverage,24448829.0,Weekly COGS Beverage,INV-09260216
107410,"Aug 07, 2026",ST-11,COGS - Food,37474427.0,Weekly COGS Food,INV-11260801
107411,22/06/2025,ST-04,COGS - Food,"43,086,936",Weekly COGS Food,INV-04250616
107412,2026-05-17,ST-01,Revenue - Merchandise,-81705000.0,Weekly POS sales Merchandise,POS-01260511
107413,2025-10-31,ST-08,Repairs & Maintenance,8879000.0,R&M,RPM-202510
107414,"Mar 07, 2025",ST-05,Revenue - Merchandise,-38623600.0,Weekly POS sales Merchandise,POS-05250301
107415,"Jan 12, 2025",ST-04,COGS - Merchandise,38071084.0,Weekly COGS Merchandise,INV-04250106
107416,"Sep 30, 2025",ST-04,Depreciation - Store Assets,28000000.0,Monthly depreciation,DEP-202509
107417,31/01/2026,ST-07,Rent Expense,41952000.0,Store rent,RNT-202601
107418,2025-05-31,ST-07,Utilities,9569774.0,Electricity & water,UTL-202505
107419,"Jul 07, 2026",ST-04,COGS - Beverage,18915606.0,Weekly COGS Beverage,INV-04260701
107420,"May 07, 2026",ST-08,Revenue - Food,-51994200.0,Weekly POS sales Food,POS-08260501
107421,2025-12-31,ST-08,Delivery Platform Commission,27455832.0,Delivery aggregator fees,DLV-202512
107422,23/02/2025,ST-05,Revenue - Food,-110413200.0,Weekly POS sales Food,POS-05250217
107423,"Aug 07, 2025",ST-06,Revenue - Beverage,-46849600.0,Weekly POS sales Beverage,POS-06250801
107424,2026-09-13,ST-01,COGS - Beverage,27665999.0,Weekly COGS Beverage,INV-01260907
107425,"Apr 07, 2026",ST-05,COGS - Beverage,19205978.0,Weekly COGS Beverage,INV-05260401
107426,31/08/2026,ST-06,Payroll - Store Staff,151387509.0,Monthly store payroll,PR-202608
107427,2026-08-30,ST-12,Revenue - Merchandise,-22393800.0,Weekly POS sales Merchandise,POS-12260824
107428,"Nov 07, 2025",ST-03,Revenue - Beverage,-83428800.0,Weekly POS sales Beverage,POS-03251101
107429,28/06/2026,ST-04,COGS - Merchandise,36233952.0,Weekly COGS Merchandise,INV-04260622
107430,"Nov 30, 2025",ST-10,  Delivery Platform Commission ,21053883.0,Delivery aggregator fees,DLV-202511
107431,2026-08-16,ST-02,COGS - Merchandise,39236383.0,Weekly COGS Merchandise,INV-02260810
107432,2026-05-24,ST-10,COGS - Merchandise,23274298.0,Weekly COGS Merchandise,INV-10260518
107433,2026-01-31,HQ,Professional Fees,83754000.0,Audit/legal/consulting,PRF-202601
107434,"Mar 31, 2026",ST-03,Revenue - Merchandise,-65939800.0,Weekly POS sales Merchandise,POS-03260330
107435,2026-08-31,ST-12,Store Supplies,5467017.0,Packaging & supplies,SUP-202608
107436,2025-09-14,ST-08,COGS - Food,28450783.0,Weekly COGS Food,INV-08250908
107437,"Oct 12, 2025",ST-02,COGS - Beverage,20106036.0,Weekly COGS Beverage,INV-02251006
107438,2025-11-16,ST-04,COGS - Beverage,20856874.0,Weekly COGS Beverage,INV-04251110
107439,"Feb 15, 2026",ST-11,Revenue - Beverage,-34798400.0,Weekly POS sales Beverage,POS-11260209
107440,31/08/2026,ST-03,COGS - Food,86922082.0,Weekly COGS Food,INV-03260831
107441,2025-08-31,ST-02,Revenue - Beverage,-52706800.0,Weekly POS sales Beverage,POS-02250825
107442,"Jan 11, 2026",ST-01,COGS - Beverage,40898631.0,Weekly COGS Beverage,INV-01260105
107443,2025-07-27,ST-07,COGS - Merchandise,22486166.0,Weekly COGS Merchandise,INV-07250721
107444,30/04/2025,ST-09,Store Supplies,4622263.0,Packaging & supplies,SUP-202504
107445,15/06/2025,ST-01,Revenue - Beverage,-70720000.0,Weekly POS sales Beverage,POS-01250609
107446,2025-11-30,ST-05,Rent Expense,71682000.0,Store rent,RNT-202511
107447,2026-04-19,ST-11,COGS - Merchandise,20927695.0,Weekly COGS Merchandise,INV-11260413
107448,2026-02-28,ST-06 ,Delivery Platform Commission,47976479.0,Delivery aggregator fees,DLV-202602
107449,"Aug 09, 2026",ST-06,Revenue - Beverage,-55142000.0,Weekly POS sales Beverage,POS-06260803
107450,2026-06-21,ST-08,Revenue - Beverage,-37508200.0,Weekly POS sales Beverage,POS-08260615
107451,"Nov 09, 2025",ST-07,COGS - Merchandise,20347679.0,Weekly COGS Merchandise,INV-07251103
107452,30/04/2026,ST-05,Revenue - Food,-76874000.0,Weekly POS sales Food,POS-05260427
107453,"Apr 30, 2025",ST-01,Marketing - Local,14783588.0,Local store marketing,MKT-202504
107454,24/05/2026,ST-03,Revenue - Food,-152317000.0,Weekly POS sales Food,POS-03260518
107455,2026-04-30,ST-05,Repairs & Maintenance,16605000.0,R&M,RPM-202604
107456,2025-11-30,ST-09,Payroll - Store Staff,104970939.0,Monthly store payroll,PR-202511
107457,2025-12-31,ST-04,Delivery Platform Commission,46414326.0,Delivery aggregator fees,DLV-202512
107458,"Jul 31, 2026",ST-12,Payroll - Store Staff,47929520.0,Monthly store payroll,PR-202607
107459,2026-07-26,ST-04,Revenue - Merchandise,-42241500.0,Weekly POS sales Merchandise,POS-04260720
107460,2026-06-28,ST-05,COGS - Merchandise,43223256.0,Weekly COGS Merchandise,INV-05260622
107461,"Feb 07, 2026",ST-06,COGS - Food,59685081.0,Weekly COGS Food,INV-06260201
107462,"Jun 07, 2026",ST-10,COGS - Food,35456855.0,Weekly COGS Food,INV-10260601
107463,2025-04-20,ST-09,Revenue - Merchandise,-29290800.0,Weekly POS sales Merchandise,POS-09250414
107464,"Jun 07, 2025",ST-06,  Revenue - Food ,-76929600.0,Weekly POS sales Food,POS-06250601
107465,2025-05-25,ST-01,COGS - Merchandise,47963793.0,Weekly COGS Merchandise,INV-01250519
107466,"Jan 07, 2026",ST-07,COGS - Merchandise,22532400.0,Weekly COGS Merchandise,INV-07260101
107467,2025-05-18,ST-03,Revenue - Beverage,-87909800.0,Weekly POS sales Beverage,POS-03250512
107468,"Aug 23, 2026",ST-07,Revenue - Food,-48922000.0,Weekly POS sales Food,POS-07260817
107469,25/01/2026,ST-08,Revenue - Food,-56448000.0,Weekly POS sales Food,POS-08260119
107470,13/04/2025,ST-04,COGS - Merchandise,33270568.0,Weekly COGS Merchandise,INV-04250407
107471,"Jan 07, 2026",ST-08,COGS - Food,38291465.0,Weekly COGS Food,INV-08260101
107472,2025-10-26,ST-01,Revenue - Food,-116590500.0,Weekly POS sales Food,POS-01251020
107473,"Jan 12, 2025",ST-03,COGS - Beverage,33693296.0,Weekly COGS Beverage,INV-03250106
107474,"Feb 22, 2026",ST-03,COGS - Beverage,38909092.0,Weekly COGS Beverage,INV-03260216
107475,2025-12-31,ST-09,Revenue - Beverage,-67041000.0,Weekly POS sales Beverage,POS-09251229
107476,2025-06-30,ST-03,Payroll - Store Staff,183644025.0,Monthly store payroll,PR-202506
107477,2025-07-27,ST-09,Revenue - Beverage,-38611600.0,Weekly POS sales Beverage,POS-09250721
107478,"Nov 07, 2025",ST-01,Revenue - Beverage,-81988700.0,Weekly POS sales Beverage,POS-01251101
107479,27/04/2025,ST-05,Revenue - Merchandise,-42913500.0,Weekly POS sales Merchandise,POS-05250421
107480,2025-06-29,ST-06,COGS - Beverage,20272381.0,Weekly COGS Beverage,INV-06250623
107481,2026-02-28,ST-04,Revenue - Beverage,-76678200.0,Weekly POS sales Beverage,POS-04260223
107482,"Oct 07, 2025",ST-08,Revenue - Merchandise,-30662800.0,Weekly POS sales Merchandise,POS-08251001
107483,2026-06-30,ST-10,Utilities,12284227.0,Electricity & water,UTL-202606
107484,28/02/2026,ST-09,Marketing - Local,12711579.0,Local store marketing,MKT-202602
107485,2026-04-30,ST-09,Revenue - Merchandise,"-54,128,200",Weekly POS sales Merchandise,POS-09260427
107486,"May 10, 2026",ST-01,COGS - Beverage,32809024.0,Weekly COGS Beverage,INV-01260504
107487,2025-06-22,ST-02,Revenue - Food,-68841500.0,Weekly POS sales Food,POS-02250616
107488,2026-01-18,,Revenue - Beverage,-42465500.0,Weekly POS sales Beverage,POS-08260112
107489,2025-05-31,ST-01,Marketing - Local,20386881.0,Local store marketing,MKT-202505
107490,2025-04-20,ST-01,Revenue - Merchandise,-62929200.0,Weekly POS sales Merchandise,POS-01250414
107491,2026-01-18,ST-10,Revenue - Beverage,-32973200.0,Weekly POS sales Beverage,POS-10260112
107492,2025-04-27,ST-08,Revenue - Beverage,-23322000.0,Weekly POS sales Beverage,POS-08250421
107493,2026-07-31,ST-05,Repairs & Maintenance,10083000.0,R&M,RPM-202607
107494,"Apr 07, 2026",ST-09,COGS - Merchandise,33162596.0,Weekly COGS Merchandise,INV-09260401
107495,"Aug 23, 2026",ST-09,COGS - Merchandise,35847504.0,Weekly COGS Merchandise,INV-09260817
107496,"Oct 26, 2025",ST-04,COGS - Merchandise,30915449.0,Weekly COGS Merchandise,INV-04251020
107497,2025-09-14,ST-07,Revenue - Merchandise,-23750300.0,Weekly POS sales Merchandise,POS-07250908
107498,31/01/2025,ST-01,COGS - Food,82336369.0,Weekly COGS Food,INV-01250127
107499,30/09/2025,ST-04,Delivery Platform Commission,36085357.0,Delivery aggregator fees,DLV-202509
107500,"Sep 21, 2025",ST-01,Revenue - Beverage,-84062400.0,Weekly POS sales Beverage,POS-01250915
107501,"Jul 07, 2026",ST-05,Revenue - Merchandise,-50568600.0,Weekly POS sales Merchandise,POS-05260701
107502,30/04/2026,ST-02,Payroll - Store Staff,107144877.0,Monthly store payroll,PR-202604
107503,15/06/2025,ST-06,Revenue - Merchandise,-40811100.0,Weekly POS sales Merchandise,POS-06250609
107504,"Feb 09, 2025",ST-06,Revenue - Merchandise,-53354700.0,Weekly POS sales Merchandise,POS-06250203
107505,"Apr 30, 2025",ST-03,Revenue - Beverage,-76176000.0,Weekly POS sales Beverage,POS-03250428
107506,20/07/2025,ST-07,Revenue - Food,-47511600.0,Weekly POS sales Food,POS-07250714
107507,"Jun 08, 2025",ST-04,COGS - Food,48426884.0,Weekly COGS Food,INV-04250602
107508,2026-05-24,ST-06,Revenue - Food,-82611100.0,Weekly POS sales Food,POS-06260518
107509,"Sep 30, 2026",ST-12,Revenue - Food,-39858200.0,Weekly POS sales Food,POS-12260928
107510,27/09/2026,ST-03,Revenue - Food,-105820000.0,Weekly POS sales Food,POS-03260921
107511,16/08/2026,ST-12,Revenue - Food,-39766000.0,Weekly POS sales Food,POS-12260810
107512,"May 31, 2025",ST-03,Marketing - Local,11913872.0,Local store marketing,MKT-202505
107513,19/01/2025,ST-07,COGS - Merchandise,19455459.0,Weekly COGS Merchandise,INV-07250113
107514,2026-08-23,ST-05,COGS - Food,54934986.0,Weekly COGS Food,INV-05260817
107515,25/01/2026,ST-02,COGS - Food,56347422.0,Weekly COGS Food,INV-02260119
107516,2026-09-30,ST-09,Repairs & Maintenance,8362000.0,R&M,RPM-202609
107517,2025-08-17,ST-07,Revenue - Beverage,-32334000.0,Weekly POS sales Beverage,POS-07250811
107518,2025-10-31,ST-03,Store Supplies,9853857.0,Packaging & supplies,SUP-202510
107519,"Mar 07, 2026",ST-06,Revenue - Merchandise,-46563000.0,Weekly POS sales Merchandise,POS-06260301
107520,2026-03-31,ST-09,Marketing - Local,11265514.0,Local store marketing,MKT-202603
107521,28/02/2025,HQ,IT & Software,74348000.0,SaaS & IT,ITS-202502
107522,"Jan 31, 2026",ST-10,Rent Expense,40010000.0,Store rent,RNT-202601
107523,31/01/2025,ST-6,Payroll - Store Staff,130627523.0,Monthly store payroll,PR-202501
107524,2026-01-31,ST-10,Depreciation - Store Assets,17360000.0,Monthly depreciation,DEP-202601
107525,"Apr 07, 2026",ST-10,COGS - Beverage,11412527.0,Weekly COGS Beverage,INV-10260401
107526,2026-05-31,ST-11,Store Supplies,5300535.0,Packaging & supplies,SUP-202605
107527,"Oct 12, 2025",ST-08,COGS - Merchandise,19490954.0,Weekly COGS Merchandise,INV-08251006
107528,2025-04-30,ST-02,Repairs & Maintenance,2489000.0,R&M,RPM-202504
107529,"Jun 22, 2025",ST-05,COGS - Beverage,18267010.0,Weekly COGS Beverage,INV-05250616
107530,"Mar 07, 2026",ST-06,Revenue - Food,-70169200.0,Weekly POS sales Food,POS-06260301
107531,2026-07-31,ST-01,Revenue - Merchandise,-88765600.0,Weekly POS sales Merchandise,POS-01260727
107532,2026-03-31,ST-06,Rent Expense,66193000.0,Store rent,RNT-202603
107533,"Apr 12, 2026",ST-08,Revenue - Merchandise,-28429200.0,Weekly POS sales Merchandise,POS-08260406
107534,"Mar 29, 2026",ST-08,COGS - Food,27962773.0,Weekly COGS Food,INV-08260323
107535,"Jul 07, 2025",ST-07,COGS - Beverage,11177951.0,Weekly COGS Beverage,INV-07250701
107536,31/07/2026,HQ,Professional Fees,18595000.0,Audit/legal/consulting,PRF-202607
107537,28/02/2026,ST-06,Revenue - Food,-96014000.0,Weekly POS sales Food,POS-06260223
107538,19/07/2026,ST-07,Revenue - Merchandise,-36940200.0,Weekly POS sales Merchandise,POS-07260713
107539,"Mar 07, 2026",ST-02,COGS - Beverage,17469448.0,Weekly COGS Beverage,INV-02260301
107540,2025-01-19,ST-06,Revenue - Food,-92461600.0,Weekly POS sales Food,POS-06250113
107541,"Jan 11, 2026",ST-05,Revenue - Merchandise,-56607600.0,Weekly POS sales Merchandise,POS-05260105
107542,2026-07-26,ST-10,COGS - Food,34577739.0,Weekly COGS Food,INV-10260720
107543,"Sep 07, 2025",ST-09,Revenue - Merchandise,-29785000.0,Weekly POS sales Merchandise,POS-09250901
107544,2025-09-21,ST-02,Revenue - Beverage,-43550400.0,Weekly POS sales Beverage,POS-02250915
107545,2026-01-31,ST-07,Revenue - Beverage,-42144300.0,Weekly POS sales Beverage,POS-07260126
107546,2025-03-16,ST-01,Revenue - Beverage,-76094600.0,Weekly POS sales Beverage,POS-01250310
107547,2025-07-31,ST-04,Utilities,16331817.0,Electricity & water,UTL-202507
107548,"Sep 30, 2026",ST-11,COGS - Beverage,17111286.0,Weekly COGS Beverage,INV-11260928
107549,"Jun 30, 2026",ST-12,Marketing - Local,5276928.0,Local store marketing,MKT-202606
107550,21/09/2025,ST-08,Revenue - Food,-51685200.0,Weekly POS sales Food,POS-08250915
107551,"Dec 31, 2025",ST-07,COGS - Food,31272682.0,Weekly COGS Food,INV-07251229
107552,31/12/2025,ST-10,COGS - Food,29897314.0,Weekly COGS Food,INV-10251229
107553,2025-06-30,ST-01,Delivery Platform Commission,66187510.0,Delivery aggregator fees,DLV-202506
107554,2026-06-14,ST-05,Revenue - Beverage,-58242800.0,Weekly POS sales Beverage,POS-05260608
107555,"Mar 31, 2026",ST-04,COGS - Food,52551798.0,Weekly COGS Food,INV-04260330
107556,"Feb 08, 2026",ST-04,Revenue - Beverage,-59151300.0,Weekly POS sales Beverage,POS-04260202
107557,31/10/2025,HQ,Professional Fees,78358000.0,Audit/legal/consulting,PRF-202510
107558,15/02/2026,ST-01,Revenue - Merchandise,-82825400.0,Weekly POS sales Merchandise,POS-01260209
107559,"Sep 07, 2026",ST-06,COGS - Beverage,20196431.0,Weekly COGS Beverage,INV-06260901
107560,2026-09-13,ST-11,COGS - Merchandise,32273076.0,Weekly COGS Merchandise,INV-11260907
107561,2025-06-15,ST-04,Revenue - Merchandise,-49339200.0,Weekly POS sales Merchandise,POS-04250609
107562,2026-05-31,ST-12,Revenue - Merchandise,-14484900.0,Weekly POS sales Merchandise,POS-12260525
107563,"May 07, 2026",ST-06,COGS - Merchandise,35374956.0,Weekly COGS Merchandise,INV-06260501
107564,"Nov 16, 2025",ST-04,COGS - Merchandise,36683756.0,Weekly COGS Merchandise,INV-04251110
107565,2026-08-30,ST-01,Revenue - Merchandise,-62920800.0,Weekly POS sales Merchandise,POS-01260824
107566,2026-06-21,ST-07,COGS - Merchandise,22114811.0,Weekly COGS Merchandise,INV-07260615
107567,2026-07-26,ST-02,COGS - Food,50155666.0,Weekly COGS Food,INV-02260720
107568,31/05/2025,ST-08,Repairs & Maintenance,4845000.0,R&M,RPM-202505
107569,2026-09-27,ST-11,Revenue - Food,-76759000.0,Weekly POS sales Food,POS-11260921
107570,"Mar 07, 2026",ST-02,COGS - Merchandise,33421328.0,Weekly COGS Merchandise,INV-02260301
107571,2025-01-19,ST-04,Revenue - Merchandise,-46950400.0,Weekly POS sales Merchandise,POS-04250113
107572,2026-08-31,ST-04,COGS - Beverage,20106555.0,Weekly COGS Beverage,INV-04260831
107573,2025-08-17,ST-08,Revenue - Merchandise,-27397200.0,Weekly POS sales Merchandise,POS-08250811
107574,"May 07, 2026",ST-07,Revenue - Merchandise,-31335300.0,Weekly POS sales Merchandise,POS-07260501
107575,"Apr 07, 2026",ST-02,Revenue - Food,-83924400.0,Weekly POS sales Food,POS-02260401
107576,"Nov 07, 2025",ST-10,COGS - Merchandise,13777643.0,Weekly COGS Merchandise,INV-10251101
107577,"Jan 11, 2026",ST-06,Revenue - Merchandise,-49660000.0,Weekly POS sales Merchandise,POS-06260105
107578,28/02/2025,ST-04,Depreciation - Store Assets,28000000.0,Monthly depreciation,DEP-202502
107579,"Mar 07, 2025",ST-01,Revenue - Merchandise,-59499200.0,Weekly POS sales Merchandise,POS-01250301
107580,2025-02-23,ST-03,Revenue - Merchandise,-85135300.0,Weekly POS sales Merchandise,POS-03250217
107581,"Jul 12, 2026",ST-11,COGS - Merchandise,27349461.0,Weekly COGS Merchandise,INV-11260706
107582,2025-04-13,ST-09,COGS - Beverage,10290494.0,Weekly COGS Beverage,INV-09250407
107583,"Sep 07, 2025",ST-06,COGS - Food,36311051.0,Weekly COGS Food,INV-06250901
107584,"Aug 07, 2026",ST-05,Revenue - Beverage,-58562700.0,Weekly POS sales Beverage,POS-05260801
107585,"Apr 07, 2025",ST-02,Revenue - Merchandise,-54230000.0,Weekly POS sales Merchandise,POS-02250401
107586,"Jan 12, 2025",ST-01,Revenue - Food,-131516800.0,Weekly POS sales Food,POS-01250106
107587,"Aug 10, 2025",ST-01,COGS - Beverage,30586668.0,Weekly COGS Beverage,INV-01250804
107588,"May 07, 2026",ST-09,COGS - Merchandise,32176079.0,Weekly COGS Merchandise,INV-09260501
107589,"May 07, 2025",ST-03,Revenue - Food,-116640400.0,Weekly POS sales Food,POS-03250501
107590,"Nov 30, 2025",ST-05,Revenue - Merchandise,-40860600.0,Weekly POS sales Merchandise,POS-05251124
107591,"Feb 28, 2025",ST-04,Payroll - Store Staff,129603617.0,Monthly store payroll,PR-202502
107592,"Aug 09, 2026",ST-08,Revenue - Food,-53584700.0,Weekly POS sales Food,POS-08260803
107593,31/10/2025,ST-09,Revenue - Food,-74753000.0,Weekly POS sales Food,POS-09251027
107594,"Feb 08, 2026",ST-10,COGS - Beverage,12239622.0,Weekly COGS Beverage,INV-10260202
107595,"Aug 09, 2026",ST-07,COGS - Food,35534487.0,Weekly COGS Food,INV-07260803
107596,2025-05-31,ST-02,COGS - Food,44907820.0,Weekly COGS Food,INV-02250526
107597,30/06/2026,ST-07,Revenue - Food,-51434800.0,Weekly POS sales Food,POS-07260629
107598,"Sep 07, 2025",ST-02,Revenue - Beverage,-54706000.0,Weekly POS sales Beverage,POS-02250901
107599,2026-06-28,ST-12,Revenue - Food,-33591600.0,Weekly POS sales Food,POS-12260622
107600,2025-09-14,ST-05,COGS - Food,48858489.0,Weekly COGS Food,INV-05250908
107601,30/11/2025,ST-08,Repairs & Maintenance,16114000.0,R&M,RPM-202511
107602,2025-10-26,ST-06,COGS - Beverage,17961161.0,Weekly COGS Beverage,INV-06251020
107603,2026-09-30,ST-11,Repairs & Maintenance,12995000.0,R&M,RPM-202609
107604,19/07/2026,ST-01,COGS - Beverage,27888268.0,Weekly COGS Beverage,INV-01260713
107605,2026-09-27,ST-06,REVENUE - MERCHANDISE,-49312000.0,Weekly POS sales Merchandise,POS-06260921
107606,31/08/2025,ST-06,Utilities,20275872.0,Electricity & water,UTL-202508
107607,"Jul 07, 2025",ST-09,COGS - Beverage,14171290.0,Weekly COGS Beverage,INV-09250701
107608,2025-08-24,ST-03,Revenue - Beverage,-91562000.0,Weekly POS sales Beverage,POS-03250818
107609,2026-03-15,ST-08,COGS - Beverage,11343463.0,Weekly COGS Beverage,INV-08260309
107610,2026-08-31,ST-09,Payroll - Store Staff,139385473.0,Monthly store payroll,PR-202608
107611,2025-08-31,HQ,IT & Software,82431000.0,SaaS & IT,ITS-202508
107612,2025-02-28,ST-02,Depreciation - Store Assets,28000000.0,Monthly depreciation,DEP-202502
107613,"Apr 30, 2025",ST-05,Utilities,15276232.0,Electricity & water,UTL-202504
107614,2025-05-31,ST-04,Marketing - Local,9710124.0,Local store marketing,MKT-202505
107615,"May 10, 2026",ST-08,COGS - Beverage,13693837.0,Weekly COGS Beverage,INV-08260504
107616,2026-09-20,ST-02,Revenue - Beverage,-53625600.0,Weekly POS sales Beverage,POS-02260914
107617,2025-04-20,ST-07,COGS - Merchandise,18653143.0,Weekly COGS Merchandise,INV-07250414
107618,2026-05-31,ST-12,Depreciation - Store Assets,17360000.0,Monthly depreciation,DEP-202605
107619,2026-06-30,ST-12,Revenue - Food,-30492000.0,Weekly POS sales Food,POS-12260629
107620,2025-08-31,ST-09,Repairs & Maintenance,7707000.0,R&M,RPM-202508
107621,"Mar 07, 2026",ST-10,COGS - Beverage,9795776.0,Weekly COGS Beverage,INV-10260301
107622,"Sep 07, 2025",ST-04,Revenue - Food,-76924900.0,Weekly POS sales Food,POS-04250901
107623,"Aug 09, 2026",ST-06,COGS - Food,54700241.0,Weekly COGS Food,INV-06260803
107624,"May 07, 2026",ST-05,Revenue - Beverage,-53100000.0,Weekly POS sales Beverage,POS-05260501
107625,18/01/2026,ST-09,COGS - Merchandise,44595998.0,Weekly COGS Merchandise,INV-09260112
107626,2026-05-31,ST-05,Revenue - Beverage,-53869200.0,Weekly POS sales Beverage,POS-05260525
107627,"Oct 07, 2025",ST-04,COGS - Food,44332913.0,Weekly COGS Food,INV-04251001
107628,2026-04-19,ST-10,Revenue - Merchandise,-22932000.0,Weekly POS sales Merchandise,POS-10260413
107629,"Jan 07, 2026",ST-08,Revenue - Food,-62219500.0,Weekly POS sales Food,POS-08260101
107630,"Mar 31, 2026",ST-01,COGS - Beverage,29776251.0,Weekly COGS Beverage,INV-01260330
107631,2026-02-28,ST-11,  Payroll - Store Staff ,72070812.0,Monthly store payroll,PR-202602
107632,"Jun 22, 2025",ST-09,  COGS - Merchandise ,19601705.0,Weekly COGS Merchandise,INV-09250616
107633,2026-07-19,ST-10,COGS - Beverage,13273325.0,Weekly COGS Beverage,INV-10260713
107634,2026-05-17,ST-03,COGS - Food,80330288.0,Weekly COGS Food,INV-03260511
107635,"Apr 07, 2026",ST-10,COGS - Merchandise,20465962.0,Weekly COGS Merchandise,INV-10260401
107636,29/03/2026,ST-09,COGS - Merchandise,36046907.0,Weekly COGS Merchandise,INV-09260323
107637,2025-03-16,ST-02,COGS - Merchandise,31794626.0,Weekly COGS Merchandise,INV-02250310
107638,"Mar 08, 2026",ST-10,COGS - Beverage,9596869.0,Weekly COGS Beverage,INV-10260302
107639,"Aug 09, 2026",ST-10,Revenue - Merchandise,-30780700.0,Weekly POS sales Merchandise,POS-10260803
107640,"May 18, 2025",ST-03,COGS - Food,"69,667,899",Weekly COGS Food,INV-03250512
107641,2026-09-30,HQ,Payroll - Head Office,334490000.0,HO payroll,PR-HO-202609
107642,2026-04-30,ST-06,COGS - Merchandise,33947935.0,Weekly COGS Merchandise,INV-06260427
107643,2025-03-31,HQ ,Bank Charges,20445000.0,Bank fees,BNK-202503
107644,2025-06-15,ST-02,COGS - Beverage,20491852.0,Weekly COGS Beverage,INV-02250609
107645,"Sep 07, 2026",ST-05,COGS - FOOD,50104190.0,Weekly COGS Food,INV-05260901
107646,2026-03-31,HQ,Depreciation - HO Assets,49447000.0,HO depreciation,DEP-HO-202603
107647,2026-01-31,ST-04,COGS - Beverage,28157901.0,Weekly COGS Beverage,INV-04260126
107648,2025-10-31,ST-10,Depreciation - Store Assets,"17,360,000",Monthly depreciation,DEP-202510
107649,2025-06-30,ST-08,COGS - Food,24953138.0,Weekly COGS Food,INV-08250630
107650,2026-07-31,ST-03,Rent Expense,100150000.0,Store rent,RNT-202607
107651,"Feb 08, 2026",ST-03,COGS - Food,88137828.0,Weekly COGS Food,INV-03260202
107652,"Nov 30, 2025",ST-03,Utilities,24559865.0,Electricity & water,UTL-202511
107653,31/03/2025,ST-09,COGS - Beverage,7819204.0,Weekly COGS Beverage,INV-09250331
107654,"May 17, 2026",ST-04,COGS - Merchandise,33950566.0,Weekly COGS Merchandise,INV-04260511
107655,23/03/2025,ST-06,Revenue - Merchandise,-41721300.0,Weekly POS sales Merchandise,POS-06250317
107656,2025-05-18,ST-04,Revenue - Food,-69819100.0,Weekly POS sales Food,POS-04250512
107657,2026-03-29,ST-06,Revenue - Beverage,-50610000.0,Weekly POS sales Beverage,POS-06260323
107658,"May 24, 2026",ST-07,Revenue - Food,-50215200.0,Weekly POS sales Food,POS-07260518
107659,"Nov 23, 2025",ST-09,COGS - Merchandise,34086503.0,Weekly COGS Merchandise,INV-09251117
107660,"Mar 07, 2025",ST-05,Revenue - Beverage,-44646300.0,Weekly POS sales Beverage,POS-05250301
107661,31/07/2026,ST-04,Revenue - Food,-94882200.0,Weekly POS sales Food,POS-04260727
107662,31/05/2025,ST-05,COGS - Merchandise,32387692.0,Weekly COGS Merchandise,INV-05250526
107663,26/10/2025,ST-08,Revenue - Merchandise,-29284200.0,Weekly POS sales Merchandise,POS-08251020
107664,30/06/2026,ST-07,Repairs & Maintenance,12373000.0,R&M,RPM-202606
107665,23/02/2025,ST-01,Revenue - Food,-149526000.0,Weekly POS sales Food,POS-01250217
107666,2025-09-21,ST-05,Revenue - Food,-70680000.0,Weekly POS sales Food,POS-05250915
107667,"Aug 09, 2026",ST-04,Revenue - Merchandise,-53409000.0,Weekly POS sales Merchandise,POS-04260803
107668,"Jul 12, 2026",ST-12,Revenue - Merchandise,-17612000.0,Weekly POS sales Merchandise,POS-12260706
107669,2025-04-30,ST-01,Revenue - Food,-113307600.0,Weekly POS sales Food,POS-01250428
107670,"Jul 31, 2025",ST-03,Marketing - Local,18747214.0,Local store marketing,MKT-202507
107671,"Mar 07, 2025",ST-08,COGS - Food,"19,147,282",Weekly COGS Food,INV-08250301
107672,"Jan 18, 2026",ST-03,Revenue - Beverage,-98127800.0,Weekly POS sales Beverage,POS-03260112
107673,31/10/2025,ST-05,Depreciation - Store Assets,28000000.0,Monthly depreciation,DEP-202510
107674,18/05/2025,ST-04,COGS - Merchandise,31990896.0,Weekly COGS Merchandise,INV-04250512
107675,2026-09-27,ST-08,Revenue - Food,-56826000.0,Weekly POS sales Food,POS-08260921
107676,2025-12-28,ST-09,Revenue - Beverage,-58185600.0,Weekly POS sales Beverage,POS-09251222
107677,2025-08-17,ST-01,COGS - Food,68821836.0,Weekly COGS Food,INV-01250811
107678,"Jun 30, 2026",ST-11,Payroll - Store Staff,82302099.0,Monthly store payroll,PR-202606
107679,2026-01-31,ST-06,Marketing - Local,12084238.0,Local store marketing,MKT-202601
107680,2026-06-30,ST-05,COGS - Beverage,20312755.0,Weekly COGS Beverage,INV-05260629
107681,"Aug 07, 2026",ST-02,COGS - Beverage,24043869.0,Weekly COGS Beverage,INV-02260801
107682,"Feb 07, 2026",ST-05,Revenue - Merchandise,-62937000.0,Weekly POS sales Merchandise,POS-05260201
107683,2026-08-31,ST-01,Utilities,34153286.0,Electricity & water,UTL-202608
107684,2025-05-25,ST-05,COGS - Merchandise,34977155.0,Weekly COGS Merchandise,INV-05250519
107685,25/05/2025,ST-09,Revenue - Food,-41806800.0,Weekly POS sales Food,POS-09250519
107686,2025-01-26,ST-03,COGS - Beverage,37052067.0,Weekly COGS Beverage,INV-03250120
107687,"Aug 07, 2025",ST-05,COGS - Merchandise,35972612.0,Weekly COGS Merchandise,INV-05250801
107688,2025-11-16,ST-06,Revenue - Beverage,-58084900.0,Weekly POS sales Beverage,POS-06251110
107689,18/05/2025,ST-03,COGS - Beverage,34194425.0,Weekly COGS Beverage,INV-03250512
107690,"Dec 21, 2025",ST-01,COGS - Beverage,34814347.0,Weekly COGS Beverage,INV-01251215
107691,2025-06-29,ST-04,COGS - Merchandise,27814271.0,Weekly COGS Merchandise,INV-04250623
107692,"May 11, 2025",ST-03,COGS - Merchandise,53425685.0,Weekly COGS Merchandise,INV-03250505
107693,2025-05-31,ST-01,COGS - Food,70512774.0,Weekly COGS Food,INV-01250526
107694,2026-01-25,ST-03,COGS - Merchandise,64389718.0,Weekly COGS Merchandise,INV-03260119
107695,19/07/2026,ST-07,COGS - Food,28561204.0,Weekly COGS Food,INV-07260713
107696,"Jun 07, 2026",ST-08,COGS - Beverage,13271333.0,Weekly COGS Beverage,INV-08260601
107697,2025-07-31,ST-05,Revenue - Food,-73858200.0,Weekly POS sales Food,POS-05250728
107698,2025-12-21,ST-09,Revenue - Merchandise,-56089800.0,Weekly POS sales Merchandise,POS-09251215
107699,2026-05-17,ST-12,COGS - Beverage,6233327.0,Weekly COGS Beverage,INV-12260511
107700,2025-12-31,ST-07,Depreciation - Store Assets,17360000.0,Monthly depreciation,DEP-202512
107701,"Oct 12, 2025",ST-01,Revenue - Food,-110976000.0,Weekly POS sales Food,POS-01251006
107702,2026-08-16,ST-09,Revenue - Merchandise,-53527500.0,Weekly POS sales Merchandise,POS-09260810
107703,2026-07-31,ST-10,COGS - Merchandise,"26,514,597",Weekly COGS Merchandise,INV-10260727
107704,2025-10-26,ST-05,COGS - Food,47037500.0,Weekly COGS Food,INV-05251020
107705,2025-01-31,ST-04,COGS - Beverage,23817852.0,Weekly COGS Beverage,INV-04250127
107706,"Jul 07, 2025",ST-06,COGS - Food,48451327.0,Weekly COGS Food,INV-06250701
107707,2026-02-22,ST-04,COGS - Merchandise,38782644.0,Weekly COGS Merchandise,INV-04260216
107708,"May 10, 2026",ST-01,Revenue - Beverage,-81839800.0,Weekly POS sales Beverage,POS-01260504
107709,2025-12-21,ST-07,COGS - Beverage,14622010.0,Weekly COGS Beverage,INV-07251215
107710,"Jul 07, 2026",ST-10,COGS - Merchandise,21614860.0,Weekly COGS Merchandise,INV-10260701
107711,"Jul 31, 2025",ST-07,COGS - Food,27940108.0,Weekly COGS Food,INV-07250728
107712,"Sep 07, 2026",ST-01,Revenue - Food,-126451200.0,Weekly POS sales Food,POS-01260901
107713,"Jun 07, 2026",ST-03,COGS - Beverage,37343796.0,Weekly COGS Beverage,INV-03260601
107714,31/03/2026,ST-02,Depreciation - Store Assets,28000000.0,Monthly depreciation,DEP-202603
107715,"Apr 07, 2026",ST-08,Revenue - Merchandise,-27877500.0,Weekly POS sales Merchandise,POS-08260401
107716,"Jun 07, 2025",ST-06,Revenue - Beverage,-54378000.0,Weekly POS sales Beverage,POS-06250601
107717,"May 10, 2026",ST-11,COGS - Food,35124416.0,Weekly COGS Food,INV-11260504
107718,"Jan 07, 2025",ST-01,COGS - Beverage,32681211.0,Weekly COGS Beverage,INV-01250101
107719,2026-03-31,ST-01,Rent Expense,108990000.0,Store rent,RNT-202603
107720,"Oct 07, 2025",ST-09,COGS - Merchandise,32513271.0,Weekly COGS Merchandise,INV-09251001
107721,"Mar 09, 2025",ST-04,COGS - Merchandise,"35,766,272",Weekly COGS Merchandise,INV-04250303
107722,"Feb 28, 2025",ST-08,COGS - Beverage,8756686.0,Weekly COGS Beverage,INV-08250224
107723,"Jan 11, 2026",ST-05,Revenue - Food,-103873500.0,Weekly POS sales Food,POS-05260105
107724,21/09/2025,ST-03,Revenue - Merchandise,-68133100.0,Weekly POS sales Merchandise,POS-03250915
107725,"Feb 07, 2025",ST-05,COGS - Merchandise,38818811.0,Weekly COGS Merchandise,INV-05250201
107726,2025-03-16,ST-02,COGS - Food,42834035.0,Weekly COGS Food,INV-02250310
107727,31/01/2025,ST-08,Utilities,7676109.0,Electricity & water,UTL-202501
107728,"Aug 31, 2026",ST-04,Rent Expense,65736000.0,Store rent,RNT-202608
107729,"Sep 30, 2026",ST-10,COGS - Merchandise,23972073.0,Weekly COGS Merchandise,INV-10260928
107730,2025-04-27,ST-03,Revenue - Food,-112672000.0,Weekly POS sales Food,POS-03250421
107731,"Feb 07, 2025",ST-05,COGS - Food,54742548.0,Weekly COGS Food,INV-05250201
107732,2026-03-29,ST-10,COGS - Merchandise,18039730.0,Weekly COGS Merchandise,INV-10260323
107733,2026-09-30,ST-07,COGS - Merchandise,22376167.0,Weekly COGS Merchandise,INV-07260928
107734,"Oct 12, 2025",ST-06,COGS - Beverage,20141869.0,Weekly COGS Beverage,INV-06251006
107735,2025-04-20,ST-08,Revenue - Food,-35934000.0,Weekly POS sales Food,POS-08250414
107736,2025-08-24,ST-02,COGS - Merchandise,33062728.0,Weekly COGS Merchandise,INV-02250818
107737,"Aug 31, 2026",ST-03,Delivery Platform Commission,43887225.0,Delivery aggregator fees,DLV-202608
107738,"Apr 07, 2026",ST-05,COGS - Merchandise,30997295.0,Weekly COGS Merchandise,INV-05260401
107739,2026-03-22,ST-05,Revenue - Beverage,-56227500.0,Weekly POS sales Beverage,POS-05260316
107740,31/01/2025,ST-05,Delivery Platform Commission,42428218.0,Delivery aggregator fees,DLV-202501
107741,21/06/2026,ST-05,COGS - Beverage,25195639.0,Weekly COGS Beverage,INV-05260615
107742,"Apr 07, 2025",ST-07,COGS - Merchandise,17314910.0,Weekly COGS Merchandise,INV-07250401
107743,2025-02-23,ST-03,Revenue - Beverage,-94381100.0,Weekly POS sales Beverage,POS-03250217
107744,22/03/2026,ST-04,Revenue - Food,-68003600.0,Weekly POS sales Food,POS-04260316
107745,2026-08-31,ST-06,COGS - Merchandise,39002934.0,Weekly COGS Merchandise,INV-06260831
107746,2026-09-13,ST-11,Revenue - Merchandise,-43166000.0,Weekly POS sales Merchandise,POS-11260907
107747,"Jan 19, 2025",ST-01,Revenue - Beverage,-88834800.0,Weekly POS sales Beverage,POS-01250113
107748,"Jun 30, 2026",ST-05,COGS - Merchandise,36452340.0,Weekly COGS Merchandise,INV-05260629
107749,2025-09-28,ST-01,Revenue - Beverage,-79127000.0,Weekly POS sales Beverage,POS-01250922
107750,"Nov 07, 2025",ST-09,COGS - Food,41628283.0,Weekly COGS Food,INV-09251101
107751,28/12/2025,ST-02,Revenue - Beverage,-67898000.0,Weekly POS sales Beverage,POS-02251222
107752,2025-11-30,ST-07,COGS - Merchandise,23183402.0,Weekly COGS Merchandise,INV-07251124
107753,"Sep 07, 2025",ST-08,Revenue - Food,-42616200.0,Weekly POS sales Food,POS-08250901
107754,2026-02-28,ST-11,Depreciation - Store Assets,28000000.0,Monthly depreciation,DEP-202602
107755,2026-08-16,ST-09,Revenue - Beverage,-60445000.0,Weekly POS sales Beverage,POS-09260810
107756,2026-04-26,ST-06,COGS - Beverage,16905455.0,Weekly COGS Beverage,INV-06260420
107757,25/05/2025,ST-02,Revenue - Beverage,-53526200.0,Weekly POS sales Beverage,POS-02250519
107758,"Aug 10, 2025",ST-09,COGS - Merchandise,26756453.0,Weekly COGS Merchandise,INV-09250804
107759,28/09/2025,ST-05,COGS - Food,45349493.0,Weekly COGS Food,INV-05250922
107760,15/02/2026,ST-05,Revenue - Food,-112160400.0,Weekly POS sales Food,POS-05260209
107761,"Jan 11, 2026",ST-07,Revenue - Food,-56733600.0,Weekly POS sales Food,POS-07260105
107762,23/11/2025,ST-08,COGS - Merchandise,22770019.0,Weekly COGS Merchandise,INV-08251117
107763,"Mar 09, 2025",ST-03,Revenue - Beverage,-83550600.0,Weekly POS sales Beverage,POS-03250303
107764,30/09/2026,ST-10,Store Supplies,4559250.0,Packaging & supplies,SUP-202609
107765,2026-06-28,ST-10,COGS - Beverage,14356642.0,Weekly COGS Beverage,INV-10260622
107766,2026-05-31,ST-07,Marketing - Local,6232345.0,Local store marketing,MKT-202605
107767,28/02/2026,ST-03,Revenue - Merchandise,"-106,522,000",Weekly POS sales Merchandise,POS-03260223
107768,"Aug 31, 2025",ST-05,Revenue - Merchandise,-48465600.0,Weekly POS sales Merchandise,POS-05250825
107769,28/02/2026,ST-04,Rent Expense,68621000.0,Store rent,RNT-202602
107770,30/06/2025,ST-01,Marketing - Local,21030411.0,Local store marketing,MKT-202506
107771,2026-02-22,ST-04,Revenue - Beverage,-65483600.0,Weekly POS sales Beverage,POS-04260216
107772,"Oct 12, 2025",ST-02,Revenue - Beverage,-52273800.0,Weekly POS sales Beverage,POS-02251006
107773,2025-03-31,HQ,Office Rent & Admin,99717000.0,HO rent & admin,ADM-202503
107774,2026-05-31,ST-06,Store Supplies,8890332.0,Packaging & supplies,SUP-202605
107775,21/06/2026,ST-01,Revenue - Food,-116519500.0,Weekly POS sales Food,POS-01260615
107776,2026-03-15,ST-06,Revenue - Beverage,-48076000.0,Weekly POS sales Beverage,POS-06260309
107777,"Aug 07, 2026",ST-05,Revenue - Merchandise,-50575600.0,Weekly POS sales Merchandise,POS-05260801
107778,2026-03-31,ST-09,Store Supplies,8763507.0,Packaging & supplies,SUP-202603
107779,"Jul 31, 2025",HQ,Depreciation - HO Assets,42354000.0,HO depreciation,DEP-HO-202507
107780,"May 11, 2025",ST-07,Revenue - Beverage,-31711700.0,Weekly POS sales Beverage,POS-07250505
107781,"Sep 07, 2026",ST-06,COGS - Merchandise,35382653.0,Weekly COGS Merchandise,INV-06260901
107782,2025-12-21,ST-08,COGS - Merchandise,28096233.0,Weekly COGS Merchandise,INV-08251215
107783,"May 07, 2025",ST-06,  COGS - Beverage ,16024211.0,Weekly COGS Beverage,INV-06250501
107784,2026-07-19,ST-04,COGS - Food,55905162.0,Weekly COGS Food,INV-04260713
107785,24/05/2026,ST-06,COGS - Beverage,21938211.0,Weekly COGS Beverage,INV-06260518
107786,"Oct 07, 2025",ST-08,Revenue - Food,-43528500.0,Weekly POS sales Food,POS-08251001
107787,2026-07-26,ST-06,Revenue - Beverage,-62209800.0,Weekly POS sales Beverage,POS-06260720
107788,"Jul 07, 2026",ST-01,Revenue - Merchandise,-69403200.0,Weekly POS sales Merchandise,POS-01260701
107789,31/01/2025,ST-04,Delivery Platform Commission,53235842.0,Delivery aggregator fees,DLV-202501
107790,"Jul 07, 2026",ST-08,COGS - Merchandise,22954516.0,Weekly COGS Merchandise,INV-08260701
107791,"Jan 07, 2026",ST-06,Revenue - Merchandise,-56303800.0,Weekly POS sales Merchandise,POS-06260101
107792,"Dec 31, 2025",ST-04,Revenue - Food,-75209600.0,Weekly POS sales Food,POS-04251229
107793,2025-07-31,ST-09,Store Supplies,5830864.0,Packaging & supplies,SUP-202507
107794,2026-09-30,ST-05,Marketing - Local,14767391.0,Local store marketing,MKT-202609
107795,"Mar 07, 2025",ST-05,Revenue - Food,-62899200.0,Weekly POS sales Food,POS-05250301
107796,"Nov 07, 2025",ST-10,COGS - Beverage,8425965.0,Weekly COGS Beverage,INV-10251101
107797,"Aug 10, 2025",ST-06,COGS - Beverage,17775120.0,Weekly COGS Beverage,INV-06250804
107798,31/07/2025,ST-02,Marketing - Local,13193870.0,Local store marketing,MKT-202507
107799,"Feb 09, 2025",ST-02,COGS - Merchandise,34487654.0,Weekly COGS Merchandise,INV-02250203
107800,2025-09-14,ST-10,COGS - Merchandise,10031138.0,Weekly COGS Merchandise,INV-10250908
107801,2026-07-19,ST-08,COGS - Merchandise,20050064.0,Weekly COGS Merchandise,INV-08260713
107802,"Jul 13, 2025",ST-08,Revenue - Food,-51362500.0,Weekly POS sales Food,POS-08250707
107803,"Jun 07, 2025",ST-05,COGS - Merchandise,34621828.0,Weekly COGS Merchandise,INV-05250601
107804,2026-06-14,ST-05,COGS - Beverage,21756148.0,Weekly COGS Beverage,INV-05260608
107805,31/08/2026,HQ,Office Rent & Admin,104253000.0,HO rent & admin,ADM-202608
107806,31/07/2025,HQ,IT & Software,73638000.0,SaaS & IT,ITS-202507
107807,31/08/2025,ST-02,Rent Expense,69101000.0,Store rent,RNT-202508
107808,23/03/2025,ST-01,Revenue - Merchandise,-65194500.0,Weekly POS sales Merchandise,POS-01250317
107809,"Jul 07, 2025",ST-03,Revenue - Food,-143145600.0,Weekly POS sales Food,POS-03250701
107810,13/07/2025,ST-02,Revenue - Beverage,-50453800.0,Weekly POS sales Beverage,POS-02250707
107811,2025-07-31,ST-04,COGS - Beverage,18683327.0,Weekly COGS Beverage,INV-04250728
107812,2026-07-26,ST-08,Revenue - Merchandise,-28736400.0,Weekly POS sales Merchandise,POS-08260720
107813,2025-09-30,ST-07 ,Store Supplies,5324560.0,Packaging & supplies,SUP-202509
107814,"Oct 31, 2025",ST-04,Depreciation - Store Assets,28000000.0,Monthly depreciation,DEP-202510
107815,"Sep 07, 2026",ST-03,Revenue - Merchandise,-65830000.0,Weekly POS sales Merchandise,POS-03260901
107816,"Aug 30, 2026",ST-05,Revenue - Food,-94707200.0,Weekly POS sales Food,POS-05260824
107817,"Mar 31, 2026",ST-07,Payroll - Store Staff,73338554.0,Monthly store payroll,PR-202603
107818,"Mar 08, 2026",ST-10,Revenue - Merchandise,-25962300.0,Weekly POS sales Merchandise,POS-10260302
107819,"Sep 07, 2025",ST-01,COGS - Beverage,31058398.0,Weekly COGS Beverage,INV-01250901
107820,30/06/2025,ST-09,Revenue - Beverage,-36890000.0,Weekly POS sales Beverage,POS-09250630
107821,31/01/2026,ST-07,Payroll - Store Staff,86435861.0,Monthly store payroll,PR-202601
107822,17/08/2025,ST-10,COGS - Merchandise,13197442.0,Weekly COGS Merchandise,INV-10250811
107823,"Jul 27, 2025",ST-01,Revenue - Food,-123195600.0,Weekly POS sales Food,POS-01250721
107824,"Feb 09, 2025",ST-04,COGS - Merchandise,38787890.0,Weekly COGS Merchandise,INV-04250203
107825,31/08/2026,ST-12,COGS - Food,23066262.0,Weekly COGS Food,INV-12260831
107826,"Aug 09, 2026",ST-09,COGS - Beverage,20786721.0,Weekly COGS Beverage,INV-09260803
107827,"Jun 14, 2026",ST-10,COGS - Beverage,13964667.0,Weekly COGS Beverage,INV-10260608
107828,2025-12-31,ST-06,Revenue - Beverage,"-66,799,000",Weekly POS sales Beverage,POS-06251229
107829,"Jul 07, 2025",ST-04,Revenue - Food,-85571200.0,Weekly POS sales Food,POS-04250701
107830,31/05/2025,ST-07,COGS - Food,29622500.0,Weekly COGS Food,INV-07250526
107831,"Aug 10, 2025",ST-02,Revenue - Food,-79699100.0,Weekly POS sales Food,POS-02250804
107832,"May 11, 2025",ST-06,COGS - Beverage,20271648.0,Weekly COGS Beverage,INV-06250505
107833,2025-06-30,ST-01,COGS - Beverage,26729338.0,Weekly COGS Beverage,INV-01250630
107834,30/04/2025,ST-02,Store Supplies,6866643.0,Packaging & supplies,SUP-202504
107835,2025-06-15,ST-08,COGS - Beverage,10669080.0,Weekly COGS Beverage,INV-08250609
107836,2025-11-30,HQ,Depreciation - HO Assets,47684000.0,HO depreciation,DEP-HO-202511
107837,"Jan 12, 2025",ST-03,COGS - Food,79680012.0,Weekly COGS Food,INV-03250106
107838,31/07/2026,ST-12,Depreciation - Store Assets,17360000.0,Monthly depreciation,DEP-202607
107839,31/01/2026,ST-08,Delivery Platform Commission,30806136.0,Delivery aggregator fees,DLV-202601
107840,26/10/2025,ST-08,COGS - Beverage,10595236.0,Weekly COGS Beverage,INV-08251020
107841,28/06/2026,ST-06,Revenue - Beverage,-61839300.0,Weekly POS sales Beverage,POS-06260622
107842,2025-01-19,ST-07,COGS - Food,28780958.0,Weekly COGS Food,INV-07250113
107843,"Aug 07, 2025",ST-07,COGS - Merchandise,19545316.0,Weekly COGS Merchandise,INV-07250801
107844,2026-06-30,ST-04,Payroll - Store Staff,118344837.0,Monthly store payroll,PR-202606
107845,"Feb 16, 2025",ST-07,COGS - Beverage,12844441.0,Weekly COGS Beverage,INV-07250210
107846,30/04/2026,ST-11,Revenue - Beverage,-31407200.0,Weekly POS sales Beverage,POS-11260427
107847,2026-04-30,ST-07,Rent Expense,42387000.0,Store rent,RNT-202604
107848,2026-06-30,ST-08,Depreciation - Store Assets,17360000.0,Monthly depreciation,DEP-202606
107849,"Apr 26, 2026",ST-10,COGS - Merchandise,17154801.0,Weekly COGS Merchandise,INV-10260420
107850,24/08/2025,ST-02,Revenue - Food,-75073500.0,Weekly POS sales Food,POS-02250818
107851,2026-04-19,ST-10,COGS - Food,25432995.0,Weekly COGS Food,INV-10260413
107852,2026-09-30,ST-05,Payroll - Store Staff,108989770.0,Monthly store payroll,PR-202609
107853,"Aug 10, 2025",ST-05,Revenue - Merchandise,-39559200.0,Weekly POS sales Merchandise,POS-05250804
107854,"Apr 07, 2025",ST-03,Revenue - Merchandise,-62583000.0,Weekly POS sales Merchandise,POS-03250401
107855,"Jun 08, 2025",ST-05,COGS - Merchandise,35683756.0,Weekly COGS Merchandise,INV-05250602
107856,2025-11-30,ST-08,Revenue - Beverage,-35568800.0,Weekly POS sales Beverage,POS-08251124
107857,2026-02-28,ST-08,Rent Expense,40603000.0,Store rent,RNT-202602
107858,"Jan 07, 2026",ST-08,COGS - Merchandise,20649294.0,Weekly COGS Merchandise,INV-08260101
107859,2025-12-31,ST-03,Marketing - Local,16302727.0,Local store marketing,MKT-202512
107860,2025-11-30,ST-07,Revenue - Merchandise,-30686000.0,Weekly POS sales Merchandise,POS-07251124
107861,21/12/2025,ST-07,Revenue - Food,-70722400.0,Weekly POS sales Food,POS-07251215
107862,2026-05-17,ST-04,Revenue - Merchandise,-47483000.0,Weekly POS sales Merchandise,POS-04260511
107863,"Apr 30, 2026",ST-01,Rent Expense,101566000.0,Store rent,RNT-202604
107864,"Jan 11, 2026",ST-03,COGS - Beverage,37224578.0,Weekly COGS Beverage,INV-03260105
107865,"May 10, 2026",ST-03,Revenue - Merchandise,-78124800.0,Weekly POS sales Merchandise,POS-03260504
107866,"Apr 30, 2025",ST-03,COGS - Merchandise,51785652.0,Weekly COGS Merchandise,INV-03250428
107867,2025-03-31,ST-07,Utilities,10697631.0,Electricity & water,UTL-202503
107868,2025-05-18,ST-08,COGS - Beverage,10696534.0,Weekly COGS Beverage,INV-08250512
107869,2025-10-19,ST-09,COGS - Food,31045639.0,Weekly COGS Food,INV-09251013
107870,30/09/2026,ST-07,Repairs & Maintenance,14426000.0,R&M,RPM-202609
107871,"May 07, 2025",ST-05,COGS - Food,47706558.0,Weekly COGS Food,INV-05250501
107872,30/04/2026,ST-06,Depreciation - Store Assets,28000000.0,Monthly depreciation,DEP-202604
107873,2025-08-17,ST-07 ,Revenue - Merchandise,-35089600.0,Weekly POS sales Merchandise,POS-07250811
107874,31/07/2026,ST-11,Revenue - Merchandise,-42653000.0,Weekly POS sales Merchandise,POS-11260727
107875,24/08/2025,ST-08,COGS - Merchandise,17064957.0,Weekly COGS Merchandise,INV-08250818
107876,28/06/2026,ST-05,Revenue - Merchandise,-58393400.0,Weekly POS sales Merchandise,POS-05260622
107877,2026-06-21,ST-05,Revenue - Food,-94105000.0,Weekly POS sales Food,POS-05260615
107878,2026-02-15,ST-09,COGS - Merchandise,41768960.0,Weekly COGS Merchandise,INV-09260209
107879,2026-07-19,ST-10,COGS - Merchandise,23225618.0,Weekly COGS Merchandise,INV-10260713
107880,2025-08-17,ST-02,COGS - Merchandise,33816906.0,Weekly COGS Merchandise,INV-02250811
107881,2026-06-30,ST-04,Depreciation - Store Assets,28000000.0,Monthly depreciation,DEP-202606
107882,2026-06-28,ST-10,Revenue - Merchandise,-29087000.0,Weekly POS sales Merchandise,POS-10260622
107883,"Oct 12, 2025",ST-10,COGS - Beverage,6986299.0,Weekly COGS Beverage,INV-10251006
107884,"Nov 23, 2025",ST-09,COGS - Beverage,19952800.0,Weekly COGS Beverage,INV-09251117
107885,"Jan 07, 2025",ST-06,COGS - Beverage,19904332.0,Weekly COGS Beverage,INV-06250101
107886,"Jul 07, 2025",ST-05 ,COGS - Merchandise,30047212.0,Weekly COGS Merchandise,INV-05250701
107887,2025-05-25,ST-01,Revenue - Merchandise,-66015200.0,Weekly POS sales Merchandise,POS-01250519
107888,2026-06-14,ST-03,Revenue - Merchandise,-83195400.0,Weekly POS sales Merchandise,POS-03260608
107889,27/04/2025,ST-05,COGS - Merchandise,29233843.0,Weekly COGS Merchandise,INV-05250421
107890,2026-08-31,ST-09,Depreciation - Store Assets,28000000.0,Monthly depreciation,DEP-202608
107891,31/10/2025,ST-05,Revenue - Food,-70946400.0,Weekly POS sales Food,POS-05251027
107892,2026-09-30,ST-04,Repairs & Maintenance,5903000.0,R&M,RPM-202609
107893,18/01/2026,ST-03,COGS - Food,87457672.0,Weekly COGS Food,INV-03260112
107894,"Aug 09, 2026",ST-07,COGS - Merchandise,21519340.0,Weekly COGS Merchandise,INV-07260803
107895,"Mar 08, 2026",ST-01,Revenue - Food,-130782600.0,Weekly POS sales Food,POS-01260302
107896,27/09/2026,ST-12,COGS - Food,20058982.0,Weekly COGS Food,INV-12260921
107897,"Nov 09, 2025",ST-01,Revenue - Beverage,-66108600.0,Weekly POS sales Beverage,POS-01251103
107898,"Mar 08, 2026",ST-11 ,COGS - Merchandise,20037012.0,Weekly COGS Merchandise,INV-11260302
107899,"Jan 31, 2025",ST-08,Marketing - Local,5369948.0,Local store marketing,MKT-202501
107900,"Jul 07, 2026",ST-05,COGS - Merchandise,35681598.0,Weekly COGS Merchandise,INV-05260701
107901,2025-08-17,ST-03,Revenue - Beverage,-74580000.0,Weekly POS sales Beverage,POS-03250811
107902,"Oct 12, 2025",ST-08,Revenue - Merchandise,-27846000.0,Weekly POS sales Merchandise,POS-08251006
107903,2025-09-21,ST-07,COGS - Beverage,11139989.0,Weekly COGS Beverage,INV-07250915
107904,"Jan 31, 2025",ST-07,Revenue - Merchandise,-28397600.0,Weekly POS sales Merchandise,POS-07250127
107905,28/09/2025,ST-09,COGS - Merchandise,30346036.0,Weekly COGS Merchandise,INV-09250922
107906,31/08/2026,ST-11,COGS - Beverage,16010814.0,Weekly COGS Beverage,INV-11260831
107907,"May 07, 2026",ST-10,COGS - Merchandise,19862198.0,Weekly COGS Merchandise,INV-10260501
107908,30/06/2026,ST-03,Rent Expense,99661000.0,Store rent,RNT-202606
107909,"Apr 12, 2026",ST-04,Revenue - Merchandise,-43289400.0,Weekly POS sales Merchandise,POS-04260406
107910,"Mar 07, 2025",ST-09,COGS - Food,22722498.0,Weekly COGS Food,INV-09250301
107911,2025-12-28,ST-04,COGS - Merchandise,47440439.0,Weekly COGS Merchandise,INV-04251222
107912,16/11/2025,ST-07,Revenue - Beverage,"-36,364,600",Weekly POS sales Beverage,POS-07251110
107913,"Sep 28, 2025",ST-03,COGS - Merchandise,46536532.0,Weekly COGS Merchandise,INV-03250922
107914,30/03/2025,ST-01,Revenue - Merchandise,-75593700.0,Weekly POS sales Merchandise,POS-01250324
107915,31/03/2025,HQ,Marketing - Brand,42008940.0,Brand campaigns,MKT-HO-202503
107916,20/07/2025,ST-06,Revenue - Beverage,-53933400.0,Weekly POS sales Beverage,POS-06250714
107917,"Feb 16, 2025",ST-06,Revenue - Merchandise,-51154800.0,Weekly POS sales Merchandise,POS-06250210
107918,2025-10-26,ST-03,COGS - Beverage,33580509.0,Weekly COGS Beverage,INV-03251020
107919,2026-07-19,ST-07,COGS - Merchandise,27282078.0,Weekly COGS Merchandise,INV-07260713
107920,2025-04-30,ST-07,Revenue - Food,-41512800.0,Weekly POS sales Food,POS-07250428
107921,24/08/2025,ST-09,  Revenue - Food ,-65534400.0,Weekly POS sales Food,POS-09250818
107922,"Oct 31, 2025",ST-03,Rent Expense,98761000.0,Store rent,RNT-202510
107923,2025-07-31,ST-02,Rent Expense,68912000.0,Store rent,RNT-202507
107924,22/06/2025,ST-04,Revenue - Beverage,-47058000.0,Weekly POS sales Beverage,POS-04250616
107925,15/02/2026,ST-05,COGS - Food,64284718.0,Weekly COGS Food,INV-05260209
107926,"Mar 08, 2026",ST-05,COGS - Beverage,19043287.0,Weekly COGS Beverage,INV-05260302
107927,21/09/2025,ST-09,COGS - Food,37713991.0,Weekly COGS Food,INV-09250915
107928,2025-08-31,ST-02,COGS - Merchandise,33734745.0,Weekly COGS Merchandise,INV-02250825
107929,30/04/2025,ST-05,Revenue - Merchandise,-43134000.0,Weekly POS sales Merchandise,POS-05250428
107930,"Jun 21, 2026",ST-09,Revenue - Merchandise,-42840000.0,Weekly POS sales Merchandise,POS-09260615
107931,"Sep 28, 2025",ST-09,Revenue - Beverage,-42592000.0,Weekly POS sales Beverage,POS-09250922
107932,2026-05-24,ST-03,COGS - Food,86567541.0,Weekly COGS Food,INV-03260518
107933,2026-08-30,ST-10,COGS - Beverage,10921104.0,Weekly COGS Beverage,INV-10260824
107934,"Jun 07, 2025",ST-02,Revenue - Beverage,-44311800.0,Weekly POS sales Beverage,POS-02250601
107935,2025-06-30,HQ,Depreciation - HO Assets,45768000.0,HO depreciation,DEP-HO-202506
107936,27/09/2026,ST-02,  COGS - Merchandise ,"31,513,859",Weekly COGS Merchandise,INV-02260921
107937,"Dec 07, 2025",ST-02,Revenue - Beverage,-58441500.0,Weekly POS sales Beverage,POS-02251201
107938,"May 07, 2026",ST-09,Revenue - Beverage,-52427400.0,Weekly POS sales Beverage,POS-09260501
107939,2025-12-28,ST-01,COGS - Food,72795997.0,Weekly COGS Food,INV-01251222
107940,"Dec 31, 2025",ST-02,Depreciation - Store Assets,28000000.0,Monthly depreciation,DEP-202512
107941,2026-08-16,ST-10,Revenue - Merchandise,-34379100.0,Weekly POS sales Merchandise,POS-10260810
107942,2026-09-20,ST-08,COGS - Food,26032648.0,Weekly COGS Food,INV-08260914
107943,"Feb 07, 2026",ST-11,Revenue - Beverage,-37762500.0,Weekly POS sales Beverage,POS-11260201
107944,30/09/2025,ST-05,Revenue - Beverage,-49685600.0,Weekly POS sales Beverage,POS-05250929
107945,31/05/2026,HQ,Marketing - Brand,57477397.0,Brand campaigns,MKT-HO-202605
107946,2025-12-31,ST-09,COGS - Food,64973344.0,Weekly COGS Food,INV-09251229
107947,"Jul 13, 2025",ST-07,COGS - Merchandise,22217451.0,Weekly COGS Merchandise,INV-07250707
107948,2026-02-15,ST-07,Revenue - Beverage,-42671000.0,Weekly POS sales Beverage,POS-07260209
107949,2025-11-16,ST-05,COGS - Beverage,22130373.0,Weekly COGS Beverage,INV-05251110
107950,"May 31, 2026",ST-10,Utilities,11689022.0,Electricity & water,UTL-202605
107951,19/01/2025,ST-01,COGS - Food,86667106.0,Weekly COGS Food,INV-01250113
107952,2025-07-31,ST-06,Utilities,18958751.0,Electricity & water,UTL-202507
107953,2025-06-30,ST-09,Depreciation - Store Assets,28000000.0,Monthly depreciation,DEP-202506
107954,30/09/2025,ST-05,Repairs & Maintenance,9717000.0,R&M,RPM-202509
107955,2025-10-19,ST-06,COGS - Beverage,21342182.0,Weekly COGS Beverage,INV-06251013
107956,31/03/2025,ST-06,Utilities,16103014.0,Electricity & water,UTL-202503
107957,30/09/2026,ST-04,Revenue - Food,-94384500.0,Weekly POS sales Food,POS-04260928
107958,"Apr 30, 2026",ST-07,Revenue - Beverage,-35256000.0,Weekly POS sales Beverage,POS-07260427
107959,2026-08-23,ST-05,COGS - Merchandise,32590306.0,Weekly COGS Merchandise,INV-05260817
107960,2026-08-31,ST-07,COGS - Merchandise,24372492.0,Weekly COGS Merchandise,INV-07260831
107961,31/01/2025,ST-08,COGS - Merchandise,"16,515,168",Weekly COGS Merchandise,INV-08250127
107962,2025-05-18,ST-01,COGS - Beverage,27369278.0,Weekly COGS Beverage,INV-01250512
107963,19/10/2025,ST-10,Revenue - Beverage,-17986000.0,Weekly POS sales Beverage,POS-10251013
107964,2025-12-31,ST-04,Revenue - Merchandise,"-52,717,200",Weekly POS sales Merchandise,POS-04251229
107965,2026-02-28,ST-10,Utilities,10456598.0,Electricity & water,UTL-202602
107966,2025-08-24,ST-10,Revenue - Food,-23688000.0,Weekly POS sales Food,POS-10250818
107967,"Feb 28, 2025",ST-06,Payroll - Store Staff,132940654.0,Monthly store payroll,PR-202502
107968,2026-06-21,ST-09,COGS - Beverage,20061964.0,Weekly COGS Beverage,INV-09260615
107969,2025-01-19,ST-01,Revenue - Food,-144824400.0,Weekly POS sales Food,POS-01250113
107970,28/02/2025,ST-03,COGS - Beverage,34032001.0,Weekly COGS Beverage,INV-03250224
107971,31/07/2025,ST-06,Revenue - Merchandise,-39414800.0,Weekly POS sales Merchandise,POS-06250728
107972,22/03/2026,ST-05,Revenue - Merchandise,-47206400.0,Weekly POS sales Merchandise,POS-05260316
107973,2025-01-31,ST-04,Payroll - Store Staff,105038367.0,Monthly store payroll,PR-202501
107974,"Jul 26, 2026",ST-11,COGS - Beverage,18053943.0,Weekly COGS Beverage,INV-11260720
107975,"Feb 07, 2025",ST-01,Revenue - Beverage,-86588400.0,Weekly POS sales Beverage,POS-01250201
107976,2026-07-19,ST-03,Revenue - Merchandise,-105252000.0,Weekly POS sales Merchandise,POS-03260713
107977,"Feb 23, 2025",ST-06,Revenue - Food,-93114700.0,Weekly POS sales Food,POS-06250217
107978,20/09/2026,ST-03,Revenue - Merchandise,-77952000.0,Weekly POS sales Merchandise,POS-03260914
107979,2026-03-31,ST-02,Payroll - Store Staff,"136,385,207",Monthly store payroll,PR-202603
107980,2025-01-31,ST-06,COGS - Merchandise,33949201.0,Weekly COGS Merchandise,INV-06250127
107981,2025-09-21,ST-04,Revenue - Beverage,-47059200.0,Weekly POS sales Beverage,POS-04250915
107982,30/06/2025,ST-02,Delivery Platform Commission,44157641.0,Delivery aggregator fees,DLV-202506
107983,"Feb 16, 2025",ST-02,COGS - Beverage,23342587.0,Weekly COGS Beverage,INV-02250210
107984,"Dec 31, 2025",ST-10,Payroll - Store Staff,61331358.0,Monthly store payroll,PR-202512
107985,"Feb 09, 2025",ST-06,Revenue - Beverage,-62548200.0,Weekly POS sales Beverage,POS-06250203
107986,"Mar 07, 2025",ST-02,COGS - Beverage,17152551.0,Weekly COGS Beverage,INV-02250301
107987,31/12/2025,ST-09,Depreciation - Store Assets,28000000.0,Monthly depreciation,DEP-202512
107988,2025-08-17,ST-05,Revenue - Beverage,-51443600.0,Weekly POS sales Beverage,POS-05250811
107989,"May 10, 2026",ST-04,COGS - Food,57096347.0,Weekly COGS Food,INV-04260504
107990,31/03/2025,ST-07,Rent Expense,42693000.0,Store rent,RNT-202503
107991,"Feb 28, 2026",ST-09,COGS - Food,65879970.0,Weekly COGS Food,INV-09260223
107992,"Aug 31, 2026",ST-10,Delivery Platform Commission,32820840.0,Delivery aggregator fees,DLV-202608
107993,31/01/2026,ST-08,Rent Expense,42884000.0,Store rent,RNT-202601
107994,"Aug 10, 2025",ST-08,Revenue - Merchandise,-29880800.0,Weekly POS sales Merchandise,POS-08250804
107995,2025-10-26,ST-10,Revenue - Merchandise,-19958500.0,Weekly POS sales Merchandise,POS-10251020
107996,30/11/2025,ST-06,Delivery Platform Commission,38098771.0,Delivery aggregator fees,DLV-202511
107997,30/09/2025,ST-10,Revenue - Food,-32178300.0,Weekly POS sales Food,POS-10250929
107998,17/05/2026,ST-04,Revenue - Beverage,-55738700.0,Weekly POS sales Beverage,POS-04260511
107999,"Jun 14, 2026",ST-07,Revenue - Merchandise,-30253400.0,Weekly POS sales Merchandise,POS-07260608
108000,2025-09-28,ST-07,COGS - Beverage,13107590.0,Weekly COGS Beverage,INV-07250922
108001,26/07/2026,ST-03,Revenue - Merchandise,-84072000.0,Weekly POS sales Merchandise,POS-03260720
108002,2026-03-31,ST-03,Payroll - Store Staff,175802809.0,Monthly store payroll,PR-202603
108003,"Jun 07, 2026",ST-11,COGS - Food,38691892.0,Weekly COGS Food,INV-11260601
108004,"Mar 30, 2025",ST-07,Revenue - Beverage,-25249600.0,Weekly POS sales Beverage,POS-07250324
108005,"Aug 10, 2025",ST-09,COGS - Food,30070146.0,Weekly COGS Food,INV-09250804
108006,"Mar 08, 2026",ST-04,Revenue - Beverage,-37901500.0,Weekly POS sales Beverage,POS-04260302
108007,2025-08-24,ST-02,Revenue - Beverage,-54958500.0,Weekly POS sales Beverage,POS-02250818
108008,2025-02-28,HQ,Marketing - Brand,53929563.0,Brand campaigns,MKT-HO-202502
108009,31/05/2026,ST-04,Repairs & Maintenance,3714000.0,R&M,RPM-202605
108010,2025-12-31,HQ,Payroll - Head Office,288785000.0,HO payroll,PR-HO-202512
108011,"Mar 23, 2025",ST-07,COGS - Merchandise,19236849.0,Weekly COGS Merchandise,INV-07250317
108012,2026-08-31,ST-10,Revenue - Food,-61122600.0,Weekly POS sales Food,POS-10260831
108013,"Jan 07, 2025",ST-01,Revenue - Food,-149820000.0,Weekly POS sales Food,POS-01250101
108014,"Feb 08, 2026",ST-08,Revenue - Beverage,-43683600.0,Weekly POS sales Beverage,POS-08260202
108015,"Apr 12, 2026",ST-06,COGS - Beverage,18829881.0,Weekly COGS Beverage,INV-06260406
108016,30/09/2026,ST-09,Marketing - Local,6430907.0,Local store marketing,MKT-202609
108017,30/06/2026,ST-02 ,Store Supplies,8519067.0,Packaging & supplies,SUP-202606
108018,29/03/2026,ST-02,Revenue - Beverage,-51975000.0,Weekly POS sales Beverage,POS-02260323
108019,19/04/2026,ST-05,Revenue - Food,-85932600.0,Weekly POS sales Food,POS-05260413
108020,2025-03-23,ST-05,Revenue - Beverage,-50953500.0,Weekly POS sales Beverage,POS-05250317
108021,"Jan 12, 2025",ST-06,COGS - Beverage,26674717.0,Weekly COGS Beverage,INV-06250106
108022,31/08/2025,ST-02,COGS - Beverage,18981042.0,Weekly COGS Beverage,INV-02250825
108023,"Jun 29, 2025",ST-07,COGS - Beverage,13095318.0,Weekly COGS Beverage,INV-07250623
108024,2025-09-28,ST-02,Revenue - Food,-73843200.0,Weekly POS sales Food,POS-02250922
108025,2025-12-31,ST-10,Store Supplies,3704752.0,Packaging & supplies,SUP-202512
108026,"Aug 31, 2025",ST-05,Depreciation - Store Assets,28000000.0,Monthly depreciation,DEP-202508
108027,31/08/2026,ST-02,Revenue - Food,-72270300.0,Weekly POS sales Food,POS-02260831
108028,29/03/2026,ST-05,COGS - BEVERAGE,19630315.0,Weekly COGS Beverage,INV-05260323
108029,"Mar 08, 2026",ST-03,Revenue - Beverage,-59047200.0,Weekly POS sales Beverage,POS-03260302
108030,"Mar 08, 2026",ST-10,COGS - Merchandise,19554780.0,Weekly COGS Merchandise,INV-10260302
108031,"Oct 07, 2025",ST-09,Revenue - Beverage,-50467400.0,Weekly POS sales Beverage,POS-09251001
108032,13/04/2025,ST-06,COGS - Food,38609806.0,Weekly COGS Food,INV-06250407
108033,31/05/2025,,Revenue - Merchandise,-48285000.0,Weekly POS sales Merchandise,POS-04250526
108034,2026-09-20,ST-12,COGS - Beverage,7975217.0,Weekly COGS Beverage,INV-12260914
108035,"Jun 08, 2025",ST-01,Revenue - Food,-120501900.0,Weekly POS sales Food,POS-01250602
108036,"Mar 16, 2025",ST-05,COGS - Food,45113171.0,Weekly COGS Food,INV-05250310
108037,31/03/2025,ST-08,Depreciation - Store Assets,17360000.0,Monthly depreciation,DEP-202503
108038,2025-03-16,ST-08,Revenue - Beverage,-19384800.0,Weekly POS sales Beverage,POS-08250310
108039,2025-06-15,ST-05,COGS - Beverage,22619185.0,Weekly COGS Beverage,INV-05250609
108040,"Apr 07, 2026",ST-08,COGS - Beverage,10754739.0,Weekly COGS Beverage,INV-08260401
108041,2026-02-15,ST-02,COGS - Merchandise,47575117.0,Weekly COGS Merchandise,INV-02260209
108042,2025-02-23,ST-03 ,COGS - Food,73912160.0,Weekly COGS Food,INV-03250217
108043,30/08/2026,ST-06,COGS - Merchandise,31171516.0,Weekly COGS Merchandise,INV-06260824
108044,31/12/2025,ST-05 ,Revenue - Merchandise,-57655000.0,Weekly POS sales Merchandise,POS-05251229
108045,2026-09-30,ST-09,Payroll - Store Staff,108572856.0,Monthly store payroll,PR-202609
108046,2025-05-31,ST-07,Rent Expense,41739000.0,Store rent,RNT-202505
108047,31/01/2026,ST-09,Revenue - Merchandise,-66595000.0,Weekly POS sales Merchandise,POS-09260126
108048,2026-05-24,ST-05,Revenue - Beverage,-56814000.0,Weekly POS sales Beverage,POS-05260518
108049,2026-05-24,ST-12,Revenue - Beverage,-19009500.0,Weekly POS sales Beverage,POS-12260518
108050,30/06/2026,ST-09,Revenue - Beverage,-50317000.0,Weekly POS sales Beverage,POS-09260629
108051,"Jul 31, 2026",HQ,Depreciation - HO Assets,45432000.0,HO depreciation,DEP-HO-202607
108052,2026-02-15,ST-07,COGS - Merchandise,32148591.0,Weekly COGS Merchandise,INV-07260209
108053,"Aug 07, 2026",ST-07,Revenue - Merchandise,-31872000.0,Weekly POS sales Merchandise,POS-07260801
108054,"Oct 12, 2025",ST-10,Revenue - Beverage,-18984000.0,Weekly POS sales Beverage,POS-10251006
108055,"Sep 30, 2026",ST-10,Marketing - Local,8394251.0,Local store marketing,MKT-202609
108056,23/08/2026,ST-07,COGS - Food,26750228.0,Weekly COGS Food,INV-07260817
108057,2026-01-18,ST-04,COGS - Beverage,24579503.0,Weekly COGS Beverage,INV-04260112
108058,"Mar 30, 2025",ST-07,Revenue - Merchandise,-26607000.0,Weekly POS sales Merchandise,POS-07250324
108059,"Aug 07, 2025",ST-08,Revenue - Merchandise,-29107800.0,Weekly POS sales Merchandise,POS-08250801
108060,2025-12-21,ST-03,Revenue - Food,-161634200.0,Weekly POS sales Food,POS-03251215
108061,2026-09-30,ST-09,COGS - Merchandise,34732931.0,Weekly COGS Merchandise,INV-09260928
108062,"May 18, 2025",ST-03,Revenue - Merchandise,-60698000.0,Weekly POS sales Merchandise,POS-03250512
108063,"Aug 09, 2026",ST-11,Revenue - Beverage,-49226400.0,Weekly POS sales Beverage,POS-11260803
108064,23/11/2025,ST-06,Revenue - Merchandise,-44006600.0,Weekly POS sales Merchandise,POS-06251117
108065,"Sep 07, 2025",ST-05,Revenue - Beverage,-49199200.0,Weekly POS sales Beverage,POS-05250901
108066,13/07/2025,ST-7,Revenue - Food,-50212400.0,Weekly POS sales Food,POS-07250707
108067,2025-12-14,ST-07,COGS - Food,32991474.0,Weekly COGS Food,INV-07251208
108068,"Mar 07, 2025",ST-05,COGS - Merchandise,27726403.0,Weekly COGS Merchandise,INV-05250301
108069,2025-06-22,ST-02,COGS - Food,40793270.0,Weekly COGS Food,INV-02250616
108070,19/04/2026,ST-08,Revenue - Beverage,-27289500.0,Weekly POS sales Beverage,POS-08260413
108071,18/05/2025,ST-08,Revenue - Food,-35164800.0,Weekly POS sales Food,POS-08250512
108072,"Mar 07, 2026",ST-08,Revenue - Merchandise,-30493400.0,Weekly POS sales Merchandise,POS-08260301
108073,"Aug 30, 2026",ST-08,COGS - Beverage,11067195.0,Weekly COGS Beverage,INV-08260824
108074,2025-07-13,ST-01,Revenue - Merchandise,-73132200.0,Weekly POS sales Merchandise,POS-01250707
108075,2026-09-30,ST-01,COGS - Food,83613484.0,Weekly COGS Food,INV-01260928
108076,"Feb 09, 2025",ST-03,Revenue - Food,-154362400.0,Weekly POS sales Food,POS-03250203
108077,30/04/2026,ST-01,Revenue - Beverage,-81848200.0,Weekly POS sales Beverage,POS-01260427
108078,2026-01-25,ST-02,Revenue - Beverage,-59027600.0,Weekly POS sales Beverage,POS-02260119
108079,2025-11-30,ST-04,COGS - Beverage,16439385.0,Weekly COGS Beverage,INV-04251124
108080,2025-08-17,ST-10,COGS - Food,"14,004,067",Weekly COGS Food,INV-10250811
108081,"Feb 08, 2026",ST-08,Revenue - Food,-61222200.0,Weekly POS sales Food,POS-08260202
108082,"Oct 26, 2025",ST-03,COGS - Merchandise,51604886.0,Weekly COGS Merchandise,INV-03251020
108083,"May 07, 2025",ST-02,COGS - Beverage,22054787.0,Weekly COGS Beverage,INV-02250501
108084,2025-02-23,ST-03,COGS - Merchandise,61742667.0,Weekly COGS Merchandise,INV-03250217
108085,"Apr 30, 2025",ST-08,Marketing - Local,6417939.0,Local store marketing,MKT-202504
108086,"May 31, 2026",ST-04,COGS - Beverage,21343454.0,Weekly COGS Beverage,INV-04260525
108087,20/07/2025,ST-06,Revenue - Food,-74514700.0,Weekly POS sales Food,POS-06250714
108088,"Nov 07, 2025",ST-02,COGS - Merchandise,40050303.0,Weekly COGS Merchandise,INV-02251101
108089,2025-12-31,ST-09,Revenue - Merchandise,-55930400.0,Weekly POS sales Merchandise,POS-09251229
108090,28/12/2025,ST-04,COGS - Beverage,20983600.0,Weekly COGS Beverage,INV-04251222
108091,"Dec 14, 2025",ST-07,COGS - Beverage,13753722.0,Weekly COGS Beverage,INV-07251208
108092,31/05/2026,ST-06,  Delivery Platform Commission ,40613096.0,Delivery aggregator fees,DLV-202605
108093,13/07/2025,ST-06,COGS - Beverage,20672654.0,Weekly COGS Beverage,INV-06250707
108094,2026-05-31,ST-06,Revenue - Merchandise,-48521600.0,Weekly POS sales Merchandise,POS-06260525
108095,2026-01-31,ST-01,Payroll - Store Staff,221797187.0,Monthly store payroll,PR-202601
108096,"Apr 07, 2025",ST-09,COGS - Merchandise,20540178.0,Weekly COGS Merchandise,INV-09250401
108097,31/03/2025,ST-07,COGS - Beverage,11870669.0,Weekly COGS Beverage,INV-07250331
108098,"Mar 31, 2026",ST-06,Delivery Platform Commission,51405911.0,Delivery aggregator fees,DLV-202603
108099,2026-08-31,ST-10,COGS - Food,"36,133,820",Weekly COGS Food,INV-10260831
108100,"Feb 22, 2026",ST-06,Revenue - Food,-120775200.0,Weekly POS sales Food,POS-06260216
108101,2025-03-16,ST-04,Revenue - Beverage,-50198400.0,Weekly POS sales Beverage,POS-04250310
108102,"Jul 12, 2026",ST-09,Revenue - Food,-99842400.0,Weekly POS sales Food,POS-09260706
108103,17/05/2026,ST-01,Revenue - Beverage,-95621800.0,Weekly POS sales Beverage,POS-01260511
108104,2025-05-31,ST-03,COGS - Merchandise,43304635.0,Weekly COGS Merchandise,INV-03250526
108105,2025-02-28,ST-04,COGS - Merchandise,36778126.0,Weekly COGS Merchandise,INV-04250224
108106,"Aug 23, 2026",ST-05,COGS - Beverage,21069913.0,Weekly COGS Beverage,INV-05260817
108107,2026-08-31,ST-09,COGS - Beverage,23484289.0,Weekly COGS Beverage,INV-09260831
108108,2025-07-27,ST-04,COGS - Merchandise,39638463.0,Weekly COGS Merchandise,INV-04250721
108109,"May 17, 2026",ST-08,Revenue - Beverage,-31195600.0,Weekly POS sales Beverage,POS-08260511
108110,17/05/2026,ST-06,Revenue - Food,-86049600.0,Weekly POS sales Food,POS-06260511
108111,15/03/2026,ST-05,COGS - Food,54961776.0,Weekly COGS Food,INV-05260309
108112,"Nov 30, 2025",ST-08,Utilities,13402733.0,Electricity & water,UTL-202511
108113,"Sep 30, 2026",ST-02,COGS - Beverage,18884351.0,Weekly COGS Beverage,INV-02260928
108114,"Oct 12, 2025",ST-04,Revenue - Beverage,-46297000.0,Weekly POS sales Beverage,POS-04251006
108115,"Jun 07, 2025",ST-03 ,Revenue - Beverage,-82487900.0,Weekly POS sales Beverage,POS-03250601
108116,"Mar 08, 2026",ST-08,COGS - Merchandise,24454173.0,Weekly COGS Merchandise,INV-08260302
108117,19/07/2026,ST-03,COGS - Food,79711699.0,Weekly COGS Food,INV-03260713
108118,2026-08-31,ST-02,REPAIRS & MAINTENANCE,10215000.0,R&M,RPM-202608
108119,2025-10-26,ST-07,COGS - Beverage,11017759.0,Weekly COGS Beverage,INV-07251020
108120,2026-05-24,ST-08,COGS - Food,27800629.0,Weekly COGS Food,INV-08260518
108121,25/01/2026,ST-08,Revenue - Beverage,"-38,908,000",Weekly POS sales Beverage,POS-08260119
108122,"Mar 15, 2026",ST-04,COGS - Beverage,15481429.0,Weekly COGS Beverage,INV-04260309
108123,2026-08-31,ST-11,Repairs & Maintenance,14371000.0,R&M,RPM-202608
108124,30/11/2025,ST-03,Delivery Platform Commission,53555648.0,Delivery aggregator fees,DLV-202511
108125,"Mar 07, 2026",ST-02,COGS - Food,40014346.0,Weekly COGS Food,INV-02260301
108126,28/02/2025,ST-06,Store Supplies,9087642.0,Packaging & supplies,SUP-202502
108127,19/04/2026,ST-02,Revenue - Beverage,-53732800.0,Weekly POS sales Beverage,POS-02260413
108128,"Aug 07, 2026",ST-03,Revenue - Food,-154064900.0,Weekly POS sales Food,POS-03260801
108129,2026-01-31,ST-01,COGS - Merchandise,60903798.0,Weekly COGS Merchandise,INV-01260126
108130,2025-06-30,ST-03,Delivery Platform Commission,46686351.0,Delivery aggregator fees,DLV-202506
108131,"Sep 07, 2026",ST-12,Revenue - Merchandise,-21211500.0,Weekly POS sales Merchandise,POS-12260901
108132,2026-03-31,ST-10,COGS - Beverage,11645333.0,Weekly COGS Beverage,INV-10260330
108133,2026-02-28,ST-04,Delivery Platform Commission,43158387.0,Delivery aggregator fees,DLV-202602
108134,"Aug 07, 2026",ST-10,COGS - Merchandise,21373435.0,Weekly COGS Merchandise,INV-10260801
108135,"Jan 07, 2025",ST-06,Revenue - Food,-95497500.0,Weekly POS sales Food,POS-06250101
108136,2026-02-15,ST-10,Revenue - Merchandise,-36209600.0,Weekly POS sales Merchandise,POS-10260209
108137,2025-08-31,ST-08,Depreciation - Store Assets,17360000.0,Monthly depreciation,DEP-202508
108138,"Sep 20, 2026",ST-02,COGS - Merchandise,36931164.0,Weekly COGS Merchandise,INV-02260914
108139,2025-04-30,ST-06,Repairs & Maintenance,8645000.0,R&M,RPM-202504
108140,"Mar 30, 2025",ST-01,COGS - Food,60354463.0,Weekly COGS Food,INV-01250324
108141,"Jan 11, 2026",ST-09,Revenue - Merchandise,-57448800.0,Weekly POS sales Merchandise,POS-09260105
108142,2026-07-31,ST-06,Delivery Platform Commission,35040837.0,Delivery aggregator fees,DLV-202607
108143,30/11/2025,ST-04,Marketing - Local,8646134.0,Local store marketing,MKT-202511
108144,2025-04-30,ST-03,Repairs & Maintenance,11764000.0,R&M,RPM-202504
108145,2025-11-30,ST-08,Revenue - Merchandise,-23914100.0,Weekly POS sales Merchandise,POS-08251124
108146,2025-06-30,ST-09,Rent Expense,71509000.0,Store rent,RNT-202506
108147,2026-04-26,ST-11,Revenue - Beverage,-32852000.0,Weekly POS sales Beverage,POS-11260420
108148,13/04/2025,ST-07,Revenue - Food,-45360000.0,Weekly POS sales Food,POS-07250407
108149,"Jul 19, 2026",ST-08,Revenue - Beverage,-35665000.0,Weekly POS sales Beverage,POS-08260713
108150,2026-08-31,ST-02,COGS - Beverage,24439487.0,Weekly COGS Beverage,INV-02260831
108151,"Jun 08, 2025",ST-07,Revenue - Beverage,-31678000.0,Weekly POS sales Beverage,POS-07250602
108152,2025-10-19,ST-05 ,COGS - Beverage,20403788.0,Weekly COGS Beverage,INV-05251013
108153,"Mar 31, 2025",ST-04,Rent Expense,64583000.0,Store rent,RNT-202503
108154,"Jun 08, 2025",ST-08,Revenue - Merchandise,-28705300.0,Weekly POS sales Merchandise,POS-08250602
108155,31/01/2025,ST-04,Utilities,24543603.0,Electricity & water,UTL-202501
108156,"Oct 31, 2025",ST-10,Revenue - Beverage,-19906400.0,Weekly POS sales Beverage,POS-10251027
108157,24/05/2026,ST-11,COGS - Merchandise,23458462.0,Weekly COGS Merchandise,INV-11260518
108158,31/05/2026,ST-08,Rent Expense,42379000.0,Store rent,RNT-202605
108159,"Jun 29, 2025",ST-08,COGS - Beverage,12894855.0,Weekly COGS Beverage,INV-08250623
108160,2025-11-23,ST-04,Revenue - Merchandise,-50008800.0,Weekly POS sales Merchandise,POS-04251117
108161,2026-03-31,ST-04,Store Supplies,11750036.0,Packaging & supplies,SUP-202603
108162,"May 07, 2026",ST-11,COGS - Food,34822182.0,Weekly COGS Food,INV-11260501
108163,2025-01-31,ST-03,COGS - Beverage,40633584.0,Weekly COGS Beverage,INV-03250127
108164,14/12/2025,ST-08,Revenue - Beverage,-33399500.0,Weekly POS sales Beverage,POS-08251208
108165,2026-03-31,ST-02,  Revenue - Beverage ,-59840000.0,Weekly POS sales Beverage,POS-02260330
108166,2025-04-27,ST-02,COGS - Merchandise,29816664.0,Weekly COGS Merchandise,INV-02250421
108167,21/06/2026,ST-07,COGS - FOOD,31442347.0,Weekly COGS Food,INV-07260615
108168,"Apr 07, 2026",ST-11,Revenue - Merchandise,-35211000.0,Weekly POS sales Merchandise,POS-11260401
108169,2026-05-24,ST-04,Revenue - Merchandise,-50417200.0,Weekly POS sales Merchandise,POS-04260518
108170,"Oct 19, 2025",ST-05,Revenue - Merchandise,-47182600.0,Weekly POS sales Merchandise,POS-05251013
108171,23/02/2025,ST-01,COGS - Food,"85,535,111",Weekly COGS Food,INV-01250217
108172,2026-04-30,ST-01,Revenue - Merchandise,-75213600.0,Weekly POS sales Merchandise,POS-01260427
108173,"Nov 16, 2025",ST-03,Revenue - Merchandise,-80608500.0,Weekly POS sales Merchandise,POS-03251110
108174,"Mar 29, 2026",ST-04,Revenue - Merchandise,-48091600.0,Weekly POS sales Merchandise,POS-04260323
108175,20/04/2025,ST-01,COGS - Food,66507480.0,Weekly COGS Food,INV-01250414
108176,2025-03-23,ST-06,Revenue - Beverage,-41074200.0,Weekly POS sales Beverage,POS-06250317
108177,"Aug 31, 2025",ST-02,Depreciation - Store Assets,28000000.0,Monthly depreciation,DEP-202508
108178,"Oct 07, 2025",ST-07,Revenue - Food,-48321000.0,Weekly POS sales Food,POS-07251001
108179,"Jun 30, 2025",ST-02,Depreciation - Store Assets,28000000.0,Monthly depreciation,DEP-202506
108180,"Feb 09, 2025",ST-04,Revenue - Food,-91118000.0,Weekly POS sales Food,POS-04250203
108181,2026-08-16,ST-01,Revenue - Beverage,-88900000.0,Weekly POS sales Beverage,POS-01260810
108182,31/07/2025,HQ,Office Rent & Admin,106585000.0,HO rent & admin,ADM-202507
108183,22/06/2025,ST-09,Revenue - Beverage,-39547900.0,Weekly POS sales Beverage,POS-09250616
108184,15/03/2026,ST-09,Revenue - Food,-89096700.0,Weekly POS sales Food,POS-09260309
108185,30/04/2026,ST-11,Utilities,10669073.0,Electricity & water,UTL-202604
108186,"Sep 28, 2025",ST-10,Revenue - Beverage,-19173700.0,Weekly POS sales Beverage,POS-10250922
108187,20/09/2026,ST-08,COGS - BEVERAGE,13588114.0,Weekly COGS Beverage,INV-08260914
108188,"Aug 09, 2026",ST-02,Revenue - Food,-88611600.0,Weekly POS sales Food,POS-02260803
108189,2026-07-31,ST-11,COGS - Food,39830901.0,Weekly COGS Food,INV-11260727
108190,28/06/2026,ST-10,Revenue - Beverage,-38440800.0,Weekly POS sales Beverage,POS-10260622
108191,2025-05-31,ST-03,Payroll - Store Staff,153892769.0,Monthly store payroll,PR-202505
108192,2025-09-28,ST-06,Revenue - Merchandise,-43498000.0,Weekly POS sales Merchandise,POS-06250922
108193,"Aug 10, 2025",ST-05,Revenue - Food,-58938000.0,Weekly POS sales Food,POS-05250804
108194,"Feb 07, 2025",ST-04,Revenue - Food,-94063300.0,Weekly POS sales Food,POS-04250201
108195,2025-09-21,ST-06,COGS - Beverage,17632978.0,Weekly COGS Beverage,INV-06250915
108196,2025-07-31,ST-06,COGS - Food,54556823.0,Weekly COGS Food,INV-06250728
108197,31/12/2025,ST-02,Utilities,16575082.0,Electricity & water,UTL-202512
108198,2026-08-31,ST-02,Rent Expense,"66,933,000",Store rent,RNT-202608
108199,2026-03-29,ST-06,COGS - FOOD,40367471.0,Weekly COGS Food,INV-06260323
108200,2025-06-30,ST-03,COGS - Merchandise,47399277.0,Weekly COGS Merchandise,INV-03250630
108201,"Aug 10, 2025",ST-10,COGS - Beverage,5355635.0,Weekly COGS Beverage,INV-10250804
108202,"Apr 30, 2026",ST-07,Revenue - Food,-49604800.0,Weekly POS sales Food,POS-07260427
108203,2025-08-24,ST-03,COGS - Food,68266865.0,Weekly COGS Food,INV-03250818
108204,"Feb 07, 2026",ST-10,  COGS - Food ,31222937.0,Weekly COGS Food,INV-10260201
108205,"Jul 07, 2026",ST-06,COGS - Food,48113902.0,Weekly COGS Food,INV-06260701
108206,31/05/2026,ST-11,Utilities,11261177.0,Electricity & water,UTL-202605
108207,"Feb 08, 2026",ST-04,COGS - Merchandise,39550106.0,Weekly COGS Merchandise,INV-04260202
108208,"Sep 07, 2025",ST-04,COGS - Merchandise,33545623.0,Weekly COGS Merchandise,INV-04250901
108209,2026-05-31,ST-12,COGS - Merchandise,10629457.0,Weekly COGS Merchandise,INV-12260525
108210,2025-05-25,ST-07,Revenue - Beverage,-25944800.0,Weekly POS sales Beverage,POS-07250519
108211,30/09/2026,ST-05,COGS - Food,48875632.0,Weekly COGS Food,INV-05260928
108212,"Mar 07, 2026",ST-11,  COGS - Merchandise ,18567325.0,Weekly COGS Merchandise,INV-11260301
108213,26/04/2026,ST-04,Revenue - Merchandise,-54357600.0,Weekly POS sales Merchandise,POS-04260420
108214,"Mar 07, 2026",ST-06,COGS - Merchandise,32766088.0,Weekly COGS Merchandise,INV-06260301
108215,31/08/2025,ST-10,Revenue - Food,-27281600.0,Weekly POS sales Food,POS-10250825
108216,"Mar 31, 2025",ST-05,Revenue - Merchandise,-38212000.0,Weekly POS sales Merchandise,POS-05250331
108217,"Aug 07, 2025",ST-05,Revenue - Merchandise,-48181600.0,Weekly POS sales Merchandise,POS-05250801
108218,"Dec 28, 2025",ST-05,Revenue - Merchandise,-61486400.0,Weekly POS sales Merchandise,POS-05251222
108219,2026-04-30,ST-06,Revenue - Merchandise,-48137100.0,Weekly POS sales Merchandise,POS-06260427
108220,"Apr 12, 2026",ST-02,COGS - Beverage,21387191.0,Weekly COGS Beverage,INV-02260406
108221,19/04/2026,ST-03,COGS - Merchandise,50012952.0,Weekly COGS Merchandise,INV-03260413
108222,17/08/2025,ST-05,COGS - Merchandise,27908969.0,Weekly COGS Merchandise,INV-05250811
108223,"Jan 07, 2026",ST-05,COGS - Food,62811290.0,Weekly COGS Food,INV-05260101
108224,2025-09-30,ST-10,COGS - Food,19199134.0,Weekly COGS Food,INV-10250929
108225,"Aug 10, 2025",ST-02,COGS - Food,46405578.0,Weekly COGS Food,INV-02250804
108226,2026-08-16,ST-12,Revenue - Beverage,-24212100.0,Weekly POS sales Beverage,POS-12260810
108227,"Feb 07, 2026",ST-05,COGS - Merchandise,44808474.0,Weekly COGS Merchandise,INV-05260201
108228,2025-08-31,ST-08,Delivery Platform Commission,21663835.0,Delivery aggregator fees,DLV-202508
108229,2026-06-14,ST-12,REVENUE - FOOD,-28024500.0,Weekly POS sales Food,POS-12260608
108230,"Jan 07, 2026",ST-06,COGS - Merchandise,39578812.0,Weekly COGS Merchandise,INV-06260101
108231,"Apr 12, 2026",ST-11,Revenue - Merchandise,-28764700.0,Weekly POS sales Merchandise,POS-11260406
108232,2026-03-22,ST-05,  COGS - Beverage ,21133654.0,Weekly COGS Beverage,INV-05260316
108233,"Apr 07, 2025",ST-08,COGS - Merchandise,13416708.0,Weekly COGS Merchandise,INV-08250401
108234,31/05/2025,ST-02,Payroll - Store Staff,112944085.0,Monthly store payroll,PR-202505
108235,2026-01-31,HQ,Interest Expense,204217000.0,Loan interest,INT-202601
108236,2026-09-27,ST-10,Revenue - Food,-56534400.0,Weekly POS sales Food,POS-10260921
108237,"Nov 09, 2025",ST-05,COGS - Beverage,21881640.0,Weekly COGS Beverage,INV-05251103
108238,"Jan 31, 2025",ST-07,Store Supplies,5526067.0,Packaging & supplies,SUP-202501
108239,"Apr 07, 2026",ST-02,Revenue - Beverage,"-50,834,400",Weekly POS sales Beverage,POS-02260401
108240,2026-08-23,ST-02,Revenue - Food,-82095300.0,Weekly POS sales Food,POS-02260817
108241,"Jul 31, 2025",ST-03,  Store Supplies ,16488428.0,Packaging & supplies,SUP-202507
108242,2025-05-25,ST-02,COGS - Food,"40,677,999",Weekly COGS Food,INV-02250519
108243,2025-01-31,ST-02,Payroll - Store Staff,130130540.0,Monthly store payroll,PR-202501
108244,"Apr 12, 2026",ST-03,COGS - Merchandise,60461824.0,Weekly COGS Merchandise,INV-03260406
108245,30/11/2025,ST-06,Revenue - Merchandise,-51606000.0,Weekly POS sales Merchandise,POS-06251124
108246,2025-04-30,ST-05,Revenue - Food,-69986800.0,Weekly POS sales Food,POS-05250428
108247,"Nov 07, 2025",ST-06,Revenue - Food,-91743000.0,Weekly POS sales Food,POS-06251101
108248,2025-06-30,ST-07,Revenue - Food,-51878400.0,Weekly POS sales Food,POS-07250630
108249,"Aug 09, 2026",ST-07,Revenue - Beverage,-36157200.0,Weekly POS sales Beverage,POS-07260803
108250,"Feb 07, 2026",ST-03,COGS - Beverage,41854103.0,Weekly COGS Beverage,INV-03260201
108251,"Jun 07, 2025",ST-03,COGS - Merchandise,47619616.0,Weekly COGS Merchandise,INV-03250601
108252,30/06/2026,ST-09,Payroll - Store Staff,110360717.0,Monthly store payroll,PR-202606
108253,2026-06-14,ST-06,COGS - FOOD,45959223.0,Weekly COGS Food,INV-06260608
108254,30/09/2026,ST-06,Revenue - Food,-84977600.0,Weekly POS sales Food,POS-06260928
108255,2026-02-15,ST-04,Revenue - Beverage,-60725700.0,Weekly POS sales Beverage,POS-04260209
108256,"May 18, 2025",ST-06,Revenue - Beverage,-38953800.0,Weekly POS sales Beverage,POS-06250512
108257,"Feb 08, 2026",ST-09,COGS - Merchandise,42850419.0,Weekly COGS Merchandise,INV-09260202
108258,2026-04-30,ST-11,COGS - Merchandise,20219217.0,Weekly COGS Merchandise,INV-11260427
108259,2026-08-16,ST-10,Revenue - Food,-54780800.0,Weekly POS sales Food,POS-10260810
108260,"Sep 07, 2026",ST-09,COGS - Food,47319396.0,Weekly COGS Food,INV-09260901
108261,"May 25, 2025",ST-05,COGS - Beverage,16445685.0,Weekly COGS Beverage,INV-05250519
108262,"Aug 31, 2025",ST-09,COGS - Food,38688700.0,Weekly COGS Food,INV-09250825
108263,2025-10-31,ST-06,Store Supplies,7130017.0,Packaging & supplies,SUP-202510
108264,"Aug 23, 2026",ST-02,COGS - Merchandise,44595059.0,Weekly COGS Merchandise,INV-02260817
108265,"Aug 09, 2026",ST-12,COGS - Food,26434008.0,Weekly COGS Food,INV-12260803
108266,"Jun 07, 2025",ST-07,Revenue - Food,-53684400.0,Weekly POS sales Food,POS-07250601
108267,"Jan 07, 2026",ST-02,Revenue - Food,-92460000.0,Weekly POS sales Food,POS-02260101
108268,31/01/2025,ST-02,Utilities,20183199.0,Electricity & water,UTL-202501
108269,2025-09-14,ST-01,Revenue - Merchandise,-69924400.0,Weekly POS sales Merchandise,POS-01250908
108270,"Nov 09, 2025",ST-06,Revenue - Merchandise,-48557200.0,Weekly POS sales Merchandise,POS-06251103
108271,"Jul 07, 2026",ST-08,Revenue - Merchandise,-29924200.0,Weekly POS sales Merchandise,POS-08260701
108272,2026-05-24,ST-07,COGS - Food,29143692.0,Weekly COGS Food,INV-07260518
108273,2025-12-31,ST-01,Revenue - Beverage,-93627600.0,Weekly POS sales Beverage,POS-01251229
108274,28/02/2026,HQ,Interest Expense,171241000.0,Loan interest,INT-202602
108275,20/09/2026,ST-01,Revenue - Beverage,-86995200.0,Weekly POS sales Beverage,POS-01260914
108276,2025-10-19,ST-01,Revenue - Beverage,-74664200.0,Weekly POS sales Beverage,POS-01251013
108277,2026-07-31,ST-02,Payroll - Store Staff,122550760.0,Monthly store payroll,PR-202607
108278,2026-01-31,ST-08,COGS - Food,32719738.0,Weekly COGS Food,INV-08260126
108279,"Apr 30, 2025",ST-07,COGS - Merchandise,20811158.0,Weekly COGS Merchandise,INV-07250428
108280,2025-11-30,ST-03,Revenue - Food,-133920000.0,Weekly POS sales Food,POS-03251124
108281,31/08/2026,ST-07 ,COGS - Beverage,12139219.0,Weekly COGS Beverage,INV-07260831
108282,2026-02-22,,Revenue - Food,-155684700.0,Weekly POS sales Food,POS-01260216
108283,2025-10-31,ST-05,COGS - Food,41799427.0,Weekly COGS Food,INV-05251027
108284,2026-05-31,ST-03,Repairs & Maintenance,6857000.0,R&M,RPM-202605
108285,31/10/2025,ST-09,COGS - Beverage,16955684.0,Weekly COGS Beverage,INV-09251027
108286,30/11/2025,ST-07,COGS - Beverage,12562461.0,Weekly COGS Beverage,INV-07251124
108287,15/03/2026,ST-05,COGS - BEVERAGE,16883782.0,Weekly COGS Beverage,INV-05260309
108288,26/01/2025,ST-02,COGS - Merchandise,37880562.0,Weekly COGS Merchandise,INV-02250120
108289,2025-06-30,ST-02,Repairs & Maintenance,9829000.0,R&M,RPM-202506
108290,2026-09-27,ST-07,COGS - Beverage,13104635.0,Weekly COGS Beverage,INV-07260921
108291,"Sep 07, 2026",ST-11,Revenue - Merchandise,-45024000.0,Weekly POS sales Merchandise,POS-11260901
108292,"Jan 07, 2025",ST-05,COGS - Beverage,21023841.0,Weekly COGS Beverage,INV-05250101
108293,2026-07-19,ST-02,COGS - Beverage,20774484.0,Weekly COGS Beverage,INV-02260713
108294,2025-10-26,ST-06,Revenue - Merchandise,-50691000.0,Weekly POS sales Merchandise,POS-06251020
108295,2026-05-17,ST-09,COGS - Merchandise,31636063.0,Weekly COGS Merchandise,INV-09260511
108296,2025-03-31,ST-09,Repairs & Maintenance,9048000.0,R&M,RPM-202503
108297,18/05/2025,ST-02,COGS - Beverage,17559439.0,Weekly COGS Beverage,INV-02250512
108298,26/10/2025,ST-01,Revenue - Merchandise,-68927400.0,Weekly POS sales Merchandise,POS-01251020
108299,2026-08-16,ST-06,COGS - Beverage,22951132.0,Weekly COGS Beverage,INV-06260810
108300,"May 07, 2026",ST-02,COGS - Merchandise,37649943.0,Weekly COGS Merchandise,INV-02260501
108301,2026-02-15,ST-09,COGS - Beverage,22979461.0,Weekly COGS Beverage,INV-09260209
108302,"Oct 31, 2025",ST-08,Revenue - Merchandise,-32312800.0,Weekly POS sales Merchandise,POS-08251027
108303,"Jun 07, 2026",ST-06,COGS - Food,49735697.0,Weekly COGS Food,INV-06260601
108304,2026-02-28,ST-02,Repairs & Maintenance,15126000.0,R&M,RPM-202602
108305,2025-12-28,ST-02,COGS - Merchandise,31289499.0,Weekly COGS Merchandise,INV-02251222
108306,2026-07-31,ST-01,Utilities,25672577.0,Electricity & water,UTL-202607
108307,"Nov 07, 2025",ST-06,COGS - Food,52781534.0,Weekly COGS Food,INV-06251101
108308,2025-12-28,ST-09,COGS - Food,53782006.0,Weekly COGS Food,INV-09251222
108309,"Apr 07, 2026",ST-07,Revenue - Merchandise,-29229200.0,Weekly POS sales Merchandise,POS-07260401
108310,2025-08-31,ST-03,Delivery Platform Commission,55958991.0,Delivery aggregator fees,DLV-202508
108311,"Mar 07, 2025",ST-07,Revenue - Food,-42427800.0,Weekly POS sales Food,POS-07250301
108312,27/09/2026,ST-04,COGS - Beverage,20018936.0,Weekly COGS Beverage,INV-04260921
108313,2026-09-27,ST-08,COGS - Food,32902199.0,Weekly COGS Food,INV-08260921
108314,27/09/2026,ST-01,Revenue - Beverage,-83175900.0,Weekly POS sales Beverage,POS-01260921
108315,2026-06-21,ST-02,Revenue - Beverage,-54386400.0,Weekly POS sales Beverage,POS-02260615
108316,"Aug 07, 2026",ST-07,COGS - Merchandise,23847930.0,Weekly COGS Merchandise,INV-07260801
108317,31/08/2025,ST-08,Repairs & Maintenance,6315000.0,R&M,RPM-202508
108318,2025-04-13,ST-05,Revenue - Merchandise,-43284900.0,Weekly POS sales Merchandise,POS-05250407
108319,"Jan 12, 2025",ST-04,Revenue - Merchandise,-55103500.0,Weekly POS sales Merchandise,POS-04250106
108320,"Nov 07, 2025",ST-03,COGS - Merchandise,55899336.0,Weekly COGS Merchandise,INV-03251101
108321,2025-01-26,ST-04,COGS - Merchandise,36186281.0,Weekly COGS Merchandise,INV-04250120
108322,23/02/2025,ST-02,COGS - Food,60095020.0,Weekly COGS Food,INV-02250217
108323,2026-04-26,ST-04,COGS - FOOD,37062299.0,Weekly COGS Food,INV-04260420
108324,2026-06-30,ST-05,Revenue - Food,-85180800.0,Weekly POS sales Food,POS-05260629
108325,"Mar 09, 2025",ST-05,COGS - Food,44971224.0,Weekly COGS Food,INV-05250303
108326,"Feb 23, 2025",ST-05,COGS - Beverage,22358405.0,Weekly COGS Beverage,INV-05250217
108327,2025-09-30,ST-01,Marketing - Local,13454160.0,Local store marketing,MKT-202509
108328,2025-09-30,ST-10,Payroll - Store Staff,38906408.0,Monthly store payroll,PR-202509
108329,"May 31, 2025",ST-09,Depreciation - Store Assets,28000000.0,Monthly depreciation,DEP-202505
108330,2026-09-27,ST-02,Revenue - Beverage,-62292000.0,Weekly POS sales Beverage,POS-02260921
108331,"Jul 07, 2025",ST-07,COGS - Food,31882161.0,Weekly COGS Food,INV-07250701
108332,2026-01-31,ST-01,COGS - Food,97545540.0,Weekly COGS Food,INV-01260126
108333,"Aug 31, 2026",ST-08,Revenue - Merchandise,-32111000.0,Weekly POS sales Merchandise,POS-08260831
108334,2025-03-31,ST-02,COGS - Merchandise,30823623.0,Weekly COGS Merchandise,INV-02250331
108335,"Oct 26, 2025",ST-10,COGS - Food,19832060.0,Weekly COGS Food,INV-10251020
108336,2026-09-27,ST-04,Revenue - Food,-94459000.0,Weekly POS sales Food,POS-04260921
108337,"Aug 10, 2025",ST-04,COGS - Food,35293823.0,Weekly COGS Food,INV-04250804
108338,2025-11-30,ST-03,Rent Expense,105452000.0,Store rent,RNT-202511
108339,16/08/2026,ST-07,COGS - Beverage,12146628.0,Weekly COGS Beverage,INV-07260810
108340,2026-09-27,ST-06,Revenue - Food,-79477200.0,Weekly POS sales Food,POS-06260921
108341,2026-03-29,ST-11,Revenue - Food,-44575200.0,Weekly POS sales Food,POS-11260323
108342,2025-11-30,ST-06,COGS - Food,49712944.0,Weekly COGS Food,INV-06251124
108343,2025-10-31,ST-01,Depreciation - Store Assets,43400000.0,Monthly depreciation,DEP-202510
108344,"Aug 07, 2026",ST-11,Revenue - Food,-64327200.0,Weekly POS sales Food,POS-11260801
108345,20/07/2025,ST-04,COGS - Beverage,21580013.0,Weekly COGS Beverage,INV-04250714
108346,"Aug 10, 2025",ST-10,Revenue - Beverage,-14530400.0,Weekly POS sales Beverage,POS-10250804
108347,31/08/2026,ST-04,Revenue - Merchandise,-51624000.0,Weekly POS sales Merchandise,POS-04260831
108348,"Jul 07, 2026",ST-05,COGS - Food,58989559.0,Weekly COGS Food,INV-05260701
108349,2025-04-30,ST-03,COGS - Beverage,27105852.0,Weekly COGS Beverage,INV-03250428
108350,30/06/2025,HQ,Professional Fees,13397000.0,Audit/legal/consulting,PRF-202506
108351,2026-05-24,ST-06,COGS - Merchandise,35076643.0,Weekly COGS Merchandise,INV-06260518
108352,28/02/2025,HQ,Payroll - Head Office,312474000.0,HO payroll,PR-HO-202502
108353,2025-06-30,ST-06,Revenue - Merchandise,-50313000.0,Weekly POS sales Merchandise,POS-06250630
108354,30/04/2025,ST-06,Revenue - Beverage,-47677800.0,Weekly POS sales Beverage,POS-06250428
108355,31/03/2026,HQ,Payroll - Head Office,303003000.0,HO payroll,PR-HO-202603
108356,"Jan 07, 2026",ST-09,COGS - Merchandise,42666543.0,Weekly COGS Merchandise,INV-09260101
108357,"Feb 09, 2025",ST-02,Revenue - Beverage,-65448000.0,Weekly POS sales Beverage,POS-02250203
108358,2025-08-31,ST-06 ,Revenue - Merchandise,-46696000.0,Weekly POS sales Merchandise,POS-06250825
108359,2026-09-30,ST-05,Delivery Platform Commission,56376742.0,Delivery aggregator fees,DLV-202609
108360,22/06/2025,ST-03,Revenue - Beverage,-81807000.0,Weekly POS sales Beverage,POS-03250616
108361,"Mar 31, 2026",ST-06,COGS - Merchandise,37337561.0,Weekly COGS Merchandise,INV-06260330
108362,31/07/2025,ST-05,COGS - Merchandise,33771289.0,Weekly COGS Merchandise,INV-05250728
108363,2026-04-26,ST-11,COGS - Merchandise,22259987.0,Weekly COGS Merchandise,INV-11260420
108364,"Mar 07, 2026",ST-01,Revenue - Food,-120660000.0,Weekly POS sales Food,POS-01260301
108365,"Mar 31, 2026",ST-11,Depreciation - Store Assets,28000000.0,Monthly depreciation,DEP-202603
108366,31/10/2025,ST-04,Revenue - Beverage,-44815500.0,Weekly POS sales Beverage,POS-04251027
108367,31/03/2025,ST-06,Payroll - Store Staff,125054108.0,Monthly store payroll,PR-202503
108368,2025-06-29,ST-01,COGS - Beverage,30306576.0,Weekly COGS Beverage,INV-01250623
108369,"Aug 10, 2025",ST-07,Revenue - Food,-48676000.0,Weekly POS sales Food,POS-07250804
108370,"Sep 14, 2025",ST-08,Revenue - Beverage,-31511200.0,Weekly POS sales Beverage,POS-08250908
108371,2025-12-28,ST-07,COGS - Food,31154006.0,Weekly COGS Food,INV-07251222
108372,2026-02-28,ST-04,Revenue - Merchandise,-64921500.0,Weekly POS sales Merchandise,POS-04260223
108373,31/08/2025,ST-03,Revenue - Merchandise,-68325000.0,Weekly POS sales Merchandise,POS-03250825
108374,"Sep 28, 2025",ST-01,COGS - Beverage,28739867.0,Weekly COGS Beverage,INV-01250922
108375,20/07/2025,ST-04,Revenue - Merchandise,-54339000.0,Weekly POS sales Merchandise,POS-04250714
108376,2025-07-31,ST-02,Depreciation - Store Assets,28000000.0,Monthly depreciation,DEP-202507
108377,"Apr 12, 2026",ST-07,Revenue - Beverage,-33656700.0,Weekly POS sales Beverage,POS-07260406
108378,"Oct 07, 2025",ST-04,Revenue - Food,-73616400.0,Weekly POS sales Food,POS-04251001
108379,2025-07-31,ST-8,Delivery Platform Commission,23771138.0,Delivery aggregator fees,DLV-202507
108380,"Mar 31, 2026",ST-05,  COGS - Beverage ,18391870.0,Weekly COGS Beverage,INV-05260330
108381,2026-04-26,ST-04,COGS - Merchandise,39014723.0,Weekly COGS Merchandise,INV-04260420
108382,"Dec 14, 2025",ST-10,COGS - Beverage,11236387.0,Weekly COGS Beverage,INV-10251208
108383,2026-01-25,ST-03,COGS - Beverage,45240985.0,Weekly COGS Beverage,INV-03260119
108384,2025-10-31,ST-06,COGS - Food,45499123.0,Weekly COGS Food,INV-06251027
108385,30/04/2026,ST-11,Marketing - Local,7335664.0,Local store marketing,MKT-202604
108386,"Jan 11, 2026",ST-09,COGS - Beverage,27094380.0,Weekly COGS Beverage,INV-09260105
108387,"Apr 12, 2026",ST-01,COGS - Beverage,25781193.0,Weekly COGS Beverage,INV-01260406
108388,2026-01-31,ST-10,Repairs & Maintenance,13667000.0,R&M,RPM-202601
108389,31/12/2025,ST-05,Payroll - Store Staff,130469262.0,Monthly store payroll,PR-202512
108390,2025-02-28,ST-02,Store Supplies,10320443.0,Packaging & supplies,SUP-202502
108391,2025-07-31,ST-04,Rent Expense,69311000.0,Store rent,RNT-202507
108392,2026-08-31,ST-12,COGS - Beverage,10169350.0,Weekly COGS Beverage,INV-12260831
108393,18/01/2026,ST-05,Revenue - Merchandise,-54708400.0,Weekly POS sales Merchandise,POS-05260112
108394,25/05/2025,ST-04,Revenue - Beverage,-48183200.0,Weekly POS sales Beverage,POS-04250519
108395,"Sep 07, 2026",ST-08,COGS - Beverage,13039058.0,Weekly COGS Beverage,INV-08260901
108396,2026-09-20,ST-05,Revenue - Merchandise,-51648000.0,Weekly POS sales Merchandise,POS-05260914
108397,"Jul 31, 2026",ST-07,Repairs & Maintenance,9845000.0,R&M,RPM-202607
108398,31/12/2025,ST-01,Revenue - Food,-144765600.0,Weekly POS sales Food,POS-01251229
108399,2025-11-16,ST-02,COGS - Merchandise,27527517.0,Weekly COGS Merchandise,INV-02251110
108400,"Aug 23, 2026",ST-02,Revenue - Merchandise,-61047000.0,Weekly POS sales Merchandise,POS-02260817
108401,2026-02-28,ST-01,Rent Expense,103620000.0,Store rent,RNT-202602
108402,"Jul 12, 2026",ST-05,COGS - Food,48735415.0,Weekly COGS Food,INV-05260706
108403,2026-01-18,ST-02,COGS - Merchandise,37212722.0,Weekly COGS Merchandise,INV-02260112
108404,"Jun 22, 2025",ST-07,COGS - Merchandise,21768904.0,Weekly COGS Merchandise,INV-07250616
108405,2026-03-29,ST-11,Revenue - Beverage,-28492000.0,Weekly POS sales Beverage,POS-11260323
108406,"Aug 07, 2025",ST-01,Revenue - Food,-134729500.0,Weekly POS sales Food,POS-01250801
108407,"Jun 08, 2025",ST-05,Revenue - Food,-64233300.0,Weekly POS sales Food,POS-05250602
108408,2026-02-28,ST-11,COGS - Food,33184158.0,Weekly COGS Food,INV-11260223
108409,2025-06-30,ST-06,COGS - Food,44749717.0,Weekly COGS Food,INV-06250630
108410,"May 07, 2025",ST-06,COGS - Food,47648211.0,Weekly COGS Food,INV-06250501
108411,2026-07-31,ST-07,Revenue - Beverage,-31484700.0,Weekly POS sales Beverage,POS-07260727
108412,"Jan 31, 2025",ST-03,Revenue - Merchandise,-85274200.0,Weekly POS sales Merchandise,POS-03250127
108413,2025-03-31,ST-04,Marketing - Local,13061954.0,Local store marketing,MKT-202503
108414,2025-12-21,ST-09,Revenue - Beverage,-59369100.0,Weekly POS sales Beverage,POS-09251215
108415,2026-06-30,ST-04,Marketing - Local,14593311.0,Local store marketing,MKT-202606
108416,"Nov 30, 2025",ST-09,Rent Expense,70101000.0,Store rent,RNT-202511
108417,"Jan 07, 2025",ST-01,COGS - Merchandise,54142020.0,Weekly COGS Merchandise,INV-01250101
108418,"May 07, 2025",ST-04,Revenue - Merchandise,-45059700.0,Weekly POS sales Merchandise,POS-04250501
108419,"May 07, 2026",ST-06,COGS - Beverage,20479180.0,Weekly COGS Beverage,INV-06260501
108420,2025-12-31,ST-07,RENT EXPENSE,41688000.0,Store rent,RNT-202512
108421,"Mar 08, 2026",ST-10,Revenue - Beverage,-26881200.0,Weekly POS sales Beverage,POS-10260302
108422,2026-07-31,ST-06,Utilities,18510902.0,Electricity & water,UTL-202607
108423,"Jun 08, 2025",ST-05,COGS - Food,39378001.0,Weekly COGS Food,INV-05250602
108424,2026-05-17,ST-06,COGS - Merchandise,37770453.0,Weekly COGS Merchandise,INV-06260511
108425,2025-12-14,ST-05,COGS - Merchandise,44817402.0,Weekly COGS Merchandise,INV-05251208
108426,22/03/2026,ST-05,COGS - Food,45282427.0,Weekly COGS Food,INV-05260316
108427,2025-07-27,ST-08,COGS - Food,25722617.0,Weekly COGS Food,INV-08250721
108428,"Jun 07, 2025",ST-01,Revenue - Merchandise,-70798000.0,Weekly POS sales Merchandise,POS-01250601
108429,26/10/2025,ST-08,COGS - Food,30224637.0,Weekly COGS Food,INV-08251020
108430,2026-09-30,ST-07,COGS - Beverage,13217779.0,Weekly COGS Beverage,INV-07260928
108431,"Mar 16, 2025",ST-04,COGS - Merchandise,28012469.0,Weekly COGS Merchandise,INV-04250310
108432,2026-08-23,ST-11,Revenue - Food,-69548600.0,Weekly POS sales Food,POS-11260817
108433,30/06/2025,ST-09,COGS - Merchandise,20459334.0,Weekly COGS Merchandise,INV-09250630
108434,"May 11, 2025",ST-04,COGS - Beverage,19406875.0,Weekly COGS Beverage,INV-04250505
108435,"Jul 07, 2026",ST-10,Revenue - Beverage,-33562000.0,Weekly POS sales Beverage,POS-10260701
108436,2025-07-20,ST-01,Revenue - Merchandise,-70283400.0,Weekly POS sales Merchandise,POS-01250714
108437,"Jun 08, 2025",ST-02,Revenue - Beverage,-55027500.0,Weekly POS sales Beverage,POS-02250602
108438,"Feb 28, 2026",HQ,Depreciation - HO Assets,45536000.0,HO depreciation,DEP-HO-202602
108439,"Aug 23, 2026",ST-03,Revenue - Merchandise,-88099900.0,Weekly POS sales Merchandise,POS-03260817
108440,"Nov 30, 2025",ST-04,Rent Expense,69775000.0,Store rent,RNT-202511
108441,2026-01-31,ST-09,COGS - Merchandise,49747683.0,Weekly COGS Merchandise,INV-09260126
108442,2026-09-27,ST-03,COGS - Beverage,27338370.0,Weekly COGS Beverage,INV-03260921
108443,2025-12-31,ST-09,COGS - Beverage,26273413.0,Weekly COGS Beverage,INV-09251229
108444,2025-06-29,ST-07,COGS - Merchandise,26021221.0,Weekly COGS Merchandise,INV-07250623
108445,2026-05-31,ST-09,Delivery Platform Commission,42692322.0,Delivery aggregator fees,DLV-202605
108446,31/05/2025,ST-01,Revenue - Merchandise,-69235800.0,Weekly POS sales Merchandise,POS-01250526
108447,21/06/2026,ST-04,Revenue - Food,-92156400.0,Weekly POS sales Food,POS-04260615
108448,2025-10-26,ST-07,COGS - Food,25296273.0,Weekly COGS Food,INV-07251020
108449,2026-08-23,ST-10,Revenue - Food,-51009900.0,Weekly POS sales Food,POS-10260817
108450,"Apr 07, 2026",ST-06,COGS - Merchandise,32020622.0,Weekly COGS Merchandise,INV-06260401
108451,2025-09-28,ST-09,COGS - Food,41528689.0,Weekly COGS Food,INV-09250922
108452,2026-03-31,ST-05,Store Supplies,"9,588,351",Packaging & supplies,SUP-202603
108453,2025-10-19,ST-07,Revenue - Beverage,-29879200.0,Weekly POS sales Beverage,POS-07251013
108454,"Mar 08, 2026",ST-01,COGS - Beverage,21202297.0,Weekly COGS Beverage,INV-01260302
108455,"Aug 10, 2025",ST-04,Revenue - Food,-62720000.0,Weekly POS sales Food,POS-04250804
108456,31/05/2026,ST-10,Repairs & Maintenance,9165000.0,R&M,RPM-202605
108457,"Dec 07, 2025",ST-03,Revenue - Beverage,-81640000.0,Weekly POS sales Beverage,POS-03251201
108458,2025-08-17,ST-10,COGS - Beverage,6287673.0,Weekly COGS Beverage,INV-10250811
108459,"Jan 07, 2025",ST-04,COGS - Beverage,21457030.0,Weekly COGS Beverage,INV-04250101
108460,2025-03-31,ST-03,Delivery Platform Commission,73506311.0,Delivery aggregator fees,DLV-202503
108461,2025-04-13,ST-01,COGS - Beverage,29173971.0,Weekly COGS Beverage,INV-01250407
108462,"Jan 07, 2026",ST-07,COGS - Beverage,14595789.0,Weekly COGS Beverage,INV-07260101
108463,2025-09-21,ST-07,Revenue - Merchandise,-23095500.0,Weekly POS sales Merchandise,POS-07250915
108464,"Feb 07, 2025",ST-02,Revenue - Beverage,-64577700.0,Weekly POS sales Beverage,POS-02250201
108465,28/09/2025,ST-10,COGS - Beverage,7212911.0,Weekly COGS Beverage,INV-10250922
108466,"Sep 13, 2026",ST-03,Revenue - Merchandise,-81916800.0,Weekly POS sales Merchandise,POS-03260907
108467,31/08/2025,ST-09,Marketing - Local,9561818.0,Local store marketing,MKT-202508
108468,2026-06-30,ST-10,Revenue - Merchandise,"-34,448,700",Weekly POS sales Merchandise,POS-10260629
108469,"Feb 07, 2025",ST-01,COGS - Food,84374169.0,Weekly COGS Food,INV-01250201
108470,2026-05-31,ST-02,Depreciation - Store Assets,28000000.0,Monthly depreciation,DEP-202605
108471,2025-06-30,HQ,Marketing - Brand,119487673.0,Brand campaigns,MKT-HO-202506
108472,"May 11, 2025",ST-04,Revenue - Food,"-66,990,300",Weekly POS sales Food,POS-04250505
108473,"Sep 07, 2026",ST-12,Revenue - Food,-32717300.0,Weekly POS sales Food,POS-12260901
108474,30/08/2026,ST-01,COGS - Merchandise,45746877.0,Weekly COGS Merchandise,INV-01260824
108475,2025-12-21,ST-03,COGS - Merchandise,65873088.0,Weekly COGS Merchandise,INV-03251215
108476,2025-07-20,ST-05,COGS - Food,49807114.0,Weekly COGS Food,INV-05250714
108477,2026-07-31,ST-06,Marketing - Local,8315868.0,Local store marketing,MKT-202607
108478,"Sep 07, 2025",ST-03,Revenue - Merchandise,-65399400.0,Weekly POS sales Merchandise,POS-03250901
108479,"Feb 07, 2026",ST-10,Revenue - Food,-54266000.0,Weekly POS sales Food,POS-10260201
108480,2026-02-28,ST-08,Revenue - Food,-84674100.0,Weekly POS sales Food,POS-08260223
108481,"Mar 07, 2026",ST-06,COGS - Food,38966527.0,Weekly COGS Food,INV-06260301
108482,2026-01-31,ST-03,Store Supplies,12707208.0,Packaging & supplies,SUP-202601
108483,"Feb 08, 2026",ST-06,Revenue - Food,-83586600.0,Weekly POS sales Food,POS-06260202
108484,"Mar 07, 2025",ST-02,Revenue - Merchandise,-40471200.0,Weekly POS sales Merchandise,POS-02250301
108485,2025-03-31,ST-06,Rent Expense,69915000.0,Store rent,RNT-202503
108486,"Apr 12, 2026",ST-10,Revenue - Food,-45447900.0,Weekly POS sales Food,POS-10260406
108487,"Jan 31, 2026",HQ,Bank Charges,12117000.0,Bank fees,BNK-202601
108488,31/01/2025,ST-07,Utilities,9686696.0,Electricity & water,UTL-202501
108489,2026-07-31,ST-08,COGS - Food,30005890.0,Weekly COGS Food,INV-08260727
108490,"Jan 07, 2026",ST-06,Revenue - Beverage,-62753600.0,Weekly POS sales Beverage,POS-06260101
108491,2026-09-30,ST-07,Rent Expense,43742000.0,Store rent,RNT-202609
108492,"Jul 07, 2025",ST-02,Revenue - Beverage,-52796000.0,Weekly POS sales Beverage,POS-02250701
108493,2026-05-24,ST-06,COGS - Food,50164681.0,Weekly COGS Food,INV-06260518
108494,"Aug 30, 2026",ST-01,COGS - Beverage,31124792.0,Weekly COGS Beverage,INV-01260824
108495,"Apr 12, 2026",ST-08,Revenue - Food,-47406700.0,Weekly POS sales Food,POS-08260406
108496,2025-03-30,ST-09,COGS - Merchandise,17922282.0,Weekly COGS Merchandise,INV-09250324
108497,2026-03-31,ST-11,Payroll - Store Staff,68170190.0,Monthly store payroll,PR-202603
108498,2026-09-30,ST-12 ,Utilities,7352619.0,Electricity & water,UTL-202609
108499,27/09/2026,ST-04,COGS - Merchandise,41412328.0,Weekly COGS Merchandise,INV-04260921
108500,2026-06-30,ST-06,Repairs & Maintenance,9670000.0,R&M,RPM-202606
108501,13/07/2025,ST-09,COGS - Merchandise,26254778.0,Weekly COGS Merchandise,INV-09250707
108502,2025-10-26,ST-09,Revenue - Merchandise,-38892000.0,Weekly POS sales Merchandise,POS-09251020
108503,30/06/2025,ST-06,Revenue - Beverage,-49239300.0,Weekly POS sales Beverage,POS-06250630
108504,"Aug 07, 2025",ST-02,Revenue - Food,-77933400.0,Weekly POS sales Food,POS-02250801
108505,"Apr 07, 2025",ST-05,Revenue - Food,-74088600.0,Weekly POS sales Food,POS-05250401
108506,"Jun 29, 2025",ST-03,REVENUE - MERCHANDISE,-77361600.0,Weekly POS sales Merchandise,POS-03250623
108507,2025-09-30,ST-06,COGS - Beverage,"17,427,274",Weekly COGS Beverage,INV-06250929
108508,31/07/2026,ST-12,Revenue - Beverage,-24532900.0,Weekly POS sales Beverage,POS-12260727
108509,"May 07, 2025",ST-08,Revenue - Merchandise,-23444200.0,Weekly POS sales Merchandise,POS-08250501
108510,2026-01-18,ST-05,COGS - Beverage,26732206.0,Weekly COGS Beverage,INV-05260112
108511,"Apr 07, 2026",ST-10,Revenue - Beverage,-31550400.0,Weekly POS sales Beverage,POS-10260401
108512,2025-04-30,ST-03,Revenue - Merchandise,-77377500.0,Weekly POS sales Merchandise,POS-03250428
108513,"May 10, 2026",ST-12,Revenue - Merchandise,-14867800.0,Weekly POS sales Merchandise,POS-12260504
108514,"Sep 30, 2026",ST-04,Payroll - Store Staff,99608139.0,Monthly store payroll,PR-202609
108515,2026-08-23,ST-11,COGS - Merchandise,27803126.0,Weekly COGS Merchandise,INV-11260817
108516,"Feb 08, 2026",ST-06,Revenue - Beverage,-65232400.0,Weekly POS sales Beverage,POS-06260202
108517,2026-03-15,ST-01,Revenue - Beverage,-79746500.0,Weekly POS sales Beverage,POS-01260309
108518,2026-01-25,ST-05,COGS - Beverage,25333544.0,Weekly COGS Beverage,INV-05260119
108519,"Jun 07, 2026",ST-06,Revenue - Merchandise,-52809400.0,Weekly POS sales Merchandise,POS-06260601
108520,2026-06-28,ST-06,Revenue - Merchandise,-49883400.0,Weekly POS sales Merchandise,POS-06260622
108521,2026-02-28,ST-02,Revenue - Food,-118211200.0,Weekly POS sales Food,POS-02260223
108522,26/07/2026,ST-01,Revenue - Food,-134880000.0,Weekly POS sales Food,POS-01260720
108523,"Sep 07, 2025",ST-09,COGS - Food,34614542.0,Weekly COGS Food,INV-09250901
108524,2025-04-13,ST-08,COGS - Merchandise,15435369.0,Weekly COGS Merchandise,INV-08250407
108525,"Feb 07, 2026",ST-04,Revenue - Merchandise,-55479600.0,Weekly POS sales Merchandise,POS-04260201
108526,2026-03-29,ST-09,Revenue - Food,-66092000.0,Weekly POS sales Food,POS-09260323
108527,2025-06-15,ST-01,COGS - Food,78971666.0,Weekly COGS Food,INV-01250609
108528,2026-03-15,ST-05,COGS - Merchandise,37041603.0,Weekly COGS Merchandise,INV-05260309
108529,30/06/2026,ST-02,Revenue - Food,-79538900.0,Weekly POS sales Food,POS-02260629
108530,"Jan 11, 2026",ST-04,Revenue - Beverage,-62198600.0,Weekly POS sales Beverage,POS-04260105
108531,31/10/2025,ST-08,Rent Expense,41563000.0,Store rent,RNT-202510
108532,2026-01-31,ST-06,Revenue - Merchandise,-51782400.0,Weekly POS sales Merchandise,POS-06260126
108533,2026-01-25,ST-10,Revenue - Merchandise,-26493400.0,Weekly POS sales Merchandise,POS-10260119
108534,"Jan 31, 2025",ST-06,Store Supplies,8642544.0,Packaging & supplies,SUP-202501
108535,"Apr 30, 2026",ST-02,COGS - Beverage,19035081.0,Weekly COGS Beverage,INV-02260427
108536,2026-05-17,ST-04,COGS - Food,53544178.0,Weekly COGS Food,INV-04260511
108537,2025-08-31,ST-01,COGS - Food,76139435.0,Weekly COGS Food,INV-01250825
108538,"Dec 28, 2025",ST-01,Revenue - Merchandise,-83714400.0,Weekly POS sales Merchandise,POS-01251222
108539,"May 07, 2025",ST-04,COGS - Merchandise,32204737.0,Weekly COGS Merchandise,INV-04250501
108540,30/09/2026,ST-03,Store Supplies,11876297.0,Packaging & supplies,SUP-202609
108541,2025-02-16,ST-08,Revenue - Merchandise,-23617400.0,Weekly POS sales Merchandise,POS-08250210
108542,"Feb 16, 2025",ST-01,Revenue - Beverage,-97614000.0,Weekly POS sales Beverage,POS-01250210
108543,"Mar 22, 2026",ST-11,Revenue - Beverage,-29241000.0,Weekly POS sales Beverage,POS-11260316
108544,"Sep 21, 2025",ST-03,Revenue - Beverage,-87711000.0,Weekly POS sales Beverage,POS-03250915
108545,2025-04-27,ST-04,Revenue - Food,-68502900.0,Weekly POS sales Food,POS-04250421
108546,2025-03-31,ST-02,COGS - Beverage,16273509.0,Weekly COGS Beverage,INV-02250331
108547,2026-06-28,ST-01,Revenue - Merchandise,-88206000.0,Weekly POS sales Merchandise,POS-01260622
108548,2025-04-27,ST-03,  Revenue - Beverage ,-66460800.0,Weekly POS sales Beverage,POS-03250421
108549,31/03/2026,ST-11,RENT EXPENSE,67630000.0,Store rent,RNT-202603
108550,2025-07-31,ST-03,Delivery Platform Commission,66722912.0,Delivery aggregator fees,DLV-202507
108551,"Jan 11, 2026",ST-08,Revenue - Food,-63374200.0,Weekly POS sales Food,POS-08260105
108552,31/05/2026,ST-02,Revenue - Food,-82877900.0,Weekly POS sales Food,POS-02260525
108553,2025-08-31,HQ,Office Rent & Admin,123977000.0,HO rent & admin,ADM-202508
108554,"Jun 07, 2026",ST-12,Revenue - Merchandise,-16547400.0,Weekly POS sales Merchandise,POS-12260601
108555,"Feb 07, 2026",,COGS - Beverage,15944334.0,Weekly COGS Beverage,INV-07260201
108556,2026-06-28,ST-04,Revenue - Merchandise,"-50,409,600",Weekly POS sales Merchandise,POS-04260622
108557,"Nov 07, 2025",ST-10,COGS - Food,20791624.0,Weekly COGS Food,INV-10251101
108558,"Feb 07, 2026",ST-01,COGS - Food,94906891.0,Weekly COGS Food,INV-01260201
108559,2025-06-22,ST-06,COGS - Food,43108591.0,Weekly COGS Food,INV-06250616
108560,2025-09-30,ST-02,Store Supplies,7278914.0,Packaging & supplies,SUP-202509
108561,2025-06-29,ST-06 ,Revenue - Beverage,-56032000.0,Weekly POS sales Beverage,POS-06250623
108562,2026-01-18,ST-09,  Revenue - Beverage ,-62123000.0,Weekly POS sales Beverage,POS-09260112
108563,26/01/2025,ST-07,Revenue - Merchandise,-27785500.0,Weekly POS sales Merchandise,POS-07250120
108564,2026-04-19,ST-02,COGS - Beverage,18819967.0,Weekly COGS Beverage,INV-02260413
108565,2025-10-31,ST-10,Marketing - Local,5840197.0,Local store marketing,MKT-202510
108566,"Apr 30, 2026",ST-05,Utilities,16561654.0,Electricity & water,UTL-202604
108567,2025-12-14,ST-09,Revenue - Food,-96727400.0,Weekly POS sales Food,POS-09251208
108568,"Jul 07, 2026",ST-10,Revenue - Merchandise,-29942100.0,Weekly POS sales Merchandise,POS-10260701
108569,"Aug 07, 2026",ST-01,Revenue - Food,-146588800.0,Weekly POS sales Food,POS-01260801
108570,30/04/2026,ST-03,Rent Expense,101382000.0,Store rent,RNT-202604
108571,30/09/2026,ST-08,Utilities,12354357.0,Electricity & water,UTL-202609
108572,"Dec 28, 2025",ST-04,Revenue - Food,-110304000.0,Weekly POS sales Food,POS-04251222
108573,"Jul 12, 2026",ST-01,COGS - Food,77013305.0,Weekly COGS Food,INV-01260706
108574,2025-12-31,ST-01,Marketing - Local,19777106.0,Local store marketing,MKT-202512
108575,2026-04-30,HQ,Interest Expense,187137000.0,Loan interest,INT-202604
108576,"May 07, 2026",ST-08,COGS - Food,29687242.0,Weekly COGS Food,INV-08260501
108577,31/07/2026,ST-10,Revenue - Beverage,"-37,100,800",Weekly POS sales Beverage,POS-10260727
108578,"May 10, 2026",ST-02,Revenue - Beverage,-63729400.0,Weekly POS sales Beverage,POS-02260504
108579,"May 31, 2026",ST-09,Depreciation - Store Assets,28000000.0,Monthly depreciation,DEP-202605
108580,2026-01-31,ST-05,Marketing - Local,13925912.0,Local store marketing,MKT-202601
